time,step,surface,wing_uid,segment_uid,station_id,half,span_index,span_coordinate,span_coordinate_absolute,min_span_edge,max_span_edge,local_chord,spanwise_station_width,circulation,circulation_magnitude,relative_speed,section_lift_coefficient_from_circulation,lift_per_span,drag_per_span,section_lift_coefficient,section_force_x,section_force_y,section_force_z,span_coordinate_normalized
0.0,0,blade_0,blade_0_RotorFlow_OpenVSP_Blade_0,RotorFlow_OpenVSP_Blade_0_segment_0,blade_0_RotorFlow_OpenVSP_Blade_0:RotorFlow_OpenVSP_Blade_0_segment_0:orig:0,orig,0,1.1065503358840942,1.1065503358840942,0.9848408102989197,1.2279489040374756,0.593801736831665,0.22774314880371094,-1.342095971107483,1.342095971107483,4.042449474334717,1.118220640345803,-9.668003525874559,0.6630270753247406,-0.5424917818759812,0.15099987387657166,-0.15888148546218872,-2.2018215656280518,-0.9514419920838167
0.0,0,blade_0,blade_0_RotorFlow_OpenVSP_Blade_0,RotorFlow_OpenVSP_Blade_0_segment_1,blade_0_RotorFlow_OpenVSP_Blade_0:RotorFlow_OpenVSP_Blade_0_segment_1:orig:0,orig,0,1.3330210447311401,1.3330210447311401,1.2117726802825928,1.454651117324829,0.5826796293258667,0.22755290567874908,-1.5650498867034912,1.5650498867034912,4.093128681182861,1.3124203248174096,-11.986419325174285,0.32223796539504074,-0.685421082236884,0.07332618534564972,-0.009120525792241096,-2.7275445461273193,-0.8610877949073384
0.0,0,blade_0,blade_0_RotorFlow_OpenVSP_Blade_0,RotorFlow_OpenVSP_Blade_0_segment_2,blade_0_RotorFlow_OpenVSP_Blade_0:RotorFlow_OpenVSP_Blade_0_segment_2:orig:0,orig,0,1.559914231300354,1.559914231300354,1.4389476776123047,1.6815820932388306,0.5714343786239624,0.22746294736862183,-1.6378601789474487,1.6378601789474487,4.055667400360107,1.4134424260808132,-13.092541654711042,0.11580936639768145,-0.7634057493822147,0.02634233981370926,0.0960051566362381,-2.9780681133270264,-0.7705650433266028
0.0,0,blade_0,blade_0_RotorFlow_OpenVSP_Blade_0,RotorFlow_OpenVSP_Blade_0_segment_3,blade_0_RotorFlow_OpenVSP_Blade_0:RotorFlow_OpenVSP_Blade_0_segment_3:orig:0,orig,0,1.7870110273361206,1.7870110273361206,1.6662507057189941,1.908625602722168,0.5601329803466797,0.22741764783859253,-1.6575924158096313,1.6575924158096313,4.006426811218262,1.4772683342111037,-13.590209242196499,0.022227413125895212,-0.8084121384314308,0.005054906010627747,0.15893997251987457,-3.090653419494629,-0.6799610584155988
0.0,0,blade_0,blade_0_RotorFlow_OpenVSP_Blade_0,RotorFlow_OpenVSP_Blade_0_segment_4,blade_0_RotorFlow_OpenVSP_Blade_0:RotorFlow_OpenVSP_Blade_0_segment_4:orig:0,orig,0,2.014214038848877,2.014214038848877,1.8936259746551514,2.135728597640991,0.5488040447235107,0.22739332914352417,-1.6538069248199463,1.6538069248199463,3.9618918895721436,1.5212299868057848,-13.764447800762616,-0.01568157315793571,-0.8356786686206276,-0.0035658851265907288,0.19569122791290283,-3.129943609237671,-0.5893146971010415
0.0,0,blade_0,blade_0_RotorFlow_OpenVSP_Blade_0,RotorFlow_OpenVSP_Blade_0_segment_5,blade_0_RotorFlow_OpenVSP_Blade_0:RotorFlow_OpenVSP_Blade_0_segment_5:orig:0,orig,0,2.2414753437042236,2.2414753437042236,2.1210436820983887,2.3628642559051514,0.5374608635902405,0.2273791879415512,-1.6382474899291992,1.6382474899291992,3.9253556728363037,1.5530435969064762,-13.761540593423268,-0.02867399179731989,-0.8531355451910452,-0.006519868969917297,0.21689888834953308,-3.1290879249572754,-0.49864507870305236
0.0,0,blade_0,blade_0_RotorFlow_OpenVSP_Blade_0,RotorFlow_OpenVSP_Blade_0_segment_6,blade_0_RotorFlow_OpenVSP_Blade_0:RotorFlow_OpenVSP_Blade_0_segment_6:orig:0,orig,0,2.468770980834961,2.468770980834961,2.348487615585327,2.590019702911377,0.5261097550392151,0.22737132012844086,-1.6162452697753906,1.6162452697753906,3.896461248397827,1.576850596158954,-13.657206337842497,-0.03111325976753747,-0.8649347450476005,-0.007074262946844101,0.22873996198177338,-3.105257034301758,-0.40796176288169245
0.0,0,blade_0,blade_0_RotorFlow_OpenVSP_Blade_0,RotorFlow_OpenVSP_Blade_0_segment_7,blade_0_RotorFlow_OpenVSP_Blade_0:RotorFlow_OpenVSP_Blade_0_segment_7:orig:0,orig,0,2.696087121963501,2.696087121963501,2.5759482383728027,2.8171868324279785,0.5147541165351868,0.22736631333827972,-1.5904639959335327,1.5904639959335327,3.8739852905273438,1.5951298498851874,-13.492133950746135,-0.029234647449141598,-0.8733305304710821,-0.006646974012255669,0.23477253317832947,-3.0676567554473877,-0.31727026665470837
0.0,0,blade_0,blade_0_RotorFlow_OpenVSP_Blade_0,RotorFlow_OpenVSP_Blade_0_segment_8,blade_0_RotorFlow_OpenVSP_Blade_0:RotorFlow_OpenVSP_Blade_0_segment_8:orig:0,orig,0,2.9234161376953125,2.9234161376953125,2.803420305252075,3.0443615913391113,0.5033957362174988,0.22736310958862305,-1.5623455047607422,1.5623455047607422,3.8566157817840576,1.6095007040458282,-13.289060746830533,-0.025796348557616686,-0.8795946534473887,-0.005865138024091721,0.2370990514755249,-3.021442174911499,-0.22657363389396024
0.0,0,blade_0,blade_0_RotorFlow_OpenVSP_Blade_0,RotorFlow_OpenVSP_Blade_0_segment_9,blade_0_RotorFlow_OpenVSP_Blade_0:RotorFlow_OpenVSP_Blade_0_segment_9:orig:0,orig,0,3.1507537364959717,3.1507537364959717,3.0308992862701416,3.271540880203247,0.49203571677207947,0.2273610383272171,-1.532716155052185,1.532716155052185,3.8432395458221436,1.621054614717291,-13.061172015280437,-0.022378240615820968,-0.8844704887512532,-0.005087940022349358,0.23699422180652618,-2.969601631164551,-0.1358735767773694
0.0,0,blade_0,blade_0_RotorFlow_OpenVSP_Blade_0,RotorFlow_OpenVSP_Blade_0_segment_10,blade_0_RotorFlow_OpenVSP_Blade_0:RotorFlow_OpenVSP_Blade_0_segment_10:orig:0,orig,0,3.37809681892395,3.37809681892395,3.2583839893341064,3.4987239837646484,0.4806745648384094,0.22735965251922607,-1.5020747184753418,1.5020747184753418,3.832921028137207,1.6305740224749747,-12.816557616775315,-0.018752116124108723,-0.888419493891317,-0.004263474605977535,0.23524880409240723,-2.913968086242676,-0.04517133187787905
0.0,0,blade_0,blade_0_RotorFlow_OpenVSP_Blade_0,RotorFlow_OpenVSP_Blade_0_segment_11,blade_0_RotorFlow_OpenVSP_Blade_0:RotorFlow_OpenVSP_Blade_0_segment_11:orig:0,orig,0,3.6054439544677734,3.6054439544677734,3.4858720302581787,3.7259085178375244,0.4693126678466797,0.22735875844955444,-1.470733642578125,1.470733642578125,3.8249332904815674,1.6386186006085675,-12.560224850417374,-0.01500804867651851,-0.8917291508230614,-0.003412211313843727,0.23237493634223938,-2.8556771278381348,0.045532530078537005
0.0,0,blade_0,blade_0_RotorFlow_OpenVSP_Blade_0,RotorFlow_OpenVSP_Blade_0_segment_12,blade_0_RotorFlow_OpenVSP_Blade_0:RotorFlow_OpenVSP_Blade_0_segment_12:orig:0,orig,0,3.8327934741973877,3.8327934741973877,3.713362455368042,3.953094720840454,0.45795029401779175,0.22735804319381714,-1.4388889074325562,1.4388889074325562,3.818669080734253,1.6456099069987462,-12.294875649997968,-0.012540729328196705,-0.8945479512604295,-0.002851235680282116,0.22869838774204254,-2.7953388690948486,0.13623734324490938
0.0,0,blade_0,blade_0_RotorFlow_OpenVSP_Blade_0,RotorFlow_OpenVSP_Blade_0_segment_13,blade_0_RotorFlow_OpenVSP_Blade_0:RotorFlow_OpenVSP_Blade_0_segment_13:orig:0,orig,0,4.060144901275635,4.060144901275635,3.940854787826538,4.180281639099121,0.44658762216567993,0.22735737264156342,-1.4066585302352905,1.4066585302352905,3.8136379718780518,1.6518573303129773,-12.022351737926337,-0.010433647169510205,-0.896975488092712,-0.002372166607528925,0.22443610429763794,-2.733370304107666,0.22694291737924677
0.0,0,blade_0,blade_0_RotorFlow_OpenVSP_Blade_0,RotorFlow_OpenVSP_Blade_0_segment_14,blade_0_RotorFlow_OpenVSP_Blade_0:RotorFlow_OpenVSP_Blade_0_segment_14:orig:0,orig,0,4.287497043609619,4.287497043609619,4.16834831237793,4.407469749450684,0.435224711894989,0.22735746204853058,-1.3741010427474976,1.3741010427474976,3.809229850769043,1.6576694716313465,-11.74319617352575,-0.008715125643765073,-0.8990225732596223,-0.0019814488478004932,0.2197270542383194,-2.66990327835083,0.31764877687657106
0.0,0,blade_0,blade_0_RotorFlow_OpenVSP_Blade_0,RotorFlow_OpenVSP_Blade_0_segment_15,blade_0_RotorFlow_OpenVSP_Blade_0:RotorFlow_OpenVSP_Blade_0_segment_15:orig:0,orig,0,4.514852046966553,4.514852046966553,4.395843029022217,4.6346588134765625,0.423861563205719,0.22735677659511566,-1.3412015438079834,1.3412015438079834,3.8048393726348877,1.6632735366871239,-11.456578877946841,-0.006054843863621245,-0.9005933607948056,-0.0013766097836196423,0.2146434485912323,-2.6047308444976807,0.4083557778258429
0.0,0,blade_0,blade_0_RotorFlow_OpenVSP_Blade_0,RotorFlow_OpenVSP_Blade_0_segment_16,blade_0_RotorFlow_OpenVSP_Blade_0:RotorFlow_OpenVSP_Blade_0_segment_16:orig:0,orig,0,4.74220609664917,4.74220609664917,4.623338222503662,4.861847400665283,0.4124982953071594,0.22735702991485596,-1.3078340291976929,1.3078340291976929,3.7994372844696045,1.6689417945457834,-11.159270955621539,-0.003963630968734942,-0.9013874176660105,-0.0009011593647301197,0.20919224619865417,-2.5371387004852295,0.4990623982911323
0.0,0,blade_0,blade_0_RotorFlow_OpenVSP_Blade_0,RotorFlow_OpenVSP_Blade_0_segment_17,blade_0_RotorFlow_OpenVSP_Blade_0:RotorFlow_OpenVSP_Blade_0_segment_17:orig:0,orig,0,4.9695611000061035,4.9695611000061035,4.850834846496582,5.08903694152832,0.40113502740859985,0.22735649347305298,-1.273630142211914,1.273630142211914,3.7909297943115234,1.6750855651693692,-10.84334899587328,-0.0034221880768423103,-0.9006803258206401,-0.0007780566811561584,0.20327934622764587,-2.465305805206299,0.5897693992404042
0.0,0,blade_0,blade_0_RotorFlow_OpenVSP_Blade_0,RotorFlow_OpenVSP_Blade_0_segment_18,blade_0_RotorFlow_OpenVSP_Blade_0:RotorFlow_OpenVSP_Blade_0_segment_18:orig:0,orig,0,5.196916580200195,5.196916580200195,5.0783305168151855,5.316225528717041,0.38977164030075073,0.22735677659511566,-1.2375571727752686,1.2375571727752686,3.774325132369995,1.6824637725392873,-10.488904094370989,-0.0020799374969482534,-0.8966391645637188,-0.00047288788482546806,0.19656498730182648,-2.384723424911499,0.6804765904316673
0.0,0,blade_0,blade_0_RotorFlow_OpenVSP_Blade_0,RotorFlow_OpenVSP_Blade_0_segment_19,blade_0_RotorFlow_OpenVSP_Blade_0:RotorFlow_OpenVSP_Blade_0_segment_19:orig:0,orig,0,5.424272060394287,5.424272060394287,5.305828094482422,5.543415546417236,0.37840819358825684,0.22735624015331268,-1.196406364440918,1.196406364440918,3.7351481914520264,1.69293522603858,-10.040484560533331,0.0003673021491754382,-0.8840808187004073,8.35084356367588e-05,0.1879921406507492,-2.282766819000244,0.7711837816229304
0.0,0,blade_0,blade_0_RotorFlow_OpenVSP_Blade_0,RotorFlow_OpenVSP_Blade_0_segment_20,blade_0_RotorFlow_OpenVSP_Blade_0:RotorFlow_OpenVSP_Blade_0_segment_20:orig:0,orig,0,5.651628494262695,5.651628494262695,5.533324718475342,5.770605564117432,0.36704471707344055,0.2273566573858261,-1.1381657123565674,1.1381657123565674,3.621724843978882,1.7123836165653776,-9.321919690500115,0.0013478579380555862,-0.846221794563714,0.00030644447542726994,0.17386673390865326,-2.1194005012512207,0.861891353298176
0.0,0,blade_0,blade_0_RotorFlow_OpenVSP_Blade_0,RotorFlow_OpenVSP_Blade_0_segment_21,blade_0_RotorFlow_OpenVSP_Blade_0:RotorFlow_OpenVSP_Blade_0_segment_21:orig:0,orig,0,5.878984451293945,5.878984451293945,5.760822296142578,5.9977946281433105,0.3556811809539795,0.22735613584518433,-1.0027728080749512,1.0027728080749512,3.189831495285034,1.7676810871752253,-7.698718777224116,0.00677160767359925,-0.7211994641867906,0.0015395665541291237,0.13859902322292328,-1.7503509521484375,0.9525987347314304
0.12,40,blade_0,blade_0_RotorFlow_OpenVSP_Blade_0,RotorFlow_OpenVSP_Blade_0_segment_0,blade_0_RotorFlow_OpenVSP_Blade_0:RotorFlow_OpenVSP_Blade_0_segment_0:orig:0,orig,0,1.1065503358840942,1.1065503358840942,0.9848406314849854,1.227948784828186,0.5938016772270203,0.2277432531118393,-5.130629062652588,5.130629062652588,4.50892448425293,3.832535892809023,-27.74987841535409,12.763161746476989,-1.557103538408623,2.906723976135254,-0.4333474636077881,-6.319847583770752,-0.9514419363318284
0.12,40,blade_0,blade_0_RotorFlow_OpenVSP_Blade_0,RotorFlow_OpenVSP_Blade_0_segment_1,blade_0_RotorFlow_OpenVSP_Blade_0:RotorFlow_OpenVSP_Blade_0_segment_1:orig:0,orig,0,1.3330215215682983,1.3330215215682983,1.2117727994918823,1.45465087890625,0.5826796293258667,0.22755245864391327,-6.445157051086426,6.445157051086426,4.773549556732178,4.634386274171083,-39.02879714057959,16.01135029910377,-2.231789131414431,3.6434221267700195,-0.32062751054763794,-8.881098747253418,-0.861087577920122
0.12,40,blade_0,blade_0_RotorFlow_OpenVSP_Blade_0,RotorFlow_OpenVSP_Blade_0_segment_2,blade_0_RotorFlow_OpenVSP_Blade_0:RotorFlow_OpenVSP_Blade_0_segment_2:orig:0,orig,0,1.559913992881775,1.559913992881775,1.4389472007751465,1.681581735610962,0.5714343786239624,0.2274630069732666,-6.912273406982422,6.912273406982422,4.833225727081299,5.005499935215671,-44.49197053820087,17.74414521685993,-2.5942576320148656,4.036136627197266,-0.18941596150398254,-10.120277404785156,-0.7705651407630956
0.12,40,blade_0,blade_0_RotorFlow_OpenVSP_Blade_0,RotorFlow_OpenVSP_Blade_0_segment_3,blade_0_RotorFlow_OpenVSP_Blade_0:RotorFlow_OpenVSP_Blade_0_segment_3:orig:0,orig,0,1.787010669708252,1.787010669708252,1.6662505865097046,1.9086259603500366,0.5601329207420349,0.22741781175136566,-7.241653919219971,7.241653919219971,4.832993984222412,5.350081634450552,-47.65327700602637,19.694662820799525,-2.8346503707566946,4.478917121887207,-0.08602527529001236,-10.837203979492188,-0.6799612324994665
0.12,40,blade_0,blade_0_RotorFlow_OpenVSP_Blade_0,RotorFlow_OpenVSP_Blade_0_segment_4,blade_0_RotorFlow_OpenVSP_Blade_0:RotorFlow_OpenVSP_Blade_0_segment_4:orig:0,orig,0,2.0142133235931396,2.0142133235931396,1.893626093864441,2.135728359222412,0.548803985118866,0.2273927479982376,-7.429728031158447,7.429728031158447,4.8472819328308105,5.585825643535469,-49.68105452209947,21.315833368774413,-3.0162780671469323,4.8470659255981445,-0.009308352135121822,-11.297111511230469,-0.5893150429668533
0.12,40,blade_0,blade_0_RotorFlow_OpenVSP_Blade_0,RotorFlow_OpenVSP_Blade_0_segment_5,blade_0_RotorFlow_OpenVSP_Blade_0:RotorFlow_OpenVSP_Blade_0_segment_5:orig:0,orig,0,2.2414753437042236,2.2414753437042236,2.1210429668426514,2.3628644943237305,0.5374608039855957,0.22737984359264374,-7.608843803405762,7.608843803405762,4.954507350921631,5.7148046570830955,-51.31708753071835,23.151401550919797,-3.181361563859243,5.264162063598633,0.04836161807179451,-11.668471336364746,-0.4986451683139319
0.12,40,blade_0,blade_0_RotorFlow_OpenVSP_Blade_0,RotorFlow_OpenVSP_Blade_0_segment_6,blade_0_RotorFlow_OpenVSP_Blade_0:RotorFlow_OpenVSP_Blade_0_segment_6:orig:0,orig,0,2.468770742416382,2.468770742416382,2.348487138748169,2.5900192260742188,0.5261097550392151,0.22737093269824982,-7.737205505371094,7.737205505371094,4.995524883270264,5.887848772486097,-52.50511118152675,24.656077275740476,-3.32524045035875,5.606075286865234,0.09275858849287033,-11.938136100769043,-0.4079619767258974
0.12,40,blade_0,blade_0_RotorFlow_OpenVSP_Blade_0,RotorFlow_OpenVSP_Blade_0_segment_7,blade_0_RotorFlow_OpenVSP_Blade_0:RotorFlow_OpenVSP_Blade_0_segment_7:orig:0,orig,0,2.696087598800659,2.696087598800659,2.5759482383728027,2.8171868324279785,0.5147541165351868,0.2273663729429245,-7.756075859069824,7.756075859069824,5.0099873542785645,6.014999363102975,-53.12129117406862,25.567572374876125,-3.4384809378350845,5.813206195831299,0.12728728353977203,-12.077995300292969,-0.31727022425100443
0.12,40,blade_0,blade_0_RotorFlow_OpenVSP_Blade_0,RotorFlow_OpenVSP_Blade_0_segment_8,blade_0_RotorFlow_OpenVSP_Blade_0:RotorFlow_OpenVSP_Blade_0_segment_8:orig:0,orig,0,2.9234163761138916,2.9234163761138916,2.803419828414917,3.0443623065948486,0.503395676612854,0.2273632287979126,-7.713324069976807,7.713324069976807,5.025277137756348,6.098205778111957,-53.266823995247634,26.213024856063225,-3.525698319287136,5.959877967834473,0.15358050167560577,-12.110917091369629,-0.22657371572785684
0.12,40,blade_0,blade_0_RotorFlow_OpenVSP_Blade_0,RotorFlow_OpenVSP_Blade_0_segment_9,blade_0_RotorFlow_OpenVSP_Blade_0:RotorFlow_OpenVSP_Blade_0_segment_9:orig:0,orig,0,3.1507537364959717,3.1507537364959717,3.0308997631073,3.271540880203247,0.49203556776046753,0.22736109793186188,-7.636717796325684,7.636717796325684,5.044605731964111,6.153369734241458,-53.07303650655445,26.734053635663255,-3.5939767656119828,6.078283786773682,0.17326170206069946,-12.066743850708008,-0.13587378284996585
0.12,40,blade_0,blade_0_RotorFlow_OpenVSP_Blade_0,RotorFlow_OpenVSP_Blade_0_segment_10,blade_0_RotorFlow_OpenVSP_Blade_0:RotorFlow_OpenVSP_Blade_0_segment_10:orig:0,orig,0,3.37809681892395,3.37809681892395,3.2583842277526855,3.4987242221832275,0.4806744158267975,0.22735971212387085,-7.539106845855713,7.539106845855713,5.07077169418335,6.186212431755446,-52.64100975681243,27.19399087106101,-3.648976202703029,6.1828179359436035,0.18778760731220245,-11.96844482421875,-0.04517156706891262
0.12,40,blade_0,blade_0_RotorFlow_OpenVSP_Blade_0,RotorFlow_OpenVSP_Blade_0_segment_11,blade_0_RotorFlow_OpenVSP_Blade_0:RotorFlow_OpenVSP_Blade_0_segment_11:orig:0,orig,0,3.6054437160491943,3.6054437160491943,3.485872507095337,3.7259082794189453,0.4693126380443573,0.22735857963562012,-7.4255051612854,7.4255051612854,5.10626220703125,6.197130453773284,-52.03223536641251,27.614238929710332,-3.694095014834526,6.278334140777588,0.1983594000339508,-11.829975128173828,0.0455321706475821
0.12,40,blade_0,blade_0_RotorFlow_OpenVSP_Blade_0,RotorFlow_OpenVSP_Blade_0_segment_12,blade_0_RotorFlow_OpenVSP_Blade_0:RotorFlow_OpenVSP_Blade_0_segment_12:orig:0,orig,0,3.8327929973602295,3.8327929973602295,3.713362216949463,3.953094720840454,0.4579503536224365,0.22735810279846191,-7.3022050857543945,7.3022050857543945,5.14642333984375,6.196694918837067,-51.29451588649017,27.99380878326442,-3.732075006788415,6.364619255065918,0.20589254796504974,-11.662223815917969,0.13623685957372775
0.12,40,blade_0,blade_0_RotorFlow_OpenVSP_Blade_0,RotorFlow_OpenVSP_Blade_0_segment_13,blade_0_RotorFlow_OpenVSP_Blade_0:RotorFlow_OpenVSP_Blade_0_segment_13:orig:0,orig,0,4.060144424438477,4.060144424438477,3.9408555030822754,4.180281162261963,0.4465876519680023,0.22735713422298431,-7.17016077041626,7.17016077041626,5.189724445343018,6.187395532522993,-50.44191583792004,28.32815030385683,-3.763420006832156,6.440607070922852,0.21095238626003265,-11.468329429626465,0.22694240458855927
0.12,40,blade_0,blade_0_RotorFlow_OpenVSP_Blade_0,RotorFlow_OpenVSP_Blade_0_segment_14,blade_0_RotorFlow_OpenVSP_Blade_0:RotorFlow_OpenVSP_Blade_0_segment_14:orig:0,orig,0,4.287497520446777,4.287497520446777,4.168347358703613,4.407470226287842,0.4352246820926666,0.227357879281044,-7.025412082672119,7.025412082672119,5.241844177246094,6.158914506605723,-49.45097032461384,28.622570501809278,-3.7858127360511924,6.507566928863525,0.213833749294281,-11.243067741394043,0.3176486154501464
0.12,40,blade_0,blade_0_RotorFlow_OpenVSP_Blade_0,RotorFlow_OpenVSP_Blade_0_segment_15,blade_0_RotorFlow_OpenVSP_Blade_0:RotorFlow_OpenVSP_Blade_0_segment_15:orig:0,orig,0,4.5148515701293945,4.5148515701293945,4.395842552185059,4.63465690612793,0.4238615930080414,0.22735579311847687,-6.870193004608154,6.870193004608154,5.298253536224365,6.118460080735343,-48.299409821564865,28.871287593341254,-3.796781327183406,6.564054489135742,0.21470750868320465,-10.98115062713623,0.40835520679559395
0.12,40,blade_0,blade_0_RotorFlow_OpenVSP_Blade_0,RotorFlow_OpenVSP_Blade_0_segment_16,blade_0_RotorFlow_OpenVSP_Blade_0:RotorFlow_OpenVSP_Blade_0_segment_16:orig:0,orig,0,4.74220609664917,4.74220609664917,4.623338222503662,4.861847400665283,0.4124983549118042,0.22735774517059326,-6.697368144989014,6.697368144989014,5.3571014404296875,6.061527458272256,-46.91896823378591,29.025990252803172,-3.7898677855315412,6.599283695220947,0.21349701285362244,-10.667390823364258,0.49906198838297167
0.12,40,blade_0,blade_0_RotorFlow_OpenVSP_Blade_0,RotorFlow_OpenVSP_Blade_0_segment_17,blade_0_RotorFlow_OpenVSP_Blade_0:RotorFlow_OpenVSP_Blade_0_segment_17:orig:0,orig,0,4.9695611000061035,4.9695611000061035,4.850833892822266,5.0890350341796875,0.40113502740859985,0.22735638916492462,-6.498089790344238,6.498089790344238,5.412641525268555,5.985712482803169,-45.18945689399054,29.004437321159138,-3.7535686414249967,6.594344139099121,0.20981650054454803,-10.2741117477417,0.5897689602122795
0.12,40,blade_0,blade_0_RotorFlow_OpenVSP_Blade_0,RotorFlow_OpenVSP_Blade_0_segment_18,blade_0_RotorFlow_OpenVSP_Blade_0:RotorFlow_OpenVSP_Blade_0_segment_18:orig:0,orig,0,5.196916580200195,5.196916580200195,5.078329563140869,5.316226482391357,0.38977158069610596,0.22735808789730072,-6.247042655944824,6.247042655944824,5.441705226898193,5.890596622437459,-42.91791571007586,28.527733885673655,-3.6688189371925466,6.486011028289795,0.20296113193035126,-9.757735252380371,0.6804761222835176
0.12,40,blade_0,blade_0_RotorFlow_OpenVSP_Blade_0,RotorFlow_OpenVSP_Blade_0_segment_19,blade_0_RotorFlow_OpenVSP_Blade_0:RotorFlow_OpenVSP_Blade_0_segment_19:orig:0,orig,0,5.424272060394287,5.424272060394287,5.30582857131958,5.543414115905762,0.37840813398361206,0.22735588252544403,-5.909634113311768,5.909634113311768,5.386266708374023,5.798855291982017,-39.73254238299024,27.175921237914626,-3.498514829657016,6.178605556488037,0.1911211609840393,-9.033427238464355,0.7711832843547557
0.12,40,blade_0,blade_0_RotorFlow_OpenVSP_Blade_0,RotorFlow_OpenVSP_Blade_0_segment_20,blade_0_RotorFlow_OpenVSP_Blade_0:RotorFlow_OpenVSP_Blade_0_segment_20:orig:0,orig,0,5.651627063751221,5.651627063751221,5.533324718475342,5.770604610443115,0.36704474687576294,0.22735534608364105,-5.389724254608154,5.389724254608154,5.207263469696045,5.639855506149125,-34.559220383811066,24.438077414611342,-3.137203933131492,5.556127548217773,0.16892434656620026,-7.8572235107421875,0.8618902561840637
0.12,40,blade_0,blade_0_RotorFlow_OpenVSP_Blade_0,RotorFlow_OpenVSP_Blade_0_segment_21,blade_0_RotorFlow_OpenVSP_Blade_0:RotorFlow_OpenVSP_Blade_0_segment_21:orig:0,orig,0,5.878983974456787,5.878983974456787,5.76082181930542,5.997796058654785,0.3556812107563019,0.22735731303691864,-4.399692535400391,4.399692535400391,4.637443542480469,5.334733933917693,-24.350844698585128,18.630656499728563,-2.2811347168019456,4.23581600189209,0.12062768638134003,-5.536342620849609,0.9525979889810923
0.24,80,blade_0,blade_0_RotorFlow_OpenVSP_Blade_0,RotorFlow_OpenVSP_Blade_0_segment_0,blade_0_RotorFlow_OpenVSP_Blade_0:RotorFlow_OpenVSP_Blade_0_segment_0:orig:0,orig,0,1.1065505743026733,1.1065505743026733,0.9848406314849854,1.227948784828186,0.593801736831665,0.2277432680130005,-5.304868221282959,5.304868221282959,5.69611930847168,3.1367799611182168,-29.495032843064642,21.589640969217186,-1.655027625993476,4.916895389556885,-1.5906141996383667,-6.717295169830322,-0.9514418365919639
0.24,80,blade_0,blade_0_RotorFlow_OpenVSP_Blade_0,RotorFlow_OpenVSP_Blade_0_segment_1,blade_0_RotorFlow_OpenVSP_Blade_0:RotorFlow_OpenVSP_Blade_0_segment_1:orig:0,orig,0,1.3330215215682983,1.3330215215682983,1.2117729187011719,1.454650640487671,0.5826796293258667,0.227552592754364,-6.8882365226745605,6.8882365226745605,6.199033260345459,3.814031231821331,-43.06819998119286,30.5945041764686,-2.4627748654767285,6.961858749389648,-1.9536802768707275,-9.800280570983887,-0.8610875647066372
0.24,80,blade_0,blade_0_RotorFlow_OpenVSP_Blade_0,RotorFlow_OpenVSP_Blade_0_segment_2,blade_0_RotorFlow_OpenVSP_Blade_0:RotorFlow_OpenVSP_Blade_0_segment_2:orig:0,orig,0,1.559913992881775,1.559913992881775,1.4389472007751465,1.681581974029541,0.5714344382286072,0.2274627685546875,-7.627770900726318,7.627770900726318,6.4863152503967285,4.115884447068456,-50.89211444287918,37.2289905748977,-2.9674397634979983,8.468209266662598,-2.0640482902526855,-11.576061248779297,-0.7705651189390282
0.24,80,blade_0,blade_0_RotorFlow_OpenVSP_Blade_0,RotorFlow_OpenVSP_Blade_0_segment_3,blade_0_RotorFlow_OpenVSP_Blade_0:RotorFlow_OpenVSP_Blade_0_segment_3:orig:0,orig,0,1.7870107889175415,1.7870107889175415,1.6662510633468628,1.9086259603500366,0.5601330399513245,0.22741790115833282,-7.991363048553467,7.991363048553467,6.707223892211914,4.254189805027075,-55.473027908909835,42.58069316658626,-3.2998067613140973,9.683611869812012,-2.0799005031585693,-12.615559577941895,-0.6799611544965801
0.24,80,blade_0,blade_0_RotorFlow_OpenVSP_Blade_0,RotorFlow_OpenVSP_Blade_0_segment_4,blade_0_RotorFlow_OpenVSP_Blade_0:RotorFlow_OpenVSP_Blade_0_segment_4:orig:0,orig,0,2.0142128467559814,2.0142128467559814,1.893626093864441,2.1357288360595703,0.5488041639328003,0.22739271819591522,-8.16879653930664,8.16879653930664,6.954131603240967,4.280827933089326,-58.10050925726604,47.39205194839577,-3.5274459519556607,10.776607513427734,-2.057097911834717,-13.21163272857666,-0.5893151941440484
0.24,80,blade_0,blade_0_RotorFlow_OpenVSP_Blade_0,RotorFlow_OpenVSP_Blade_0_segment_5,blade_0_RotorFlow_OpenVSP_Blade_0:RotorFlow_OpenVSP_Blade_0_segment_5:orig:0,orig,0,2.241475820541382,2.241475820541382,2.1210432052612305,2.3628647327423096,0.5374609231948853,0.22737957537174225,-8.26420783996582,8.26420783996582,7.218282699584961,4.260400685090575,-59.652725096392764,51.94975013409956,-3.6981218896113437,11.812312126159668,-2.0224719047546387,-13.563811302185059,-0.49864493038262364
0.24,80,blade_0,blade_0_RotorFlow_OpenVSP_Blade_0,RotorFlow_OpenVSP_Blade_0_segment_6,blade_0_RotorFlow_OpenVSP_Blade_0:RotorFlow_OpenVSP_Blade_0_segment_6:orig:0,orig,0,2.468770980834961,2.468770980834961,2.3484878540039062,2.590019464492798,0.5261096954345703,0.22737126052379608,-8.324633598327637,8.324633598327637,7.500903606414795,4.218958305922125,-60.65677704815774,56.38388093502777,-3.8415001309613945,12.820074081420898,-1.9878190755844116,-13.791607856750488,-0.4079618252896897
0.24,80,blade_0,blade_0_RotorFlow_OpenVSP_Blade_0,RotorFlow_OpenVSP_Blade_0_segment_7,blade_0_RotorFlow_OpenVSP_Blade_0:RotorFlow_OpenVSP_Blade_0_segment_7:orig:0,orig,0,2.696087598800659,2.696087598800659,2.575948476791382,2.8171873092651367,0.514754056930542,0.22736667096614838,-8.359556198120117,8.359556198120117,7.784155368804932,4.172553785469598,-61.307320681917844,60.6227304593645,-3.9683538043771143,13.783588409423828,-1.954750418663025,-13.939241409301758,-0.3172701593090831
0.24,80,blade_0,blade_0_RotorFlow_OpenVSP_Blade_0,RotorFlow_OpenVSP_Blade_0_segment_8,blade_0_RotorFlow_OpenVSP_Blade_0:RotorFlow_OpenVSP_Blade_0_segment_8:orig:0,orig,0,2.92341685295105,2.92341685295105,2.803420305252075,3.044362783432007,0.503395676612854,0.22736287117004395,-8.359639167785645,8.359639167785645,8.07037353515625,4.11542233360364,-61.649366787293594,64.55637989197056,-4.080533671135891,14.67772388458252,-1.9216605424880981,-14.016777038574219,-0.22657345191684697
0.24,80,blade_0,blade_0_RotorFlow_OpenVSP_Blade_0,RotorFlow_OpenVSP_Blade_0_segment_9,blade_0_RotorFlow_OpenVSP_Blade_0:RotorFlow_OpenVSP_Blade_0_segment_9:orig:0,orig,0,3.1507537364959717,3.1507537364959717,3.0308997631073,3.271540880203247,0.4920356869697571,0.22736118733882904,-8.319499969482422,8.319499969482422,8.364075660705566,4.043083069199054,-61.679076043696824,68.13099557076832,-4.176755789950196,15.490344047546387,-1.8864469528198242,-14.023427963256836,-0.1358737006534383
0.24,80,blade_0,blade_0_RotorFlow_OpenVSP_Blade_0,RotorFlow_OpenVSP_Blade_0_segment_10,blade_0_RotorFlow_OpenVSP_Blade_0:RotorFlow_OpenVSP_Blade_0_segment_10:orig:0,orig,0,3.378096580505371,3.378096580505371,3.258384943008423,3.4987239837646484,0.4806743562221527,0.22736001014709473,-8.246246337890625,8.246246337890625,8.665143013000488,3.959675638969687,-61.40989097300069,71.38249422986377,-4.256819152844348,16.229524612426758,-1.8482613563537598,-13.962153434753418,-0.04517157136567608
0.24,80,blade_0,blade_0_RotorFlow_OpenVSP_Blade_0,RotorFlow_OpenVSP_Blade_0_segment_11,blade_0_RotorFlow_OpenVSP_Blade_0:RotorFlow_OpenVSP_Blade_0_segment_11:orig:0,orig,0,3.6054437160491943,3.6054437160491943,3.485872745513916,3.725908041000366,0.46931272745132446,0.22735841572284698,-8.146461486816406,8.146461486816406,8.976595878601074,3.86745258785587,-60.868813223955144,74.35787875878282,-4.32145832424405,16.9058895111084,-1.8069229125976562,-13.83903694152832,0.04553227009962067
0.24,80,blade_0,blade_0_RotorFlow_OpenVSP_Blade_0,RotorFlow_OpenVSP_Blade_0_segment_12,blade_0_RotorFlow_OpenVSP_Blade_0:RotorFlow_OpenVSP_Blade_0_segment_12:orig:0,orig,0,3.8327932357788086,3.8327932357788086,3.7133631706237793,3.9530959129333496,0.4579504132270813,0.22735829651355743,-8.028647422790527,8.028647422790527,9.292497634887695,3.7733011463575297,-60.1017347438421,77.07857767036138,-4.372868113310973,17.52445411682129,-1.7629886865615845,-13.664628028869629,0.13623706277465883
0.24,80,blade_0,blade_0_RotorFlow_OpenVSP_Blade_0,RotorFlow_OpenVSP_Blade_0_segment_13,blade_0_RotorFlow_OpenVSP_Blade_0:RotorFlow_OpenVSP_Blade_0_segment_13:orig:0,orig,0,4.060144901275635,4.060144901275635,3.940856695175171,4.180281162261963,0.44658777117729187,0.22735701501369476,-7.890886306762695,7.890886306762695,9.614550590515137,3.6755299506934525,-59.111889357163356,79.51413502100026,-4.410276730574566,18.078096389770508,-1.7159574031829834,-13.439502716064453,0.2269427115384643
0.24,80,blade_0,blade_0_RotorFlow_OpenVSP_Blade_0,RotorFlow_OpenVSP_Blade_0_segment_14,blade_0_RotorFlow_OpenVSP_Blade_0:RotorFlow_OpenVSP_Blade_0_segment_14:orig:0,orig,0,4.2874979972839355,4.2874979972839355,4.168348789215088,4.407470703125,0.43522489070892334,0.22735750675201416,-7.730566024780273,7.730566024780273,9.945419311523438,3.57194255831244,-57.86982366416336,81.62645703442668,-4.430331882449217,18.558387756347656,-1.6645523309707642,-13.15713882446289,0.3176489310281146
0.24,80,blade_0,blade_0_RotorFlow_OpenVSP_Blade_0,RotorFlow_OpenVSP_Blade_0_segment_15,blade_0_RotorFlow_OpenVSP_Blade_0:RotorFlow_OpenVSP_Blade_0_segment_15:orig:0,orig,0,4.514852046966553,4.514852046966553,4.395842552185059,4.634657859802246,0.4238617420196533,0.22735591232776642,-7.547136306762695,7.547136306762695,10.283940315246582,3.462808088159903,-56.3480060457751,83.37409357449931,-4.429474040293435,18.95559310913086,-1.6075657606124878,-12.811052322387695,0.40835553100166144
0.24,80,blade_0,blade_0_RotorFlow_OpenVSP_Blade_0,RotorFlow_OpenVSP_Blade_0_segment_16,blade_0_RotorFlow_OpenVSP_Blade_0:RotorFlow_OpenVSP_Blade_0_segment_16:orig:0,orig,0,4.74220609664917,4.74220609664917,4.623337268829346,4.861846923828125,0.4124983847141266,0.22735823690891266,-7.340973377227783,7.340973377227783,10.624970436096191,3.3499140333913346,-54.5118023604131,84.69186045940054,-4.403176722506447,19.25539207458496,-1.5438414812088013,-12.393707275390625,0.4990621309752083
0.24,80,blade_0,blade_0_RotorFlow_OpenVSP_Blade_0,RotorFlow_OpenVSP_Blade_0_segment_17,blade_0_RotorFlow_OpenVSP_Blade_0:RotorFlow_OpenVSP_Blade_0_segment_17:orig:0,orig,0,4.9695611000061035,4.9695611000061035,4.850834369659424,5.08903694152832,0.40113499760627747,0.22735685110092163,-7.102085590362549,7.102085590362549,10.961387634277344,3.230426074248486,-52.284228118859644,85.39150144910819,-4.342881441328737,19.414342880249023,-1.4711213111877441,-11.887177467346191,0.5897691114326518
0.24,80,blade_0,blade_0_RotorFlow_OpenVSP_Blade_0,RotorFlow_OpenVSP_Blade_0_segment_18,blade_0_RotorFlow_OpenVSP_Blade_0:RotorFlow_OpenVSP_Blade_0_segment_18:orig:0,orig,0,5.19691801071167,5.19691801071167,5.078329563140869,5.316226482391357,0.38977140188217163,0.2273574024438858,-6.808279037475586,6.808279037475586,11.294955253601074,3.092949697160793,-49.418628774709575,85.13851913562053,-4.224531440471489,19.35687255859375,-1.382407546043396,-11.23569107055664,0.6804768528578883
0.24,80,blade_0,blade_0_RotorFlow_OpenVSP_Blade_0,RotorFlow_OpenVSP_Blade_0_segment_19,blade_0_RotorFlow_OpenVSP_Blade_0:RotorFlow_OpenVSP_Blade_0_segment_19:orig:0,orig,0,5.4242730140686035,5.4242730140686035,5.305829048156738,5.543415546417236,0.37840792536735535,0.2273557335138321,-6.4301276206970215,6.4301276206970215,11.596964836120605,2.930522257718357,-45.515753639910905,83.32803494130953,-4.007738174541177,18.945106506347656,-1.266823172569275,-10.348267555236816,0.7711838333153317
0.24,80,blade_0,blade_0_RotorFlow_OpenVSP_Blade_0,RotorFlow_OpenVSP_Blade_0_segment_20,blade_0_RotorFlow_OpenVSP_Blade_0:RotorFlow_OpenVSP_Blade_0_segment_20:orig:0,orig,0,5.651628017425537,5.651628017425537,5.533325672149658,5.770605087280273,0.3670446574687958,0.227355495095253,-5.892556190490723,5.892556190490723,11.784098625183105,2.72469849945086,-39.46789478717088,78.55080557066464,-3.5828026079337714,17.858957290649414,-1.0945730209350586,-8.97324275970459,0.8618908137727751
0.24,80,blade_0,blade_0_RotorFlow_OpenVSP_Blade_0,RotorFlow_OpenVSP_Blade_0_segment_21,blade_0_RotorFlow_OpenVSP_Blade_0:RotorFlow_OpenVSP_Blade_0_segment_21:orig:0,orig,0,5.878983974456787,5.878983974456787,5.7608232498168945,5.997795581817627,0.35568132996559143,0.22735761106014252,-4.8769330978393555,4.8769330978393555,11.691020011901855,2.345650593697764,-27.52965919986294,66.09488828304586,-2.578918352621608,15.027175903320312,-0.7634131908416748,-6.259077548980713,0.9525981747141151
0.36,120,blade_0,blade_0_RotorFlow_OpenVSP_Blade_0,RotorFlow_OpenVSP_Blade_0_segment_0,blade_0_RotorFlow_OpenVSP_Blade_0:RotorFlow_OpenVSP_Blade_0_segment_0:orig:0,orig,0,1.1065503358840942,1.1065503358840942,0.9848403334617615,1.2279490232467651,0.5938016772270203,0.2277432680130005,-4.895614147186279,4.895614147186279,7.492664337158203,2.2006930894879555,-24.665952349421524,31.6016894457795,-1.3840580166380763,7.1970720291137695,-3.8766672611236572,-5.617504596710205,-0.951441811079632
0.36,120,blade_0,blade_0_RotorFlow_OpenVSP_Blade_0,RotorFlow_OpenVSP_Blade_0_segment_1,blade_0_RotorFlow_OpenVSP_Blade_0:RotorFlow_OpenVSP_Blade_0_segment_1:orig:0,orig,0,1.3330214023590088,1.3330214023590088,1.211773157119751,1.454650640487671,0.5826796889305115,0.227552592754364,-6.403357028961182,6.403357028961182,8.285801887512207,2.6526093008204565,-36.339916792811586,46.703617021666716,-2.0780303001965015,10.62752914428711,-5.244533538818359,-8.269242286682129,-0.8610874884108465
0.36,120,blade_0,blade_0_RotorFlow_OpenVSP_Blade_0,RotorFlow_OpenVSP_Blade_0_segment_2,blade_0_RotorFlow_OpenVSP_Blade_0:RotorFlow_OpenVSP_Blade_0_segment_2:orig:0,orig,0,1.559913992881775,1.559913992881775,1.4389468431472778,1.6815822124481201,0.5714343786239624,0.22746258974075317,-7.263247013092041,7.263247013092041,8.897115707397461,2.857230032465134,-44.034556988660675,59.54790184658045,-2.5675865590655835,13.544919967651367,-6.012985706329346,-10.016214370727539,-0.77056499185378
0.36,120,blade_0,blade_0_RotorFlow_OpenVSP_Blade_0,RotorFlow_OpenVSP_Blade_0_segment_3,blade_0_RotorFlow_OpenVSP_Blade_0:RotorFlow_OpenVSP_Blade_0_segment_3:orig:0,orig,0,1.787010669708252,1.787010669708252,1.6662508249282837,1.9086260795593262,0.5601329803466797,0.2274179309606552,-7.753654479980469,7.753654479980469,9.509366035461426,2.9113453843339596,-49.121501132339986,70.8371253929511,-2.9219872237183284,16.10963249206543,-6.459491729736328,-11.171110153198242,-0.679961071739944
0.36,120,blade_0,blade_0_RotorFlow_OpenVSP_Blade_0,RotorFlow_OpenVSP_Blade_0_segment_4,blade_0_RotorFlow_OpenVSP_Blade_0:RotorFlow_OpenVSP_Blade_0_segment_4:orig:0,orig,0,2.0142128467559814,2.0142128467559814,1.89362633228302,2.1357288360595703,0.5488041639328003,0.22739283740520477,-7.983139991760254,7.983139991760254,10.155998229980469,2.864598277343539,-52.237973404455744,80.6293201049143,-3.1715148486563485,18.334529876708984,-6.687125205993652,-11.878540992736816,-0.589315060593549
0.36,120,blade_0,blade_0_RotorFlow_OpenVSP_Blade_0,RotorFlow_OpenVSP_Blade_0_segment_5,blade_0_RotorFlow_OpenVSP_Blade_0:RotorFlow_OpenVSP_Blade_0_segment_5:orig:0,orig,0,2.2414753437042236,2.2414753437042236,2.1210429668426514,2.3628644943237305,0.5374608635902405,0.2273796796798706,-8.105093002319336,8.105093002319336,10.818687438964844,2.787831871239028,-54.16435260792314,89.80440484660001,-3.3578750996937337,20.419696807861328,-6.79507303237915,-12.315873146057129,-0.4986449838398377
0.36,120,blade_0,blade_0_RotorFlow_OpenVSP_Blade_0,RotorFlow_OpenVSP_Blade_0_segment_6,blade_0_RotorFlow_OpenVSP_Blade_0:RotorFlow_OpenVSP_Blade_0_segment_6:orig:0,orig,0,2.46877121925354,2.46877121925354,2.3484885692596436,2.5900187492370605,0.5261096954345703,0.22737102210521698,-8.167614936828613,8.167614936828613,11.48536205291748,2.7033623128572204,-55.320688364098146,98.51339679607797,-3.5035562708324277,22.399091720581055,-6.831624984741211,-12.57832145690918,-0.4079615901492716
0.36,120,blade_0,blade_0_RotorFlow_OpenVSP_Blade_0,RotorFlow_OpenVSP_Blade_0_segment_7,blade_0_RotorFlow_OpenVSP_Blade_0:RotorFlow_OpenVSP_Blade_0_segment_7:orig:0,orig,0,2.696086883544922,2.696086883544922,2.5759477615356445,2.8171865940093994,0.5147541761398315,0.22736696898937225,-8.192025184631348,8.192025184631348,12.162769317626953,2.6169108382718957,-55.966991426786365,106.84659503239507,-3.6226794686734096,24.293386459350586,-6.82420015335083,-12.725045204162598,-0.31727030141757007
0.36,120,blade_0,blade_0_RotorFlow_OpenVSP_Blade_0,RotorFlow_OpenVSP_Blade_0_segment_8,blade_0_RotorFlow_OpenVSP_Blade_0:RotorFlow_OpenVSP_Blade_0_segment_8:orig:0,orig,0,2.9234163761138916,2.9234163761138916,2.803420066833496,3.0443620681762695,0.5033955574035645,0.2273625284433365,-8.183330535888672,8.183330535888672,12.855673789978027,2.5290409805822978,-56.24974582254694,114.77487889828059,-3.72313696211215,26.09550666809082,-6.787038803100586,-12.789084434509277,-0.22657349566917162
0.36,120,blade_0,blade_0_RotorFlow_OpenVSP_Blade_0,RotorFlow_OpenVSP_Blade_0_segment_9,blade_0_RotorFlow_OpenVSP_Blade_0:RotorFlow_OpenVSP_Blade_0_segment_9:orig:0,orig,0,3.1507537364959717,3.1507537364959717,3.0308995246887207,3.2715401649475098,0.4920356273651123,0.22736138105392456,-8.149908065795898,8.149908065795898,13.56263256072998,2.4425426683947395,-56.26308726380532,122.33123423282424,-3.809998771550692,27.813398361206055,-6.728820323944092,-12.79205322265625,-0.1358735509285145
0.36,120,blade_0,blade_0_RotorFlow_OpenVSP_Blade_0,RotorFlow_OpenVSP_Blade_0_segment_10,blade_0_RotorFlow_OpenVSP_Blade_0:RotorFlow_OpenVSP_Blade_0_segment_10:orig:0,orig,0,3.37809681892395,3.37809681892395,3.2583842277526855,3.4987237453460693,0.4806745946407318,0.22735995054244995,-8.095338821411133,8.095338821411133,14.2821626663208,2.3584131198445797,-56.05583165354426,129.50330413135046,-3.8856838153168165,29.443864822387695,-6.653237819671631,-12.744851112365723,-0.04517132328439656
0.36,120,blade_0,blade_0_RotorFlow_OpenVSP_Blade_0,RotorFlow_OpenVSP_Blade_0_segment_11,blade_0_RotorFlow_OpenVSP_Blade_0:RotorFlow_OpenVSP_Blade_0_segment_11:orig:0,orig,0,3.605443239212036,3.605443239212036,3.4858717918395996,3.725907802581787,0.46931248903274536,0.22735834121704102,-8.021438598632812,8.021438598632812,15.01236629486084,2.277041758370842,-55.65659756084773,136.25995532764966,-3.9514124931346584,30.97983741760254,-6.562287330627441,-12.65399169921875,0.04553223605340686
0.36,120,blade_0,blade_0_RotorFlow_OpenVSP_Blade_0,RotorFlow_OpenVSP_Blade_0_segment_12,blade_0_RotorFlow_OpenVSP_Blade_0:RotorFlow_OpenVSP_Blade_0_segment_12:orig:0,orig,0,3.8327929973602295,3.8327929973602295,3.7133631706237793,3.9530959129333496,0.4579506516456604,0.2273581475019455,-7.929825782775879,7.929825782775879,15.751435279846191,2.1986435559957456,-55.07624788902319,142.5701364690344,-4.007222817017006,32.41448211669922,-6.456127166748047,-12.52203369140625,0.13623712708489577
0.36,120,blade_0,blade_0_RotorFlow_OpenVSP_Blade_0,RotorFlow_OpenVSP_Blade_0_segment_13,blade_0_RotorFlow_OpenVSP_Blade_0:RotorFlow_OpenVSP_Blade_0_segment_13:orig:0,orig,0,4.060144901275635,4.060144901275635,3.9408559799194336,4.180281162261963,0.44658809900283813,0.22735701501369476,-7.8206467628479,7.8206467628479,16.49793243408203,2.1229315919384044,-54.31350564578303,148.38248065514063,-4.0522713260201435,33.73579788208008,-6.333841800689697,-12.348556518554688,0.2269428742051825
0.36,120,blade_0,blade_0_RotorFlow_OpenVSP_Blade_0,RotorFlow_OpenVSP_Blade_0_segment_14,blade_0_RotorFlow_OpenVSP_Blade_0:RotorFlow_OpenVSP_Blade_0_segment_14:orig:0,orig,0,4.287497520446777,4.287497520446777,4.1683478355407715,4.407469749450684,0.435224711894989,0.2273576855659485,-7.6929473876953125,7.6929473876953125,17.250080108642578,2.049359244818387,-53.352606117455586,153.6185803956503,-4.0845095775506435,34.92636489868164,-6.193074703216553,-12.130125045776367,0.3176489066884018
0.36,120,blade_0,blade_0_RotorFlow_OpenVSP_Blade_0,RotorFlow_OpenVSP_Blade_0_segment_15,blade_0_RotorFlow_OpenVSP_Blade_0:RotorFlow_OpenVSP_Blade_0_segment_15:orig:0,orig,0,4.514852046966553,4.514852046966553,4.395841598510742,4.634657382965088,0.4238612651824951,0.22735603153705597,-7.544705867767334,7.544705867767334,18.00556182861328,1.9771603916339502,-52.16226897996114,158.1711226630916,-4.100441035499977,35.961158752441406,-6.029651165008545,-11.859406471252441,0.4083557001394414
0.36,120,blade_0,blade_0_RotorFlow_OpenVSP_Blade_0,RotorFlow_OpenVSP_Blade_0_segment_16,blade_0_RotorFlow_OpenVSP_Blade_0:RotorFlow_OpenVSP_Blade_0_segment_16:orig:0,orig,0,4.7422051429748535,4.7422051429748535,4.623335838317871,4.861845970153809,0.41249850392341614,0.22735798358917236,-7.371401309967041,7.371401309967041,18.761205673217773,1.905008548524778,-50.67318506494017,161.8634733226476,-4.093112221403972,36.80095291137695,-5.835696220397949,-11.520953178405762,0.4990619228646158
0.36,120,blade_0,blade_0_RotorFlow_OpenVSP_Blade_0,RotorFlow_OpenVSP_Blade_0_segment_17,blade_0_RotorFlow_OpenVSP_Blade_0:RotorFlow_OpenVSP_Blade_0_segment_17:orig:0,orig,0,4.9695611000061035,4.9695611000061035,4.850832939147949,5.08903694152832,0.401135116815567,0.22735674679279327,-7.163414478302002,7.163414478302002,19.511533737182617,1.8304926250627356,-48.76072407728764,164.3777343736943,-4.050207650539985,37.37238693237305,-5.59659481048584,-11.086079597473145,0.5897692870415207
0.36,120,blade_0,blade_0_RotorFlow_OpenVSP_Blade_0,RotorFlow_OpenVSP_Blade_0_segment_18,blade_0_RotorFlow_OpenVSP_Blade_0:RotorFlow_OpenVSP_Blade_0_segment_18:orig:0,orig,0,5.1969170570373535,5.1969170570373535,5.078329086303711,5.316227436065674,0.3897716999053955,0.22735746204853058,-6.900208950042725,6.900208950042725,20.24659538269043,1.7487588719132343,-46.15891004811275,165.07964548525365,-3.945872689960727,37.53208923339844,-5.282572269439697,-10.494572639465332,0.6804766512184254
0.36,120,blade_0,blade_0_RotorFlow_OpenVSP_Blade_0,RotorFlow_OpenVSP_Blade_0_segment_19,blade_0_RotorFlow_OpenVSP_Blade_0:RotorFlow_OpenVSP_Blade_0_segment_19:orig:0,orig,0,5.424272060394287,5.424272060394287,5.305829048156738,5.5434136390686035,0.3784080147743225,0.2273554801940918,-6.533483028411865,6.533483028411865,20.947423934936523,1.648480501507136,-42.29788653080229,162.55451878045045,-3.7243987178719813,36.95766067504883,-4.8293986320495605,-9.616656303405762,0.7711836349114201
0.36,120,blade_0,blade_0_RotorFlow_OpenVSP_Blade_0,RotorFlow_OpenVSP_Blade_0_segment_20,blade_0_RotorFlow_OpenVSP_Blade_0:RotorFlow_OpenVSP_Blade_0_segment_20:orig:0,orig,0,5.6516265869140625,5.6516265869140625,5.533326148986816,5.770604133605957,0.36704474687576294,0.22735585272312164,-5.928356647491455,5.928356647491455,21.6033878326416,1.4952831631905479,-35.90496613718822,153.09656352741877,-3.259367535886475,34.80739974975586,-4.093820095062256,-8.163204193115234,0.8618904283624597
0.36,120,blade_0,blade_0_RotorFlow_OpenVSP_Blade_0,RotorFlow_OpenVSP_Blade_0_segment_21,blade_0_RotorFlow_OpenVSP_Blade_0:RotorFlow_OpenVSP_Blade_0_segment_21:orig:0,orig,0,5.878983974456787,5.878983974456787,5.7608232498168945,5.997795104980469,0.3556809723377228,0.22735722362995148,-4.656862735748291,4.656862735748291,22.276025772094727,1.1755066447210039,-24.3263640585056,124.94231569205944,-2.278842950676673,28.406538009643555,-2.7768423557281494,-5.5307745933532715,0.9525983632652297
