time,step,total_kinetic_energy,total_enstrophy,test_filtered_enstrophy,kinetic_energy_rate,kinetic_energy_rate_source,viscous_kinetic_energy_rate,total_helicity,vortex_strength_magnitude_sum,net_vortex_strength_x,net_vortex_strength_y,net_vortex_strength_z,linear_impulse_x,linear_impulse_y,linear_impulse_z,angular_impulse_x,angular_impulse_y,angular_impulse_z,n_particles_total,max_vortex_strength_magnitude,mean_eddy_viscosity,max_eddy_viscosity,mean_effective_viscosity,max_effective_viscosity,invariant_projection_correction_ratio,mean_core_radius,mean_overlap_ratio,max_overlap_ratio,vorticity_divergence_error,vortex_strength_misalignment_degrees,n_stabilization_events,last_stabilization_mechanism,stabilization_vortex_strength_error,stabilization_vortex_strength_growth,stabilization_vorticity_growth,max_stabilization_vorticity_growth
0.0,0,27.272953033447266,2272.024658203125,1816.3590087890625,0.0,direct_energy_backward_difference,-4.248281955718994,-3.7158315535634756e-07,43.82182693481445,0.0,7.799826562404633e-07,7.217240636236966e-07,19.8052978515625,1.1175870895385742e-07,-1.6880221664905548e-09,-1.6851526840611086e-09,-0.10646364092826843,-0.16468144953250885,17544,0.014389812014997005,0.0010323274182155728,0.0021738847717642784,0.0020795247983187437,0.003221082268282771,0.0,0.07000000029802322,0.49726404732380713,0.6006933537592356,2.9548716102176447e-06,6.9514676078635045,0,none,0.0,0.0,0.0,0.0
0.03899296106,5,27.356544494628906,2258.488525390625,1816.29345703125,2.143757717015006,direct_energy_backward_difference,-4.101546764373779,-0.00848541222512722,43.873050689697266,-2.2759195417165756e-08,5.478505045175552e-07,3.9780570659786463e-07,19.806161880493164,0.00038388726534321904,0.0002286100061610341,-0.00010055721213575453,-0.10546892881393433,-0.16637785732746124,17544,0.016666200011968613,0.0010224966099485755,0.0023440795484930277,0.00206969422288239,0.0033912770450115204,0.0,0.07227137023425922,0.463556023389113,0.5850786883108141,0.10569307506465281,8.947335132630347,0,none,0.0,0.0,0.0,0.0
0.07798592212,10,27.357271194458008,2220.545166015625,1795.3043212890625,0.01863669260673384,direct_energy_backward_difference,-3.877539873123169,-0.013195997104048729,43.88774871826172,-1.4151737559586763e-07,-3.906607162207365e-07,-1.841108314692974e-07,19.81191635131836,0.0030434047803282738,0.0033923592418432236,-0.0007042317884042859,-0.1028769314289093,-0.16614103317260742,17544,0.02133335918188095,0.0010006778175011277,0.0022482688073068857,0.0020478754304349422,0.0032954663038253784,0.0,0.07446229920925966,0.4295754737483138,0.6758683111761234,0.08611213368414791,11.806693933921482,0,none,0.0,0.0,0.0,0.0
0.11697888318,15,27.234224319458008,2170.874267578125,1761.1868896484375,-3.15561762059216,direct_energy_backward_difference,-3.7004199028015137,0.051377397030591965,44.2359619140625,-1.1594966053962708e-07,5.830079317092896e-07,-1.2293457984924316e-06,19.815582275390625,0.00873515009880066,0.008087050169706345,-0.0007308758213184774,-0.09795158356428146,-0.16466282308101654,17544,0.024053173139691353,0.0009614889859221876,0.0021657366305589676,0.0020086863078176975,0.0032129341270774603,0.0,0.07655527479640845,0.40580764141260545,0.6358999308779228,0.07328654626047738,14.323187129941797,0,none,0.0,0.0,0.0,0.0
0.15597184424,20,27.180845260620117,2141.097412109375,1743.495849609375,-1.368940890530324,direct_energy_backward_difference,-3.4918692111968994,-0.008826655335724354,44.63518142700195,5.5675627663731575e-08,2.660381142050028e-07,6.798654794692993e-07,19.80637550354004,0.013110894709825516,0.011529844254255295,-0.0014969398034736514,-0.09171360731124878,-0.16609489917755127,17544,0.02715722844004631,0.0009333171765320003,0.0020537327509373426,0.001980514731258154,0.0031009302474558353,0.0,0.07855680956969414,0.40016611478451336,0.6767339706729587,0.08664025089941065,16.31985589243468,0,none,0.0,0.0,0.0,0.0
0.1949648053,25,27.089807510375977,2095.69091796875,1713.947509765625,-2.3347226722294128,direct_energy_backward_difference,-3.329782247543335,0.09217366576194763,45.01894760131836,1.279695425182581e-07,-2.7125352062284946e-06,-8.571514626964927e-07,19.796873092651367,0.015939056873321533,0.008381207473576069,0.00017326480883639306,-0.08763113617897034,-0.16766372323036194,17545,0.02732679806649685,0.0009041742305271327,0.001913423533551395,0.0019513716688379645,0.002960620913654566,0.0,0.08048197957322141,0.39648658347768506,0.8054388375536027,0.08279988815017567,17.304106891076053,1,filament refinement,0.0,0.0,0.0,0.0
0.23395776636,30,26.985641479492188,2048.612060546875,1682.500244140625,-2.671406019242925,direct_energy_backward_difference,-3.194303512573242,0.05298881232738495,45.19538879394531,-5.587935447692871e-09,1.06362858787179e-06,1.5245750546455383e-06,19.793363571166992,0.01369431708008051,0.004633849021047354,0.00011163149611093104,-0.08678649365901947,-0.16918689012527466,17545,0.0277511328458786,0.0008693528943695128,0.0018820875557139516,0.0019165504490956664,0.002929285168647766,0.0,0.08233147813583175,0.38919421035459734,0.87523411756844,0.07824449709612236,18.095726956914042,1,filament refinement,0.0,0.0,0.0,0.0
0.27295072742,35,26.873294830322266,2001.7476806640625,1650.2791748046875,-2.8812033278788385,direct_energy_backward_difference,-3.0471112728118896,-0.02226383425295353,45.33169174194336,-1.0384246706962585e-07,1.0959338396787643e-06,-1.604923454578966e-06,19.79276466369629,0.013707322999835014,0.006256451830267906,0.00014091265620663762,-0.08985535055398941,-0.16771434247493744,17545,0.026808861643075943,0.0008376792538911104,0.001809668610803783,0.001884876866824925,0.002856865990906954,0.0,0.08410657779142434,0.3802442156994017,0.8964168160925368,0.07483816972230788,18.44034213936921,1,filament refinement,0.0,0.0,0.0,0.0
0.31194368848,40,26.77417755126953,1953.73095703125,1617.1265869140625,-2.5419274750696346,direct_energy_backward_difference,-2.9729859828948975,0.08103631436824799,45.493255615234375,-2.2351741790771484e-08,-7.972121238708496e-07,-7.767230272293091e-07,19.7930908203125,0.018472403287887573,0.006837180815637112,0.001184593653306365,-0.09018386155366898,-0.1668887883424759,17545,0.025360630825161934,0.0008148979395627975,0.001715374062769115,0.0018620954360812902,0.002762571442872286,0.0,0.08582150055688478,0.37227913968266446,0.8802313271798871,0.07696890300899537,19.0118639727248,1,filament refinement,0.0,0.0,0.0,0.0
0.35093664954,45,26.67939567565918,1911.9248046875,1588.1678466796875,-2.4307432170772305,direct_energy_backward_difference,-2.8372890949249268,0.3294118642807007,45.52890396118164,-1.853914000093937e-08,1.37335155159235e-06,2.327375113964081e-06,19.793739318847656,0.020124876871705055,0.004603447392582893,0.003207490546628833,-0.08463893830776215,-0.16420648992061615,17545,0.025664065033197403,0.0007825196371413767,0.0018304602708667517,0.0018297170754522085,0.0028776577673852444,0.0,0.08747765847754363,0.3642211037292269,0.8932727870585987,0.0729088388491,19.07688051470159,1,filament refinement,0.0,0.0,0.0,0.0
0.3899296106,50,26.576078414916992,1865.649658203125,1555.57275390625,-2.6496387535998918,direct_energy_backward_difference,-2.76682448387146,0.13973252475261688,45.55904006958008,-1.1757947504520416e-08,-7.42089468985796e-07,-2.551823854446411e-07,19.793930053710938,0.02154790423810482,0.010030107572674751,0.0010639800457283854,-0.08723362535238266,-0.16205860674381256,17553,0.025005195289850235,0.0007616170332767069,0.001754501834511757,0.0018088145880028605,0.0028016993310302496,0.0,0.08908019865229144,0.36281284872348774,0.6757092728822575,0.07567394124962654,17.99018700781214,2,filament refinement,0.0,0.0,0.0,0.0
0.42892257166,55,26.482393264770508,1824.009033203125,1525.9937744140625,-2.402616974954207,direct_energy_backward_difference,-2.6631550788879395,-0.284795880317688,45.5958137512207,1.6140984371304512e-07,1.1494557838886976e-06,-7.874332368373871e-07,19.7946834564209,0.03430803492665291,0.01816398836672306,-0.004602586384862661,-0.08577684313058853,-0.15545162558555603,17553,0.024876516312360764,0.0007322418969124556,0.001630278187803924,0.0017794393934309483,0.002677475567907095,0.0,0.0906325079730309,0.3554268391158847,0.7129297972580678,0.06592912149918115,18.044679445044082,2,filament refinement,0.0,0.0,0.0,0.0
0.46791553272,60,26.383529663085938,1783.1160888671875,1496.6724853515625,-2.5354217529785665,direct_energy_backward_difference,-2.580702066421509,0.5855677723884583,45.61587142944336,4.115281626582146e-08,5.659530870616436e-07,-3.029417712241411e-07,19.794023513793945,0.042756177484989166,0.017596285790205002,0.0035804167855530977,-0.07838232070207596,-0.15511454641819,17553,0.02511168271303177,0.0007087240810506046,0.001623965217731893,0.0017559216357767582,0.002671162597835064,0.0,0.09213525194916461,0.34809162794639176,0.7181988743992025,0.06576354991058857,17.980548568898833,2,filament refinement,0.0,0.0,0.0,0.0
0.50690849378,65,26.279298782348633,1742.7261962890625,1467.446533203125,-2.6730691361684626,direct_energy_backward_difference,-2.5109310150146484,-0.4633621573448181,45.635765075683594,1.4257966540753841e-07,1.256848918274045e-07,1.2468663044273853e-06,19.789901733398438,0.03774953633546829,0.025750042870640755,-0.007118090987205505,-0.0696830302476883,-0.15248484909534454,17553,0.023925278335809708,0.0006907278439030051,0.0015032757073640823,0.001737925224006176,0.002550473203882575,0.0,0.09359726702191379,0.33993408401631503,0.7720410218634062,0.0665812817208761,18.251463230767982,2,filament refinement,0.0,0.0,0.0,0.0
0.54590145484,70,26.178489685058594,1704.4495849609375,1439.5257568359375,-2.5853152607446326,direct_energy_backward_difference,-2.4322595596313477,0.47187960147857666,45.624603271484375,-1.0960502550005913e-07,-3.1606759876012802e-06,-4.828907549381256e-07,19.78421974182129,0.057087238878011703,0.006175328977406025,0.0009383313008584082,-0.05095599964261055,-0.14607255160808563,17553,0.024201637133955956,0.0006715712370350957,0.0014689828967675567,0.0017187687335535884,0.0025161802768707275,0.0,0.09502144185221854,0.3322104543537256,0.6898171115996102,0.0674950960138524,18.463605886353978,2,filament refinement,0.0,0.0,0.0,0.0
0.5848944159,75,26.08673858642578,1667.49462890625,1412.5107421875,-2.3530169584102976,direct_energy_backward_difference,-2.3719961643218994,0.07888773828744888,45.659915924072266,1.994339982047677e-08,-1.323409378528595e-06,-2.520013367757201e-06,19.779436111450195,0.061075907200574875,0.002137106377631426,-0.0019014055142179132,-0.04893850162625313,-0.14746347069740295,17565,0.02320430986583233,0.0006526537472382188,0.001434521283954382,0.0016998512437567115,0.0024817187804728746,0.0,0.09641343593351392,0.3326608255977601,0.8995829281419097,0.06511793025729806,18.859062674539192,3,filament refinement,0.0,0.0,0.0,0.0
0.62388737696,80,26.003334045410156,1633.6522216796875,1387.6763916015625,-2.1389640270531722,direct_energy_backward_difference,-2.29107928276062,-0.176747664809227,45.691402435302734,-7.428138815157581e-08,-7.913913577795029e-07,-4.0270970202982426e-07,19.776031494140625,0.05533221364021301,-0.0006135767325758934,-0.00950565468519926,-0.045480433851480484,-0.1544400304555893,17565,0.022862615063786507,0.000632082112133503,0.001434465404599905,0.0016792797250673175,0.0024816629011183977,0.0,0.09776605401763949,0.3255929349198202,0.8933121573102069,0.07306252335671154,18.928433181979777,3,filament refinement,0.0,0.0,0.0,0.0
0.66288033802,85,25.925613403320312,1599.0174560546875,1362.076904296875,-1.993196720050366,direct_energy_backward_difference,-2.239623785018921,0.505488395690918,45.721649169921875,-1.4400575309991837e-07,5.7596480473876e-07,-2.3515895009040833e-07,19.773910522460938,0.0638616532087326,-0.008647189475595951,-0.003126933006569743,-0.043195195496082306,-0.1539551168680191,17565,0.022909600287675858,0.0006157840834930539,0.00133029418066144,0.0016629814635962248,0.0023774916771799326,0.0,0.09908533755179792,0.3197649995571453,0.9597472704408249,0.06969307159296463,19.305366192077475,3,filament refinement,0.0,0.0,0.0,0.0
0.70187329908,90,25.849178314208984,1566.3306884765625,1337.637451171875,-1.960227872761819,direct_energy_backward_difference,-2.1731081008911133,-0.3090629577636719,45.734962463378906,2.130400389432907e-08,-7.301568984985352e-07,7.805647328495979e-07,19.772682189941406,0.05984361842274666,-0.007771842181682587,-0.012908575125038624,-0.04517816752195358,-0.1643534153699875,17565,0.022554151713848114,0.0005975342937745154,0.0013777762651443481,0.0016447317320853472,0.002424973761662841,0.0,0.10037487501810326,0.31479845928799627,0.8531308065308082,0.07029715833367889,19.328488149182068,3,filament refinement,0.0,0.0,0.0,0.0
0.74086626014,95,25.77960777282715,1535.3482666015625,1314.330322265625,-1.7841820546735325,direct_energy_backward_difference,-2.108205556869507,0.08275118470191956,45.750457763671875,-1.9084473024122417e-07,-8.074566721916199e-07,1.559266820549965e-06,19.77290153503418,0.065883107483387,-0.006087725982069969,-0.014838967472314835,-0.04926256462931633,-0.16003142297267914,17565,0.022893564775586128,0.0005829969886690378,0.001387886586599052,0.0016301943687722087,0.002435083966702223,0.0,0.10163445959157696,0.31034993565185487,0.8216417693403404,0.06877404609742747,19.340651590153676,3,filament refinement,0.0,0.0,0.0,0.0
0.7798592212,100,25.71244239807129,1503.6923828125,1290.4129638671875,-1.7224999828176546,direct_energy_backward_difference,-2.0688180923461914,0.6207587718963623,45.83543395996094,3.626882971730083e-08,4.012370482087135e-06,3.7457793951034546e-06,19.773571014404297,0.0661754310131073,-0.008113658986985683,-0.010084148496389389,-0.044529300183057785,-0.16453813016414642,17591,0.022847991436719894,0.0005736886523663998,0.0012969024246558547,0.0016208861488848925,0.0023440998047590256,0.0,0.10287790544143444,0.308779223558293,0.8516848188368106,0.07161368213747535,22.725207453622716,4,filament refinement,0.0,1.550204625593775e-16,0.0,0.0
0.81885218226,105,25.645265579223633,1474.154296875,1267.987548828125,-1.722793474039803,direct_energy_backward_difference,-2.00712513923645,-0.2119075059890747,45.86487579345703,3.2843672670423985e-08,-2.0290644897613674e-07,-1.2267264537513256e-07,19.773603439331055,0.06072048097848892,-0.0033911068458110094,-0.020693659782409668,-0.04444728046655655,-0.1692468523979187,17591,0.023429399356245995,0.000554968835785985,0.0012961749453097582,0.0016021663323044777,0.002343372441828251,0.0,0.104089656708036,0.30460809742866257,0.7826666544346487,0.07095841404116689,23.0093732020228,4,filament refinement,0.0,1.550204625593775e-16,0.0,0.0
0.85784514332,110,25.579822540283203,1445.9012451171875,1246.478271484375,-1.6783295538835845,direct_energy_backward_difference,-1.9446220397949219,-0.15973545610904694,45.903072357177734,-1.5739351511001587e-07,-5.049078026786447e-07,1.6670674085617065e-07,19.771759033203125,0.07255025207996368,0.004188293591141701,-0.02146804891526699,-0.04573177546262741,-0.1558309942483902,17591,0.024602100253105164,0.0005383996176533401,0.0012607546523213387,0.0015855970559641719,0.0023079521488398314,0.0,0.10527265866354661,0.30001838077884424,0.818121200828631,0.0740909791167973,23.43265752771559,4,filament refinement,0.0,1.550204625593775e-16,0.0,0.0
0.89683810438,115,25.51599884033203,1417.8209228515625,1224.9290771484375,-1.6368005459488895,direct_energy_backward_difference,-1.9070461988449097,0.2059813141822815,45.983131408691406,-1.8224818632006645e-07,-3.6676647141575813e-07,7.973139872774482e-07,19.768644332885742,0.08096250891685486,-0.004554762039333582,-0.01574130170047283,-0.027873734012246132,-0.15146352350711823,17591,0.03691083565354347,0.0005313130677677691,0.0011974298395216465,0.0015785105060786009,0.002244627336040139,0.0,0.10643426609368994,0.2956383988154317,0.760568242300498,0.07323587919369579,23.468718652355506,4,filament refinement,0.0,1.550204625593775e-16,0.0,0.0
0.93583106544,120,25.444583892822266,1390.634033203125,1203.8902587890625,-1.8314830566439042,direct_energy_backward_difference,-1.8554564714431763,-0.08120919018983841,46.0469856262207,-3.959285095334053e-07,2.7008354663848877e-07,-1.0106014087796211e-06,19.76421546936035,0.08854574710130692,-0.005743779707700014,-0.02016853541135788,-0.020781543105840683,-0.14637432992458344,17591,0.05161071568727493,0.0005167574854567647,0.0011845866683870554,0.0015639549819752574,0.002231784164905548,0.0,0.10757677188616128,0.2917467530545387,0.7500635491795581,0.06733700670989105,23.968909787940007,4,filament refinement,0.0,1.550204625593775e-16,0.0,0.0
0.9748240265,125,25.375572204589844,1364.971435546875,1184.0301513671875,-1.7698498999917185,direct_energy_backward_difference,-1.8073902130126953,0.10607407987117767,46.12698745727539,2.1253072191029787e-08,2.1458836272358894e-06,2.415446942904964e-06,19.75982093811035,0.09148970246315002,-0.006524072028696537,-0.019031129777431488,-0.012330589815974236,-0.14566273987293243,17625,0.03157028555870056,0.0005015438655391335,0.0011864067055284977,0.0015487413620576262,0.0022336042020469904,0.0,0.10870872486821304,0.292300680829928,1.2603995735733344,0.06897628583407539,22.272992432243285,5,filament refinement,0.0,0.0,0.0,0.0
1.01381698756,130,25.31041145324707,1340.4613037109375,1165.007568359375,-1.671090103737132,direct_energy_backward_difference,-1.7578322887420654,0.35190027952194214,46.179752349853516,-1.6210833564400673e-07,-1.4882534742355347e-06,-6.146728992462158e-07,19.75699806213379,0.09713760018348694,-0.021090837195515633,-0.013963530771434307,0.008623550646007061,-0.1430322378873825,17625,0.03858361020684242,0.0004906258545815945,0.001196246244944632,0.0015378233511000872,0.0022434438578784466,0.0,0.1098068812252782,0.2874634700600745,1.3222572640052945,0.06976205969515212,22.01056817726262,5,filament refinement,0.0,0.0,0.0,0.0
1.05280994862,135,25.245141983032227,1317.0072021484375,1146.7735595703125,-1.673878270347593,direct_energy_backward_difference,-1.7154676914215088,0.23546701669692993,46.238040924072266,-2.946180757135153e-07,-3.0407682061195374e-07,-2.166489139199257e-07,19.754579544067383,0.09833812713623047,-0.030189959332346916,-0.020097674801945686,0.018339531496167183,-0.14825288951396942,17625,0.04793853685259819,0.00047932981397025287,0.001175164827145636,0.001526527339592576,0.0022223624400794506,0.0,0.1108864734836504,0.2825945472719271,1.4391572597679083,0.07379226738800398,21.65075352756947,5,filament refinement,0.0,0.0,0.0,0.0
1.09180290968,140,25.175729751586914,1294.337646484375,1129.1298828125,-1.7801220927670838,direct_energy_backward_difference,-1.680458903312683,0.3542497456073761,46.358131408691406,-1.9252183847129345e-07,-9.034429240273312e-07,1.0851072147488594e-06,19.75200080871582,0.09791836887598038,-0.04013829678297043,-0.028431838378310204,0.03014565259218216,-0.15223953127861023,17625,0.05916622281074524,0.0004659561382140964,0.0011069673346355557,0.0015131537802517414,0.0021541649475693703,0.0,0.11194723214917149,0.2786179404994574,1.5767269963447064,0.07004542800318278,21.751490158709466,5,filament refinement,0.0,0.0,0.0,0.0
1.13079587074,145,25.107622146606445,1274.32958984375,1113.629638671875,-1.746664093441599,direct_energy_backward_difference,-1.6427040100097656,0.6248844265937805,46.520721435546875,9.620562195777893e-07,2.631277311593294e-07,1.4170072972774506e-06,19.749164581298828,0.10997230559587479,-0.04955562204122543,-0.0313970111310482,0.037924543023109436,-0.13881494104862213,17625,0.07129307091236115,0.0004551686579361558,0.0010343061294406652,0.0015023660380393267,0.002081503625959158,0.0,0.11298932931989643,0.27648594284687034,1.5991498112739153,0.0700998522596905,21.794867596282607,5,filament refinement,0.0,0.0,0.0,0.0
1.1697888318,150,25.04610252380371,1257.1856689453125,1100.4898681640625,-1.5777109798886986,direct_energy_backward_difference,-1.6129369735717773,-0.021420015022158623,46.74949645996094,-3.547174856066704e-07,7.941853255033493e-07,4.3213367462158203e-07,19.74736785888672,0.11486451327800751,-0.054016999900341034,-0.0409482941031456,0.04015062376856804,-0.1385355144739151,17658,0.08260016143321991,0.0004471291322261095,0.0010657840175554156,0.001494326745159924,0.0021129813976585865,0.0,0.11402963803631086,0.27252660014580665,1.432779302886406,0.07097718299926134,22.464555635938876,6,filament refinement,0.0,1.5198952794617994e-16,0.0,0.0
1.20878179286,155,24.98208236694336,1241.5635986328125,1088.6768798828125,-1.6418388119291922,direct_energy_backward_difference,-1.589073896408081,0.2060488760471344,46.93980026245117,-2.969318302348256e-07,9.287032298743725e-07,-3.4167314879596233e-06,19.746294021606445,0.11433538049459457,-0.05839184299111366,-0.04697858914732933,0.04375932365655899,-0.14164888858795166,17658,0.0920284315943718,0.00043683205149136484,0.0010767295025289059,0.001484029577113688,0.0021239269990473986,0.0,0.11504080593594407,0.26955662464867525,1.4721315744486758,0.07245147691019366,22.210445589015823,6,filament refinement,0.0,1.5198952794617994e-16,0.0,0.0
1.24777475392,160,24.91571807861328,1227.27197265625,1077.9720458984375,-1.7019555972669242,direct_energy_backward_difference,-1.567669153213501,1.0250250101089478,47.14562225341797,-2.1323648979887366e-07,-5.3638359531760216e-08,2.25752592086792e-06,19.747461318969727,0.12209174036979675,-0.05917038396000862,-0.03635293245315552,0.04377387836575508,-0.13242921233177185,17658,0.09870865941047668,0.0004290431970730424,0.0010233612265437841,0.001476240693591535,0.002070558723062277,0.0,0.11603672516754077,0.2671372139074035,1.5000349988719517,0.07290436439072269,21.85042472437953,6,filament refinement,0.0,1.5198952794617994e-16,0.0,0.0
1.28676771498,165,24.85282325744629,1214.794189453125,1068.762451171875,-1.6129788417507762,direct_energy_backward_difference,-1.5558267831802368,0.6830552816390991,47.42219924926758,-2.462766133248806e-07,-3.705499693751335e-07,-1.178588718175888e-06,19.75042724609375,0.1289478838443756,-0.0587153360247612,-0.03493546321988106,0.04453110322356224,-0.12618008255958557,17658,0.10426397621631622,0.00042669623508118093,0.0010128567228093743,0.001473893760703504,0.002060054335743189,0.0,0.11702112838506078,0.264926091378868,1.5124769971594088,0.07024916843961021,21.791855077755486,6,filament refinement,0.0,1.5198952794617994e-16,0.0,0.0
1.32576067604,170,24.790557861328125,1204.0914306640625,1061.0157470703125,-1.5968368245323545,direct_energy_backward_difference,-1.5373530387878418,0.3497523367404938,47.7122917175293,-3.815657692030072e-07,-2.3283064365386963e-08,-7.59027898311615e-08,19.75405502319336,0.13958390057086945,-0.06200787425041199,-0.0411367267370224,0.05301903933286667,-0.11266941577196121,17658,0.1151876226067543,0.0004184908466413617,0.0009981259936466813,0.0014656882267445326,0.002045323606580496,0.0,0.11799452192081386,0.26279007384410813,1.5400153074585639,0.0642701557663265,21.697397449044864,6,filament refinement,0.0,1.5198952794617994e-16,0.0,0.0
1.3647536371,175,24.714111328125,1192.927978515625,1052.7459716796875,-1.9605213639839723,direct_energy_backward_difference,-1.516912817955017,-0.1886005401611328,48.05681228637695,-4.588364390656352e-07,1.8163018467021175e-06,-8.603092283010483e-07,19.755464553833008,0.1504381150007248,-0.056478727608919144,-0.04356539994478226,0.046818774193525314,-0.10261013358831406,17686,0.12142888456583023,0.000405957835027948,0.0010254740482196212,0.0014531553024426103,0.002072671428322792,0.0,0.11896179421108381,0.2745740591647963,2.7011373463926764,0.07226536884791046,21.567523756401105,7,filament refinement,0.0,1.4785467637928035e-16,0.0,0.0
1.40374659816,180,24.644668579101562,1182.724365234375,1045.3548583984375,-1.7809047360261592,direct_energy_backward_difference,-1.508536458015442,0.3389665186405182,48.25368881225586,-1.8149148672819138e-07,-2.059387043118477e-07,-1.7427373677492142e-07,19.754432678222656,0.1458386778831482,-0.0475049763917923,-0.04098770394921303,0.03615220636129379,-0.12364169210195541,17686,0.1366046816110611,0.0004013839061371982,0.0009770022006705403,0.00144858134444803,0.002024199813604355,0.0,0.11990658390012097,0.27137469868654546,2.5466468761030185,0.08070329500629564,21.249882389563922,7,filament refinement,0.0,1.4785467637928035e-16,0.0,0.0
1.44273955922,185,24.579204559326172,1173.36767578125,1038.610107421875,-1.6788676211241893,direct_energy_backward_difference,-1.4950933456420898,0.7674226760864258,48.524871826171875,-7.598137017339468e-07,4.2922329157590866e-07,1.1883676052093506e-06,19.7536563873291,0.14284706115722656,-0.050811853259801865,-0.03816014900803566,0.047814756631851196,-0.14222018420696259,17686,0.15818239748477936,0.0003964531351812184,0.0009728107834234834,0.001443650689907372,0.002020008396357298,0.0,0.12084150978631662,0.268323247377114,2.4695835635861623,0.07911867266632151,20.978818111987106,7,filament refinement,0.0,1.4785467637928035e-16,0.0,0.0
1.48173252028,190,24.521026611328125,1164.830810546875,1032.4925537109375,-1.492011543019938,direct_energy_backward_difference,-1.4772617816925049,0.17719794809818268,48.83100128173828,-5.644687917083502e-07,-1.174339558929205e-06,6.961636245250702e-07,19.75442123413086,0.14184394478797913,-0.05049770697951317,-0.052243780344724655,0.04758972302079201,-0.1626645028591156,17686,0.18724291026592255,0.000389499677112326,0.0010349482763558626,0.0014366972027346492,0.0020821457728743553,0.0,0.12176542576892363,0.26624687761659355,2.439885625786152,0.0684974376945028,20.806067174099752,7,filament refinement,0.0,1.4785467637928035e-16,0.0,0.0
1.52072548134,195,24.471805572509766,1156.6517333984375,1026.7054443359375,-1.262305746481297,direct_energy_backward_difference,-1.4662734270095825,-1.210607886314392,49.197532653808594,-1.4450051821768284e-07,-4.937173798680305e-07,-5.383044481277466e-07,19.75657844543457,0.12588192522525787,-0.035349588841199875,-0.08766389638185501,0.014766236767172813,-0.21734702587127686,17686,0.22630073130130768,0.0003831007925327867,0.001026528887450695,0.0014302983181551099,0.0020737263839691877,0.0,0.12267779649933458,0.26325170676114185,2.4181467967132515,0.06789407914721321,20.775319251619237,7,filament refinement,0.0,1.4785467637928035e-16,0.0,0.0
1.5597184424,200,24.42278480529785,1146.21337890625,1018.8221435546875,-1.2571696500936145,direct_energy_backward_difference,-1.4524681568145752,-0.3469415009021759,49.58986282348633,-6.076297722756863e-07,-1.1589727364480495e-06,-1.37049937620759e-06,19.759986877441406,0.10904659330844879,-0.024936450645327568,-0.12461501359939575,-0.006543441209942102,-0.2694248855113983,17707,0.1401204913854599,0.0003747814625967294,0.001000301563180983,0.0014219789300113916,0.0020474991761147976,0.0,0.1235874150001586,0.26464294255940063,1.6686573287727318,0.07702800055783479,21.421038792362243,8,filament refinement,0.0,0.0,0.0,0.0
1.59871140346,205,24.37253761291504,1137.283203125,1012.1928100585938,-1.2886221260677013,direct_energy_backward_difference,-1.4359941482543945,0.8652620911598206,49.881591796875,1.2988743947062176e-07,8.968636393547058e-07,-1.58390321303159e-06,19.762521743774414,0.12261775881052017,-0.04032481461763382,-0.10619280487298965,0.04123114049434662,-0.23451583087444305,17707,0.1375928521156311,0.00036552493111230433,0.0010148275177925825,0.0014127223985269666,0.002062025014311075,0.0,0.12447674554585064,0.2626612871274052,1.4365930312203334,0.07676755495962048,21.324351881833334,8,filament refinement,0.0,0.0,0.0,0.0
1.63770436452,210,24.323495864868164,1128.6141357421875,1005.7413330078125,-1.2577077173342288,direct_energy_backward_difference,-1.4197371006011963,0.7156135439872742,50.1944465637207,1.2083910405635834e-07,-6.721820682287216e-07,-3.25031578540802e-07,19.764873504638672,0.13757368922233582,-0.05295977741479874,-0.0866064727306366,0.08284058421850204,-0.19738881289958954,17707,0.1350710242986679,0.0003591923741623759,0.0009852960938587785,0.0014063899870961905,0.002032493706792593,0.0,0.12535471091985353,0.26025711483879344,1.3864854735376102,0.07732242756615312,21.249905240136787,8,filament refinement,0.0,0.0,0.0,0.0
1.67669732558,215,24.276338577270508,1119.7918701171875,999.140869140625,-1.2093794960863207,direct_energy_backward_difference,-1.4095416069030762,0.1357937604188919,50.512603759765625,-1.4985562302172184e-07,2.2118911147117615e-08,2.224929630756378e-06,19.766199111938477,0.14985622465610504,-0.05970277264714241,-0.08864182978868484,0.10833261907100677,-0.16006630659103394,17707,0.13331401348114014,0.0003539719618856907,0.0009703744435682893,0.0014011695748195052,0.002017572056502104,0.0,0.12622325790034808,0.25746289956419355,1.4288855836787149,0.08001424655925153,21.33654500835304,8,filament refinement,0.0,0.0,0.0,0.0
1.71569028664,220,24.2274112701416,1111.0107421875,992.5093383789062,-1.254772805112696,direct_energy_backward_difference,-1.3943259716033936,0.7888376712799072,50.82230758666992,-4.567700671032071e-07,6.612390279769897e-08,1.8742866814136505e-07,19.7666072845459,0.17418423295021057,-0.06747846305370331,-0.08326265215873718,0.14384083449840546,-0.08255065232515335,17707,0.15452180802822113,0.0003469313960522413,0.0009624258964322507,0.001394128892570734,0.0020096234511584044,0.0,0.1270824031039762,0.25485461488336736,1.4510803447623764,0.07804826867007775,21.14427948192509,8,filament refinement,0.0,0.0,0.0,0.0
1.7546832477,225,24.186477661132812,1102.11181640625,985.76953125,-1.0497691864386174,direct_energy_backward_difference,-1.3735418319702148,0.650843620300293,51.16391372680664,-3.7497375160455704e-07,-1.0385410860180855e-06,1.3690441846847534e-07,19.765758514404297,0.1995842456817627,-0.07153506577014923,-0.0682995468378067,0.17868798971176147,-0.005091826897114515,17734,0.1275966912508011,0.0003387400647625327,0.0009257248602807522,0.0013859375612810254,0.001972922356799245,0.0,0.12793568370029207,0.2523348393183889,2.46894054914288,0.07166907953882057,25.951681200374942,9,filament refinement,0.0,0.0,0.0,0.0
1.79367620876,230,24.13277816772461,1092.71923828125,978.5023193359375,-1.3771586447506177,direct_energy_backward_difference,-1.3614423274993896,0.32448241114616394,51.39646530151367,-4.2747706174850464e-07,4.3585896492004395e-07,6.682239472866058e-07,19.762861251831055,0.21241027116775513,-0.0779929831624031,-0.07589935511350632,0.20992881059646606,0.026938509196043015,17734,0.12527020275592804,0.00033427414018660784,0.0008685135398991406,0.0013814715202897787,0.0019157109782099724,0.0,0.12877462058545194,0.2503026505797522,2.458416024537406,0.07664881839166122,26.580284919206562,9,filament refinement,0.0,0.0,0.0,0.0
1.83266916982,235,24.077880859375,1083.16650390625,971.0679931640625,-1.4078773926693284,direct_energy_backward_difference,-1.3503904342651367,0.5250507593154907,51.6638069152832,-2.8844806365668774e-07,-9.918585419654846e-07,-6.653135642409325e-08,19.759267807006836,0.23157773911952972,-0.09465212374925613,-0.0847582295536995,0.26616209745407104,0.08585498481988907,17734,0.1326330453157425,0.0003297776565887034,0.0008522000862285495,0.0013769750948995352,0.0018993975827470422,0.0,0.12960586327863236,0.24814741410089242,2.372735827518437,0.07404290737223551,27.034819404599567,9,filament refinement,0.0,0.0,0.0,0.0
1.87166213088,240,24.02015495300293,1073.6478271484375,963.62451171875,-1.4804186397448746,direct_energy_backward_difference,-1.332786202430725,0.2501294016838074,51.924827575683594,-1.434236764907837e-07,2.036580553976819e-06,2.194181433878839e-06,19.75497055053711,0.2497348040342331,-0.09697086364030838,-0.09961797297000885,0.2890532612800598,0.14207738637924194,17734,0.14028684794902802,0.00032404353260062635,0.0008419941877946258,0.0013712410582229495,0.0018891916843131185,0.0,0.13042867521889734,0.24632455822157565,2.3370546061545125,0.07719031557189025,26.929874759527117,9,filament refinement,0.0,0.0,0.0,0.0
1.91065509194,245,23.960601806640625,1063.8177490234375,955.894775390625,-1.527279404882025,direct_energy_backward_difference,-1.3190299272537231,-0.5987052917480469,52.22031784057617,-3.7458084989339113e-07,-1.8854625523090363e-06,1.4474644558504224e-06,19.75047492980957,0.2565256357192993,-0.08762519806623459,-0.13759106397628784,0.2838367223739624,0.16656383872032166,17734,0.14888684451580048,0.00031980089261196554,0.0008522590505890548,0.0013669984182342887,0.0018994566053152084,0.0,0.13124332160053384,0.2449056889992593,2.289107619066074,0.08169471564835701,26.692379488757965,9,filament refinement,0.0,0.0,0.0,0.0
1.949648053,250,23.900571823120117,1053.1627197265625,947.3443603515625,-1.5395082058050789,direct_energy_backward_difference,-1.3075339794158936,-0.6518498659133911,52.534095764160156,-8.285860531032085e-07,1.2079253792762756e-06,8.18807166069746e-07,19.746875762939453,0.26385629177093506,-0.09230690449476242,-0.16871100664138794,0.31515637040138245,0.20064859092235565,17759,0.15642623603343964,0.00031462113838642836,0.0008455511997453868,0.0013618185184895992,0.0018927487544715405,0.0,0.13205696983021978,0.24816069854143152,2.2849166613179706,0.08316207275237511,22.34516699931414,10,filament refinement,0.0,0.0,0.0,0.0
1.98864101406,255,23.849773406982422,1043.7366943359375,939.8726196289062,-1.3027586199347587,direct_energy_backward_difference,-1.2975183725357056,0.06090015172958374,52.84978103637695,-1.9650906324386597e-07,6.742775440216064e-07,1.5553086996078491e-06,19.744436264038086,0.2761622667312622,-0.10387856513261795,-0.1680133193731308,0.3674522638320923,0.25672563910484314,17759,0.1646239012479782,0.000310125935357064,0.000852176861371845,0.0013573233736678958,0.0018993744160979986,0.0,0.13285630384999303,0.24668673337196068,2.174515439393027,0.07919806187688426,22.20112011150327,10,filament refinement,0.0,0.0,0.0,0.0
2.02763397512,260,23.804166793823242,1034.98583984375,932.9768676757812,-1.1696114354845433,direct_energy_backward_difference,-1.2859468460083008,0.09253589808940887,53.23484420776367,-4.225003067404032e-07,9.172072168439627e-07,5.281472112983465e-07,19.743030548095703,0.29265472292900085,-0.11149808019399643,-0.1721331775188446,0.40727266669273376,0.31843534111976624,17759,0.1729377806186676,0.0003056467685382813,0.0008024420239962637,0.0013528442941606045,0.0018496394623070955,0.0,0.1336481765829716,0.24580757862536584,2.043485882536831,0.07669489735854568,22.022345754708866,10,filament refinement,0.0,0.0,0.0,0.0
2.06662693618,265,23.761384963989258,1026.506103515625,926.302978515625,-1.0971680188163797,direct_energy_backward_difference,-1.2723191976547241,0.03964268043637276,53.617401123046875,-5.394977051764727e-07,2.4493783712387085e-06,2.0479783415794373e-06,19.742168426513672,0.31903353333473206,-0.12637415528297424,-0.18638953566551208,0.47498148679733276,0.40998515486717224,17759,0.1813661903142929,0.00030186696676537395,0.0008752578287385404,0.0013490644050762057,0.001922455383464694,0.0,0.13443302025303083,0.24480827388631066,1.9333193103984532,0.08446131863843087,21.919415440587894,10,filament refinement,0.0,0.0,0.0,0.0
2.10561989724,270,23.721603393554688,1018.2109985351562,919.7473754882812,-1.0202244034085257,direct_energy_backward_difference,-1.2604503631591797,0.26314017176628113,53.98268508911133,-8.215720299631357e-07,-8.10716301202774e-07,-4.4630724005401134e-07,19.741823196411133,0.34886041283607483,-0.14700770378112793,-0.1862298995256424,0.5652163028717041,0.5234224200248718,17759,0.18996471166610718,0.00029816507594659925,0.0008517960086464882,0.0013453626306727529,0.0018989935051649809,0.0,0.13521126684700693,0.24334128551414355,1.8711944073188185,0.0848407249264933,21.941631511209504,10,filament refinement,0.0,0.0,0.0,0.0
2.1446128583,275,23.73311996459961,1008.8007202148438,912.2224731445312,0.2953499998935934,direct_energy_backward_difference,-1.2464250326156616,1.7961233854293823,54.38084411621094,-1.1028896551579237e-07,-7.490161806344986e-07,-1.5398836694657803e-07,19.740934371948242,0.3716179132461548,-0.16009895503520966,-0.1689276099205017,0.632726788520813,0.621222198009491,17780,0.1987667679786682,0.0002932253119070083,0.000842419802211225,0.0013404227793216705,0.0018896172987297177,0.0,0.1359880840349251,0.24750059103021577,4.0458034958306754,0.08750955997363159,22.752518994606593,11,filament refinement,0.0,0.0,0.0,0.0
2.18360581936,280,23.70292854309082,1000.290771484375,905.3826293945312,-0.7742787592440693,direct_energy_backward_difference,-1.2391053438186646,1.4833556413650513,54.72774124145508,-4.816683940589428e-07,2.3096799850463867e-06,1.1462252587080002e-06,19.741985321044922,0.38096535205841064,-0.16004520654678345,-0.1660001426935196,0.6495932936668396,0.6750470399856567,17780,0.20785358548164368,0.0002904882712755352,0.0007926704129204154,0.0013376858551055193,0.001839867909438908,0.0,0.1367528367544555,0.24568521741858868,4.008617722903435,0.0853830714458835,22.518281982452127,11,filament refinement,0.0,0.0,0.0,0.0
2.22259878042,285,23.67483139038086,992.1484985351562,898.8653564453125,-0.7205698655900173,direct_energy_backward_difference,-1.230323076248169,0.9634422063827515,55.071929931640625,-2.7793612389359623e-07,6.55418261885643e-07,2.257176674902439e-06,19.742380142211914,0.3834261894226074,-0.16004091501235962,-0.18228016793727875,0.661611020565033,0.7005420327186584,17780,0.2172267585992813,0.0002886591537389904,0.0008288883836939931,0.0013358566211536527,0.0018760858802124858,0.0,0.13751217262699983,0.24373973115399603,3.9680071319230255,0.08622422043371769,22.96376239852545,11,filament refinement,0.0,0.0,0.0,0.0
2.26159174148,290,23.649513244628906,984.8170166015625,893.0380249023438,-0.6493004138104529,direct_energy_backward_difference,-1.2160459756851196,0.6056637763977051,55.42779541015625,4.729372449219227e-08,-6.29061833024025e-06,2.3087486624717712e-06,19.741825103759766,0.38700321316719055,-0.15922315418720245,-0.2129984200000763,0.6716665029525757,0.7356739640235901,17780,0.2268589287996292,0.00028520188061520457,0.000814716680906713,0.0013323993189260364,0.0018619141774252057,0.0,0.13826594846983126,0.2417058143549664,3.928901644602359,0.08906628698417003,23.385949008647646,11,filament refinement,0.0,0.0,0.0,0.0
2.30058470254,295,23.62948989868164,977.8744506835938,887.5861206054688,-0.5135118083608717,direct_energy_backward_difference,-1.2055423259735107,0.7866867184638977,55.83991241455078,7.33125489205122e-08,9.227078408002853e-07,3.3182441256940365e-06,19.740915298461914,0.40070199966430664,-0.1547016054391861,-0.23052391409873962,0.6750993728637695,0.8108379244804382,17780,0.23669017851352692,0.0002822954847943038,0.0007782814791426063,0.001329493010416627,0.001825478975661099,0.0,0.13901372764163197,0.24026067680537083,3.891606736250316,0.09456776998210913,23.36851262238006,11,filament refinement,0.0,0.0,0.0,0.0
2.3395776636,300,23.600576400756836,968.3688354492188,879.7492065429688,-0.7415055727702853,direct_energy_backward_difference,-1.1962758302688599,0.4939824044704437,56.318145751953125,-2.5883309717755765e-07,6.100162863731384e-07,-1.0631629265844822e-07,19.74033546447754,0.4155588448047638,-0.1525741070508957,-0.2345324605703354,0.6832248568534851,0.8940356373786926,17803,0.24669882655143738,0.0002788413839880377,0.0007456966559402645,0.0013260389678180218,0.001792894210666418,0.0,0.139760769957228,0.24152285380636473,1.4597702558444448,0.09705967740593313,27.448076755376746,12,filament refinement,0.0,-1.2616578619074033e-16,0.0,0.0
2.37857062466,305,23.579692840576172,961.197265625,874.0463256835938,-0.5355725652260607,direct_energy_backward_difference,-1.1859681606292725,0.21256841719150543,56.72372055053711,1.5170553524512798e-07,-1.8252467270940542e-07,1.916196197271347e-06,19.739301681518555,0.432811439037323,-0.16325829923152924,-0.2827875018119812,0.7069985270500183,0.9592584371566772,17803,0.25705546140670776,0.000276238628430292,0.0007305496837943792,0.0013234360376372933,0.001777747180312872,0.0,0.1404973532064359,0.24035405660970033,1.5125232332985596,0.09934814799036272,27.601848981983544,12,filament refinement,0.0,-1.2616578619074033e-16,0.0,0.0
2.41756358572,310,23.565839767456055,954.9754028320312,869.1742553710938,-0.3552711244165566,direct_energy_backward_difference,-1.1761691570281982,0.3911926746368408,57.21064758300781,-2.9604416340589523e-07,-2.6030465960502625e-07,9.665964171290398e-07,19.738174438476562,0.45557981729507446,-0.17858336865901947,-0.33458760380744934,0.7365310192108154,1.0293371677398682,17803,0.2945306599140167,0.00027550250524654984,0.0007320434669964015,0.0013227000599727035,0.0017792410217225552,0.0,0.1412291728495373,0.23906680982595738,1.6012519529046352,0.09564159259785779,27.40957343045182,12,filament refinement,0.0,-1.2616578619074033e-16,0.0,0.0
2.45655654678,315,23.559051513671875,949.2584838867188,864.749267578125,-0.17408920994059274,direct_energy_backward_difference,-1.1731634140014648,1.167047142982483,57.74626541137695,-3.324457793496549e-07,-7.576309144496918e-07,1.3800199667457491e-06,19.73801612854004,0.4795517921447754,-0.18398608267307281,-0.39314645528793335,0.7334976196289062,1.0961124897003174,17803,0.3536001443862915,0.0002761984942480922,0.0007120963418856263,0.001323395874351263,0.001759293838404119,0.0,0.14195721759402014,0.23787504033609716,1.721395942349491,0.09308890213960641,26.840393102580133,12,filament refinement,0.0,-1.2616578619074033e-16,0.0,0.0
2.49554950784,320,23.5555362701416,944.2362670898438,860.9545288085938,-0.09015072040475201,direct_energy_backward_difference,-1.1713064908981323,2.005692958831787,58.35234069824219,-9.115901775658131e-07,5.608890205621719e-07,2.2625972633250058e-06,19.738096237182617,0.4940010607242584,-0.17975163459777832,-0.46472159028053284,0.7040155529975891,1.136203408241272,17803,0.4253482222557068,0.00027701069484464824,0.0007149308803491294,0.0013242082204669714,0.001762128435075283,0.0,0.1426821239252864,0.23681550226649234,1.844645777532746,0.10066965036837153,26.56438776591225,12,filament refinement,0.0,-1.2616578619074033e-16,0.0,0.0
2.5345424689,325,23.57575798034668,937.6326904296875,855.7344360351562,0.518598989544862,direct_energy_backward_difference,-1.1653633117675781,1.496496558189392,59.03989791870117,-6.280724846874364e-07,2.415807102806866e-06,-8.132774382829666e-07,19.737319946289062,0.5011003017425537,-0.1764649897813797,-0.550704836845398,0.6761074066162109,1.1630398035049438,17819,0.512489378452301,0.000276214093901217,0.0007419608300551772,0.0013234115904197097,0.00178915832657367,0.0,0.14340465043997203,0.2554533188336503,6.917790057761145,0.10876185993538245,23.507951091883797,13,filament refinement,0.0,1.2034915714776693e-16,0.0,0.0
2.57353542996,330,23.587156295776367,934.6683959960938,853.88720703125,0.2923172572646728,direct_energy_backward_difference,-1.1663920879364014,1.5649328231811523,59.64601135253906,-1.2301316019147635e-06,2.0489096641540527e-06,-1.5262048691511154e-07,19.733806610107422,0.4972306191921234,-0.16667349636554718,-0.6339393258094788,0.6143142580986023,1.1543735265731812,17819,0.6180792450904846,0.00027614537975750864,0.0007379610906355083,0.0013233429053798318,0.001785158645361662,0.0,0.14412219911718405,0.25353051507664603,7.077408058154822,0.11581763203737401,23.99037098330208,13,filament refinement,0.0,1.2034915714776693e-16,0.0,0.0
2.61252839102,335,23.61214256286621,933.7261352539062,853.9462890625,0.6407891683680148,direct_energy_backward_difference,-1.1706055402755737,1.5179895162582397,60.331146240234375,-1.3664248399436474e-06,3.287968866061419e-07,-4.507368430495262e-06,19.72890281677246,0.4912089407444,-0.15430769324302673,-0.7494882941246033,0.5543965101242065,1.1612523794174194,17819,0.7462611794471741,0.00027592998230829835,0.0007180746179074049,0.001323127537034452,0.0017652721144258976,0.0,0.14483618675638874,0.25271034628796973,7.3021597340028634,0.12008469391328909,24.352077484949774,13,filament refinement,0.0,1.2034915714776693e-16,0.0,0.0
