time,step,x,y,z,Ux,Uy,Uz,omega_x,omega_y,omega_z,p
0.05,5,-1.5,0.75,0.0,0.9601782755720951,0.03505479918325039,-0.002539838998241112,0.000162366449990757,-0.0003289776355315987,0.03397721163037584,1.7135836652511434
0.05,5,-1.46875,0.75,0.0,0.9580475395850512,0.03729932239360025,-0.0024127433883790023,4.484913181393119e-05,0.0004141440005553428,0.035272012359211555,1.7059098127968462
0.05,5,-1.4375,0.75,0.0,0.9539087116708078,0.04160463522405749,-0.0023746023582656016,-4.9629772936226195e-05,0.002035346994333485,0.03753283876652699,1.6908198672198944
0.05,5,-1.40625,0.75,0.0,0.951401481841518,0.0460998731325685,-0.002231576581207583,-0.00010081023833531933,0.0020326870301459197,0.03453482324848407,1.6754127884103849
0.05,5,-1.375,0.75,0.0,0.9498358058726256,0.05051930281537151,-0.0021068618916542034,-9.393540805558814e-05,0.000923823736653945,0.027825106056116093,1.6613797201143683
0.05,5,-1.34375,0.75,0.0,0.9477959355216776,0.05501014580724791,-0.0019316610851801263,-9.073458697626474e-05,0.0009931494670739822,0.0023138986962065807,1.644935196246111
0.05,5,-1.3125,0.75,0.0,0.9434570435350916,0.061380340764717066,-0.0013672696638383666,-0.00025057414983025816,0.003392433959012059,-0.061722600284204905,1.6114583301942051
0.05,5,-1.28125,0.75,0.0,0.9414348048570372,0.06283505661825833,-0.0014028156397686924,-0.0003698850498935628,0.004651893845222756,-0.09300723453811875,1.5909680511720696
0.05,5,-1.25,0.75,0.0,0.9418351679637557,0.06374182716265167,-0.0019245766122303345,-0.0005028330409524189,0.00899048451550845,-0.0929383047299407,1.5812394574124247
0.05,5,-1.21875,0.75,0.0,0.9432099880631081,0.06598887708402298,-0.0018728102839876536,-0.00016037233445320907,0.003752072942320307,-0.05869899228638635,1.5652141235852806
0.05,5,-1.1875,0.75,0.0,0.9418093675711734,0.0700743678713861,-0.0017864984937878369,1.6549310442169157e-05,0.001531238344694672,-0.017389548973668362,1.5526269883428212
0.05,5,-1.15625,0.75,0.0,0.9386785115579612,0.07622021528969243,-0.0016557803576767824,4.669357156241623e-05,0.0003157744603435996,0.0004184732918990957,1.5388870146340394
0.05,5,-1.125,0.75,0.0,0.9371039930146583,0.08231146207668884,-0.001546530233802444,5.008031401142248e-05,6.188968010184186e-05,0.0030427785915024055,1.524502416410254
0.05,5,-1.09375,0.75,0.0,0.9359381196572707,0.08883440222612297,-0.0014559340226517798,5.807267646709257e-05,8.868725230341808e-05,0.0036423306081317646,1.5088783398242032
0.05,5,-1.0625,0.75,0.0,0.9349607395567232,0.09582259066317361,-0.0013797041237956938,7.161123659532833e-05,0.00010689892515391035,0.004275706729964335,1.4924628668708313
0.05,5,-1.03125,0.75,0.0,0.934294879327221,0.10330875239505585,-0.001314717599631113,8.942431118655358e-05,0.00011843422126254583,0.005055492592155658,1.475096571670975
0.05,5,-1.0,0.75,0.0,0.9340728986650556,0.11209929951518567,-0.0008642686203158931,-9.621070954687876e-05,3.371670267019495e-05,0.0060633645298784,1.4542980152976572
0.05,5,-0.96875,0.75,0.0,0.934412446625858,0.12059849990460826,-0.0008071862635841137,-8.623896506074257e-05,4.26216865081789e-05,0.007136240894551005,1.434458869796996
0.05,5,-0.9375,0.75,0.0,0.9353757180018311,0.12964101365179495,-0.0007563906333718034,-7.372553770546136e-05,5.219736166451511e-05,0.008382042795412582,1.4131346572145327
0.05,5,-0.90625,0.75,0.0,0.9371092024744166,0.13922244138511503,-0.0007091197315391018,-5.99515504622801e-05,6.189493569598559e-05,0.009820023958320625,1.3900928591241948
0.05,5,-0.875,0.75,0.0,0.9397862392077977,0.1493159027809007,-0.000662321688119553,-4.671403600531455e-05,7.085793433816531e-05,0.011468580196581273,1.3650670164390455
0.05,5,-0.84375,0.75,0.0,0.9436079309179921,0.15986276510335617,-0.0006129771695062897,-3.62634805134575e-05,7.82101117672205e-05,0.013341197994380036,1.3377597896224438
0.05,5,-0.8125,0.75,0.0,0.9497503888747554,0.1726432750174037,-0.000570717380381061,-4.908079249947277e-06,8.65836154585069e-05,0.015834106561407935,1.3028969747087327
0.05,5,-0.78125,0.75,0.0,0.9568647784330324,0.18386252168745656,-0.000527108763488391,9.424443295395492e-06,9.173886792706937e-05,0.018212092944982185,1.2694831742946702
0.05,5,-0.75,0.75,0.0,0.9659719016053054,0.19504322034322938,-0.0004788881748227377,1.9232362482168814e-05,9.407283570361122e-05,0.02077194801139486,1.2326035076802482
0.05,5,-0.7187500000000001,0.75,0.0,0.9773685273639875,0.20582126762421415,-0.0004276568924278132,2.523076681950053e-05,9.392199370769006e-05,0.023429414213850412,1.1919331203308436
0.05,5,-0.6875,0.75,0.0,0.9913242285825923,0.21568650634952408,-0.00037598421117443807,2.9234686939833628e-05,9.165094884188053e-05,0.026045967292858838,1.147224905679013
0.05,5,-0.65625,0.75,0.0,1.0098570829123485,0.22440608504718557,-0.0009252126105752882,0.000602976893812227,0.0001078371979581597,0.02857809582046229,1.0931193009969324
0.05,5,-0.6250000000000001,0.75,0.0,1.0297086371639157,0.22968257191995314,-0.0008990665590765728,0.0006456156706036746,6.1772630328235e-05,0.030393380430612866,1.0392946498810267
0.05,5,-0.59375,0.75,0.0,1.051944360870499,0.2311907386416417,-0.0008740299479031443,0.0006826424327929985,3.0058599556606798e-06,0.03150320508247888,0.9819125110022067
0.05,5,-0.5625,0.75,0.0,1.0757040242348046,0.22779097015699803,-0.0008498907864798039,0.0007095209540716877,-6.82310957536436e-05,0.03183707106154378,0.9220152394981984
0.05,5,-0.5312500000000001,0.75,0.0,1.0994850599107178,0.21857120233464125,-0.0008258703959482964,0.0007202913484220218,-0.0001492104293773047,0.03152527696351538,0.8613548351862725
0.05,5,-0.5,0.75,0.0,1.1211545525919557,0.20332011193133112,-0.0008009010677720482,0.0007092176772761982,-0.0002337931219779491,0.030805928413625987,0.8022685113877841
0.05,5,-0.46875,0.75,0.0,1.1402875923748772,0.1803199829960373,-0.0007524207294874884,0.0006771732347476513,-0.00025162182521052876,0.029593564729828895,0.740746973044054
0.05,5,-0.4375,0.75,0.0,1.1508910169481386,0.1577633201763933,-0.0006802411792793926,0.0005835276236857884,-0.0002959717854359039,0.027872528677280486,0.6920446182547454
0.05,5,-0.40625,0.75,0.0,1.155981720854184,0.13590291650557698,-0.0006147730357084283,0.0004886265202397501,-0.0003199262539993626,0.02526655994429548,0.6485541061351456
0.05,5,-0.375,0.75,0.0,1.1571264386935738,0.11616387497627181,-0.0005566593324570938,0.00039988706830534806,-0.00032560295538766734,0.021852442142669362,0.6078205711507592
0.05,5,-0.34375,0.75,0.0,1.1558772784448046,0.0988281285404149,-0.0005055593931764062,0.0003214473643600678,-0.0003169751191693665,0.018128812983640837,0.5669945677917055
0.05,5,-0.3125,0.75,0.0,1.1530552433477876,0.08238019803508703,-0.00016341119785089582,7.290096779761021e-05,-5.800909918070128e-05,0.014384213971711088,0.5196247892163554
0.05,5,-0.28125,0.75,0.0,1.1496487417894288,0.06950188592964449,-0.00016511638811360528,6.15809219429726e-05,-5.9435291229350466e-05,0.01151093220512454,0.47417926007983885
0.05,5,-0.25,0.75,0.0,1.1460298046755863,0.05828443073552203,-0.00016604636446536966,5.12002670064315e-05,-5.699724392552188e-05,0.009280192344092488,0.42590647240392276
0.05,5,-0.21875,0.75,0.0,1.1424669844491937,0.04846223387111892,-0.00016549717122660106,4.173351548345113e-05,-5.095210737178792e-05,0.007628962350883841,0.3751185428249495
0.05,5,-0.1875,0.75,0.0,1.1391404950987118,0.03978956682410882,-0.00016345926075944235,3.369653999074483e-05,-4.270507367294706e-05,0.006456068722492391,0.32228488397592825
0.05,5,-0.15625,0.75,0.0,1.1357135703372263,0.030891160012197175,-0.00015108803591422972,2.0842239121301086e-05,-2.241344748894467e-05,0.005549692380165416,0.2591235726596268
0.05,5,-0.125,0.75,0.0,1.1332717155000769,0.023966556162036766,-0.00015160364534244484,1.6740290750189674e-05,-1.3535151356261581e-05,0.005068396111625054,0.20338892967143168
0.05,5,-0.09375,0.75,0.0,1.1313034007179092,0.01756303929504022,-0.00015174640494908432,1.4262342316717981e-05,-8.275606601563642e-06,0.004798443330230827,0.14679054087565288
0.05,5,-0.0625,0.75,0.0,1.1298402418947084,0.01153349348249159,-0.0001525797278187057,1.4233624997185076e-05,-1.3946678978420368e-05,0.004689164621395351,0.08956964742327204
0.05,5,-0.03125,0.75,0.0,1.1289088354383081,0.005742330180199713,-0.00015478740905822908,1.585773453690161e-05,-2.6865894977940124e-05,0.004716170060946735,0.03188299684675449
0.05,5,0.0,0.75,0.0,1.1285116076218566,6.163736027523684e-05,-0.0001579172082394053,1.7473586343676757e-05,-7.86660900696072e-05,0.004826090219606304,-0.02619908315331749
0.05,5,0.03125,0.75,0.0,1.1286665682933779,-0.006309822240667513,-0.00013429433733292553,1.7479194957024726e-05,-6.131124644780122e-05,0.004917638476505521,-0.09114620943789083
0.05,5,0.06249999999999978,0.75,0.0,1.129381234018124,-0.012241888994806969,-0.00011197476902739903,1.461368803321166e-05,-3.4666794895170224e-05,0.004857331663613935,-0.15091393343479395
0.05,5,0.09375,0.75,0.0,1.130607823867442,-0.01848523715047769,-8.78666422315357e-05,1.2016378952293866e-05,-4.3288928906835453e-05,0.004651603555598246,-0.2113519452753115
0.05,5,0.125,0.75,0.0,1.132328840624857,-0.025185453451827388,-5.9951268586104674e-05,8.16219749522108e-06,-6.499540212993562e-05,0.004454946255474005,-0.27253417649730993
0.05,5,0.15624999999999978,0.75,0.0,1.134510151790746,-0.032496294225213676,-2.691475488470136e-05,2.2482873757713452e-06,-9.10204512205076e-05,0.004346418843260435,-0.3345255418611846
0.05,5,0.1875,0.75,0.0,1.1374671013730815,-0.04161804659280987,-2.8438318735864567e-05,3.148495314579724e-06,-9.168245523209165e-05,0.004355131615143626,-0.4050699073075849
0.05,5,0.21875,0.75,0.0,1.140364046959274,-0.05076940278409972,-6.194457157259451e-06,-3.0711584479136555e-06,-0.00011090902691112169,0.004509871125691526,-0.46875343738510544
0.05,5,0.24999999999999978,0.75,0.0,1.1433460961622897,-0.06107156374494091,1.83161038939182e-05,-1.1106492840228926e-05,-0.00013005456891972066,0.004838358360598958,-0.5331688921168838
0.05,5,0.28125,0.75,0.0,1.1461711542185853,-0.07270995216955589,4.6079533091938727e-05,-2.1536752588056746e-05,-0.0001498970000727278,0.005397065828040711,-0.5982838961282254
0.05,5,0.3125,0.75,0.0,1.148506791212708,-0.08584824078911557,7.777150370452283e-05,-3.5130110075624204e-05,-0.0001709083339674817,0.006267767350235701,-0.6640293539488265
0.05,5,0.3437499999999998,0.75,0.0,1.1498733423682679,-0.10198016476519813,-0.00021805059235345737,6.201127809051309e-05,6.177266017008069e-06,0.007690401252093221,-0.7369516425521734
0.05,5,0.375,0.75,0.0,1.1495491858807045,-0.11829180742732055,-0.00020330457813516004,6.937985176529206e-05,-1.0441403799748552e-06,0.009562373119869527,-0.802871616261011
0.05,5,0.40625,0.75,0.0,1.1470478594085434,-0.13597813352525848,-0.00018554018761522673,7.611020166071048e-05,-1.1008411498832473e-05,0.012096524908551261,-0.8687422748998617
0.05,5,0.4374999999999998,0.75,0.0,1.1416576044749318,-0.15457914767250594,-0.00016715609435613983,8.254068829967914e-05,-2.2388567146747375e-05,0.015331899781803257,-0.9340583697387365
0.05,5,0.46875,0.75,0.0,1.1327268429498711,-0.17328560339468274,-0.00015102793358917366,8.972775478761417e-05,-3.3538580319696936e-05,0.019149254767463732,-0.9981323322380892
0.05,5,0.5,0.75,0.0,1.1173391618617332,-0.19366242434085318,-0.00012656116716237977,7.693239305460983e-05,-3.8916635494140084e-05,0.02393731665776023,-1.0698513721940845
0.05,5,0.53125,0.75,0.0,1.100018719369001,-0.20825402472608823,-0.00010773459652177391,7.851148123716941e-05,-4.852868516027891e-05,0.027774243355992857,-1.1287225297003076
0.05,5,0.5625,0.75,0.0,1.0797892500357589,-0.21865571399620662,-9.490091955753033e-05,8.359337813905922e-05,-5.3795796941067164e-05,0.030877241658805288,-1.184364190747128
0.05,5,0.59375,0.75,0.0,1.058224078705113,-0.22409272584100043,-8.679138013645613e-05,9.353312618346182e-05,-5.5161174182486125e-05,0.03285261817829644,-1.236772983156727
0.05,5,0.625,0.75,0.0,1.0369947639708064,-0.22476019878975564,-8.076058158270916e-05,0.0001084669606914437,-5.440871236978584e-05,0.03353953175978965,-1.2863641654431817
0.05,5,0.65625,0.75,0.0,1.017309407181427,-0.2214802164791769,-7.32641839332628e-05,0.00012621144785306652,-5.383298413889647e-05,0.03303003069431739,-1.3335192706213277
0.05,5,0.6875,0.75,0.0,0.9982588288382882,-0.21439120683840268,0.000531027906722819,-0.00039125403186662984,-9.915569841528805e-05,0.03135252802959641,-1.3827118228136919
0.05,5,0.71875,0.75,0.0,0.983324937744374,-0.20560197959659388,0.0005612381773715773,-0.0003835222019603578,-6.526484281264088e-05,0.02907364572423463,-1.4249340159218027
0.05,5,0.75,0.75,0.0,0.9708579422195804,-0.19546966354581377,0.0005964101969608223,-0.00037247133429713303,-3.515888867614181e-05,0.026400162354156063,-1.4646603247548255
0.05,5,0.78125,0.75,0.0,0.9607025882457938,-0.18459670023397268,0.0006374999617490606,-0.00036002404381772963,-8.788786270135464e-06,0.023570369652297255,-1.5020261450058041
0.05,5,0.8125,0.75,0.0,0.9526247356895899,-0.17344019202182737,0.0006846963149636854,-0.0003471550209388093,1.4153065364127642e-05,0.020765433638195174,-1.5372595459968201
0.05,5,0.84375,0.75,0.0,0.9457018234210192,-0.1609462796903723,0.0007471989870433484,-0.00035463776977114357,2.1045193397199676e-05,0.017778536449440198,-1.5745434084390604
0.05,5,0.875,0.75,0.0,0.9411236285327803,-0.15021277855945478,0.0007541720488694066,-0.0002986133266764648,2.9144771344691262e-05,0.015387081028553025,-1.6062581276749366
0.05,5,0.90625,0.75,0.0,0.9378220462477249,-0.1399207115739734,0.0007712205974531542,-0.00024990946736918554,3.339965024760135e-05,0.013248630566055648,-1.636663941835903
0.05,5,0.9375,0.75,0.0,0.9355753436693037,-0.13015168345770547,0.000798254383149397,-0.0002083539121394169,3.5167366989510555e-05,0.011365681242914717,-1.6660096591394848
0.05,5,0.96875,0.75,0.0,0.9341910640063605,-0.12094534615158117,0.0008346231605812792,-0.00017314549115141626,3.5352196690159605e-05,0.009725217764845988,-1.6945047634890846
0.05,5,1.0,0.75,0.0,0.9334372285597424,-0.11148778475864744,0.0005014643355064506,0.00010487938759881876,-6.165092121440522e-05,0.008181345945535948,-1.7252891806736042
0.05,5,1.03125,0.75,0.0,0.93341359111074,-0.10350719379745141,0.0005851580222955165,9.90727612084658e-05,-5.678678721526823e-05,0.0069793089180718885,-1.75215487015747
0.05,5,1.0625,0.75,0.0,0.9338094993688881,-0.09606399043530929,0.0006719083568196035,9.442332865648519e-05,-5.2276766286760356e-05,0.00594746989078823,-1.7786524842676028
0.05,5,1.09375,0.75,0.0,0.9345381870479894,-0.08912467236732734,0.0007601735575976509,9.180543110569829e-05,-4.85787205958504e-05,0.00506219025993999,-1.8048671317418865
0.05,5,1.125,0.75,0.0,0.9355288010511795,-0.08265390687424182,0.0008489406440305293,9.16195098098035e-05,-4.5944013875642794e-05,0.004302426331150571,-1.8308677431576135
0.05,5,1.15625,0.75,0.0,0.9367188559735022,-0.07661630622042725,0.0009377098904224106,9.389252004828357e-05,-4.445895382255759e-05,0.0036502642392084637,-1.8567136982100005
0.05,5,1.1875,0.75,0.0,0.9383101133079634,-0.07010313153672876,0.001039971465466184,0.00010192845574506783,-3.0038164351313005e-05,0.002955759978968569,-1.8866199293021755
0.05,5,1.21875,0.75,0.0,0.9396975891510597,-0.06487528141334838,0.0011358829239056494,0.00010559902152372414,-0.0002162230834680358,0.0024480494197892996,-1.9125610206127615
0.05,5,1.25,0.75,0.0,0.9418717447486915,-0.05993941273753764,0.0012461199393426106,0.00010882074417504245,0.00011411013801198048,0.003733239320610668,-1.9384291885808749
0.05,5,1.28125,0.75,0.0,0.941776125121929,-0.0558613109822847,0.0013540083444504242,0.00011696949361517247,0.005367368530051647,-0.029121967666238643,-1.9592126190535848
0.05,5,1.3125,0.75,0.0,0.9398574904469514,-0.05371532754643098,0.0011556519067317016,0.00016436011007021163,0.0026432805402671336,-0.05711170229314685,-1.993270812835886
0.05,5,1.34375,0.75,0.0,0.9413812701542987,-0.050602868945496454,0.0015874273216078974,8.590407055498496e-05,-0.00020540742626905028,-0.0627343497106902,-2.0412798408321855
0.05,5,1.375,0.75,0.0,0.9465012503052123,-0.048126164430201235,0.0020196525578688707,5.162478598361074e-05,-3.836393531324818e-05,-0.03665043968113923,-2.0748844850735266
0.05,5,1.40625,0.75,0.0,0.9466234426424657,-0.04521102185005457,0.0018771758666249363,8.97416743391909e-05,-0.0006017019644484695,-0.04335311371465392,-2.1016086076348826
0.05,5,1.4375,0.75,0.0,0.94500470842186,-0.041786656721688534,0.0022627490640919354,5.751693480729273e-05,-0.0022705270726614117,-0.058446103076579554,-2.1341363956009034
0.05,5,1.46875,0.75,0.0,0.9510549780632417,-0.04094164602442896,0.002329006240488801,0.00012963515496290006,-0.003911915238091609,-0.0470485732740777,-2.1653311523424463
0.05,5,1.5,0.75,0.0,0.9578479716090011,-0.04055178336707859,0.002959402747174037,0.0001150504267804137,-0.006092857597845124,-0.03125301693769742,-2.199228158212472
0.09999999999999999,10,-1.5,0.75,0.0,0.9645837556829907,0.0367971126912732,-0.004825836854405954,0.000920826863126573,0.006729284844129942,0.023253873152995586,-1.2704785393477231
0.09999999999999999,10,-1.46875,0.75,0.0,0.9632956280732669,0.038939577641772825,-0.004574549655090629,0.0006343319830252507,0.005711214172456214,0.028202066408691707,-1.261904454481354
0.09999999999999999,10,-1.4375,0.75,0.0,0.9607882356005908,0.0430499478366836,-0.0042926511947121,0.00027103116993636194,0.003913370122047689,0.03760928934621422,-1.2446701493238697
0.09999999999999999,10,-1.40625,0.75,0.0,0.9581651873479923,0.0476921889846694,-0.003966753375455374,3.222624517437456e-05,0.002682001237915489,0.04192674185188738,-1.227531075008198
0.09999999999999999,10,-1.375,0.75,0.0,0.955217060386339,0.052490875671637204,-0.003705251973855236,-5.296371942096762e-05,0.002129774174973597,0.04223972151135362,-1.2106237039543375
0.09999999999999999,10,-1.34375,0.75,0.0,0.9527643331799011,0.0577404003285433,-0.003383688153153466,-9.474687971572997e-05,0.001615244886282228,0.033641070416675245,-1.193068883522049
0.09999999999999999,10,-1.3125,0.75,0.0,0.9489538849684218,0.06654712055186725,-0.0025229065557007243,-0.00023070413667615366,0.002367734910104574,-0.0013529891085324835,-1.1573671268257342
0.09999999999999999,10,-1.28125,0.75,0.0,0.9474770974759257,0.07010704855230082,-0.0023856681416302154,-0.00030061184742253015,0.0036749725766329704,-0.031069263374092562,-1.1347818973488648
0.09999999999999999,10,-1.25,0.75,0.0,0.9465964909375192,0.0718883709752252,-0.00286071121442567,-0.0004878075866570647,0.007588609734005245,-0.05522920306026409,-1.1223210023315637
0.09999999999999999,10,-1.21875,0.75,0.0,0.944976439057973,0.07433594449600023,-0.002713105011519361,-0.00026104172633785883,0.003312462519283402,-0.08902724621882127,-1.1016286864296996
0.09999999999999999,10,-1.1875,0.75,0.0,0.9434021027190632,0.07682497138411067,-0.0025198560814958305,-0.00013773434329811436,0.0023301208160641054,-0.07453999814367417,-1.0809743570041357
0.09999999999999999,10,-1.15625,0.75,0.0,0.9408825716162263,0.08147368415301717,-0.0022713140800293724,-4.7082073032132256e-05,0.0015657137154688118,-0.032815017933685804,-1.0571252560968007
0.09999999999999999,10,-1.125,0.75,0.0,0.9387812799705102,0.08725032127198451,-0.0020477182419627146,1.7399970105292457e-05,0.0005745705579588808,-0.008089223503452217,-1.0357233156142145
0.09999999999999999,10,-1.09375,0.75,0.0,0.9372962777466586,0.0939243814910407,-0.0018390495384571922,3.344796841648823e-05,9.444836119897247e-05,0.001094465703630842,-1.0144481394525138
0.09999999999999999,10,-1.0625,0.75,0.0,0.9360967145543182,0.10117053408425156,-0.0016525549157180978,3.9568288074814e-05,1.4099243816358252e-05,0.003284054296351949,-0.9929909521061397
0.09999999999999999,10,-1.03125,0.75,0.0,0.9351665437987177,0.10893734930191103,-0.001488730933402648,5.017698657623453e-05,3.589522463781282e-05,0.00397689972304548,-0.971373153889236
0.09999999999999999,10,-1.0,0.75,0.0,0.9347113033224601,0.11805414162827724,-0.0009254324542907521,-0.0001062383297036756,-1.710147449935712e-05,0.004760274707450611,-0.9477654461623798
0.09999999999999999,10,-0.96875,0.75,0.0,0.9348688023018521,0.12686688699131315,-0.0007883862814611685,-0.00010065887381710712,-5.8330448092752375e-06,0.005643769524527368,-0.9266741894529366
0.09999999999999999,10,-0.9375,0.75,0.0,0.9356721563665725,0.13624418355161858,-0.0006637466902027455,-9.24070797375117e-05,5.557578319179547e-06,0.006697125482300123,-0.905855080642438
0.09999999999999999,10,-0.90625,0.75,0.0,0.9372732445181721,0.1461852229586964,-0.0005482005002279701,-8.270923119694749e-05,1.7143470396809712e-05,0.007937347237565808,-0.8854535154020485
0.09999999999999999,10,-0.875,0.75,0.0,0.9398523955388289,0.1566668468108417,-0.000438267939884946,-7.319811241126455e-05,2.8406714886151794e-05,0.009389031217756777,-0.8656426545149377
0.09999999999999999,10,-0.84375,0.75,0.0,0.94361805330251,0.16763468205777976,-0.000330574868226847,-6.57669634485206e-05,3.867109697201831e-05,0.01107893573074938,-0.8466179302713596
0.09999999999999999,10,-0.8125,0.75,0.0,0.9497586484307937,0.180955310115273,-0.00022673406213656187,-3.8208860955806374e-05,5.368628108382188e-05,0.013403288065118065,-0.8258047129897803
0.09999999999999999,10,-0.78125,0.75,0.0,0.9569461327362241,0.19268870014342554,-0.00013451712016398633,-2.5699627718955034e-05,6.37931582242596e-05,0.015721522214768625,-0.8091562364728716
0.09999999999999999,10,-0.75,0.75,0.0,0.9662169448092803,0.20443732023659394,-4.159442397640167e-05,-1.6326513430320522e-05,7.18365158295496e-05,0.018356421954889655,-0.7940342838393608
0.09999999999999999,10,-0.7187500000000001,0.75,0.0,0.9778968686805009,0.2158440008430707,5.057151924464892e-05,-9.46595671538769e-06,7.791232336370327e-05,0.021298768593131182,-0.7807279620352706
0.09999999999999999,10,-0.6875,0.75,0.0,0.9922957143214014,0.22640402284618508,0.00013954141182471894,-3.4592441329714158e-06,8.220116020980184e-05,0.024500658504797327,-0.7695113093848001
0.09999999999999999,10,-0.65625,0.75,0.0,1.0115801049159912,0.2359472864511647,-0.0003894141979877802,0.0005537133485286224,0.0001537808852556523,0.028115071235793612,-0.7594769092321834
0.09999999999999999,10,-0.6250000000000001,0.75,0.0,1.0324368477016115,0.24202983845798856,-0.0003332332252312984,0.000618566743437781,0.00012863849269680735,0.031367353062516784,-0.7530774728339539
0.09999999999999999,10,-0.59375,0.75,0.0,1.0561031255273687,0.24433705696024333,-0.00028118925704128793,0.0006857474809286342,8.937717107610689e-05,0.03425407710470442,-0.748807051979566
0.09999999999999999,10,-0.5625,0.75,0.0,1.0818675515858436,0.2416004493603932,-0.00023269467796434393,0.0007512257398503627,3.296457761593613e-05,0.03643114112369593,-0.7460077783646085
0.09999999999999999,10,-0.5312500000000001,0.75,0.0,1.1083885968404075,0.23263752930355447,-0.00018642603493180794,0.0008075063536617797,-4.231983432112574e-05,0.03738120960436611,-0.7434430120658964
0.09999999999999999,10,-0.5,0.75,0.0,1.1335865192935948,0.21664920634106333,-0.0001405602081221368,0.00084344610316488,-0.00013417330176391037,0.03685188504111902,-0.7392993674182475
0.09999999999999999,10,-0.46875,0.75,0.0,1.156975975388749,0.19044747754753366,-7.222136920878976e-05,0.0008178071881341651,-0.00015382769628829394,0.03538566315700649,-0.7304683395636896
0.09999999999999999,10,-0.4375,0.75,0.0,1.1697609223487537,0.16281174000189896,1.8417615406720873e-05,0.0007452283380067517,-0.0002279630047150894,0.03424971983196412,-0.7157728655051159
0.09999999999999999,10,-0.40625,0.75,0.0,1.1743284801364766,0.1354329652828447,0.00010101280186564825,0.0006564747089022105,-0.00028287909669146927,0.03336305678523365,-0.6932936505870494
0.09999999999999999,10,-0.375,0.75,0.0,1.1727373302177133,0.111544991105947,0.00017406207380084066,0.000562453891971741,-0.00031632816516742455,0.031696161375251254,-0.6636771161776288
0.09999999999999999,10,-0.34375,0.75,0.0,1.1679921866807834,0.09193401611876541,0.0002369917179809167,0.000470371692193931,-0.00033063465707741343,0.02845993012417998,-0.6290599021629337
0.09999999999999999,10,-0.3125,0.75,0.0,1.1616709316365852,0.07455685346868622,0.0005772689211175749,9.905870609600243e-05,-5.1328987034051016e-05,0.023759017339399016,-0.5877707312333225
0.09999999999999999,10,-0.28125,0.75,0.0,1.1556000438658518,0.06176300822877916,0.0005789276002699466,8.478473302613848e-05,-5.677190444265822e-05,0.019261644196686745,-0.5479511982970312
0.09999999999999999,10,-0.25,0.75,0.0,1.1498755842058586,0.05111629062694917,0.0005791781403810549,7.08524700183369e-05,-5.6413610111048166e-05,0.015307379248923622,-0.5068087862811567
0.09999999999999999,10,-0.21875,0.75,0.0,1.1447315215634368,0.04209535475448498,0.0005788050673121387,5.744301850623296e-05,-5.068529506623453e-05,0.012126253543923072,-0.4649482789485989
0.09999999999999999,10,-0.1875,0.75,0.0,1.1402646202114257,0.03428212734594792,0.0005779572249810059,4.509776957349187e-05,-4.063925857694593e-05,0.009717196286434146,-0.42283219779386716
0.09999999999999999,10,-0.15625,0.75,0.0,1.1359274773059775,0.02634753590168137,0.0005845708454076509,2.5067908321383073e-05,-1.722209235093696e-05,0.007736714593960567,-0.37404755064938117
0.09999999999999999,10,-0.125,0.75,0.0,1.1329525809410956,0.020167070724770312,0.0005781043886353801,2.0231980838291375e-05,-8.376023041398253e-06,0.006595482743673668,-0.33215794244997227
0.09999999999999999,10,-0.09375,0.75,0.0,1.130615259373817,0.014428514815393517,0.0005708689111995295,1.545945147326732e-05,2.9557256424445068e-06,0.005835339062316462,-0.2904998708499088
0.09999999999999999,10,-0.0625,0.75,0.0,1.1288995082555828,0.008985454962205921,0.0005619970257204907,1.1762644352459251e-05,1.1140579902817448e-05,0.005363928053283662,-0.24916589734794498
0.09999999999999999,10,-0.03125,0.75,0.0,1.1277892223751071,0.003709803777153614,0.0005510130063482914,1.0405884598648544e-05,1.316216240612332e-05,0.005116527545056562,-0.20821899234383548
0.09999999999999999,10,0.0,0.75,0.0,1.1272729455657466,-0.001514621091981998,0.0005380001695112755,1.1226755308579943e-05,-4.4058708997723586e-06,0.005073180731722655,-0.1676928522302048
0.09999999999999999,10,0.03125,0.75,0.0,1.127348793234745,-0.007430058592724597,0.0005556736712273822,1.6369354702713106e-05,-7.499303872171638e-05,0.005139905871191559,-0.12297410823350803
0.09999999999999999,10,0.06249999999999978,0.75,0.0,1.127986578901018,-0.012970944153774873,0.000568162470228218,1.2891305868762803e-05,-7.94888616096861e-05,0.005272536355113613,-0.0829019426198347
0.09999999999999999,10,0.09375,0.75,0.0,1.1291683647850017,-0.01882741027250004,0.0005829359095189759,1.0364952012317916e-05,-6.872266651572724e-05,0.0053180346955161535,-0.043271330164044046
0.09999999999999999,10,0.125,0.75,0.0,1.1308561197121685,-0.025133503416127093,0.0006011280954811337,7.987915486314994e-06,-6.758546941101188e-05,0.005220934414277738,-0.0041016294500091435
0.09999999999999999,10,0.15624999999999978,0.75,0.0,1.1330071607205046,-0.03203340550614167,0.000624529315637769,4.92003322878853e-06,-8.344150965443762e-05,0.005057599277953021,0.03459110636969061
0.09999999999999999,10,0.1875,0.75,0.0,1.1359468946988276,-0.04065616362023782,0.000616011865970937,4.337656453672828e-06,-8.609951472860135e-05,0.004918607179359559,0.07733959643002013
0.09999999999999999,10,0.21875,0.75,0.0,1.138857614091822,-0.04931365221335084,0.000631302419813141,2.6386735355413295e-07,-0.00010909442875457131,0.004907309299721222,0.11492966266850577
0.09999999999999999,10,0.24999999999999978,0.75,0.0,1.1418993082029703,-0.05905770732841216,0.0006503068849647276,-5.448736787536522e-06,-0.0001318918216154848,0.005030058260358018,0.1520792649004227
0.09999999999999999,10,0.28125,0.75,0.0,1.1448598624171735,-0.07006032649096904,0.0006741248074421621,-1.3178931220495224e-05,-0.00015481688105669977,0.005313203580561675,0.18890656293692348
0.09999999999999999,10,0.3125,0.75,0.0,1.147448701702853,-0.08247884880117488,0.0007035637459772528,-2.3435913509330926e-05,-0.0001783962969944883,0.005794312926653496,0.2255907991648452
0.09999999999999999,10,0.3437499999999998,0.75,0.0,1.1492956163484307,-0.09775163812204656,0.0004241913161449751,2.2223333209543247e-05,-4.3195717925286774e-05,0.0066092705001182875,0.26615044320450143
0.09999999999999999,10,0.375,0.75,0.0,1.1496630690441447,-0.11323561908538836,0.00044210772000136545,2.3717052367916566e-05,-4.915389911454163e-05,0.00769141927958357,0.3032054734184276
0.09999999999999999,10,0.40625,0.75,0.0,1.1481735472955368,-0.13012915271573983,0.00046504489964370357,2.483449266522013e-05,-5.6032207961690615e-05,0.009189317599114965,0.34113313792289834
0.09999999999999999,10,0.4374999999999998,0.75,0.0,1.1441772320821015,-0.14809868608889856,0.0004908626554641324,2.612485775584693e-05,-6.24876433287721e-05,0.01119161435102637,0.38036917094691775
0.09999999999999999,10,0.46875,0.75,0.0,1.1370368929668486,-0.1665212873297613,0.0005169534543820291,2.8813758945379138e-05,-6.685020173037309e-05,0.013749909493110142,0.4213299435932979
0.09999999999999999,10,0.5,0.75,0.0,1.124131082964778,-0.18731234556567947,0.000556840753110147,1.6631394078631453e-05,-7.065181915621217e-05,0.017389957442331135,0.47138335334045367
0.09999999999999999,10,0.53125,0.75,0.0,1.1089687337380514,-0.20315895477892665,0.0005915634155228809,1.849989416004653e-05,-7.18222856595921e-05,0.02085176369095439,0.5168152913895396
0.09999999999999999,10,0.5625,0.75,0.0,1.0904510757290262,-0.21568519246113643,0.0006234900784729933,2.543620227065604e-05,-6.881079468343554e-05,0.024348139615190167,0.5640090696727246
0.09999999999999999,10,0.59375,0.75,0.0,1.0697328643529989,-0.22374489108414475,0.0006539311740825552,3.8283666144046593e-05,-6.309367988712106e-05,0.027485439417711543,0.6120581988423114
0.09999999999999999,10,0.625,0.75,0.0,1.0484404100706266,-0.2269684040712739,0.0006855790293928232,5.652981642177669e-05,-5.687449341857138e-05,0.029828606909632318,0.6597170023686384
0.09999999999999999,10,0.65625,0.75,0.0,1.0280613233891034,-0.22585056280000806,0.0007221438758072405,7.806393800213843e-05,-5.2422300754639747e-05,0.031125393765064346,0.7058295293362425
0.09999999999999999,10,0.6875,0.75,0.0,1.0078486942315217,-0.22058048596220362,0.0013624251326225902,-0.00036875731886551125,-0.00019446056322192852,0.03123600944268259,0.754294143474002
0.09999999999999999,10,0.71875,0.75,0.0,0.9916578381631495,-0.2129658366092034,0.001434127008712928,-0.0003750794340893432,-0.0001616951347468141,0.030293760298341153,0.7959780659400375
0.09999999999999999,10,0.75,0.75,0.0,0.9779052829625658,-0.2035550153703172,0.0015151500013453308,-0.0003769155934187468,-0.00013079966467278067,0.02857601253626935,0.8352602566758995
0.09999999999999999,10,0.78125,0.75,0.0,0.9665478780336498,-0.19303421658286218,0.0016067092755202772,-0.0003759100707515776,-0.00010260111813383853,0.02634322638066151,0.8721978489551429
0.09999999999999999,10,0.8125,0.75,0.0,0.9574091479849783,-0.18195127490764096,0.0017092550794806174,-0.00037307397494692725,-7.733732330222017e-05,0.02382743880942754,0.9069230071211533
0.09999999999999999,10,0.84375,0.75,0.0,0.9494831346733418,-0.1692982942098575,0.001837785849079187,-0.00038051587068173146,-7.711096104891808e-05,0.020883625877933173,0.9434488735198783
0.09999999999999999,10,0.875,0.75,0.0,0.9441883915402899,-0.15828619995646578,0.0019098754271665436,-0.00033181945040936125,-5.976958186491773e-05,0.01836650446641677,0.974050995735293
0.09999999999999999,10,0.90625,0.75,0.0,0.9403225498643089,-0.1476289787376562,0.0019972158282146294,-0.0002880944131222151,-4.7870278536874725e-05,0.016009028664339276,1.002960384195484
0.09999999999999999,10,0.9375,0.75,0.0,0.937648731143762,-0.13744346772950883,0.0020999685625497384,-0.00024983261136537745,-3.888083169318783e-05,0.013861235821943148,1.0303510495892492
0.09999999999999999,10,0.96875,0.75,0.0,0.9359573040640123,-0.12779434592945155,0.002217687872644532,-0.00021674094091429715,-3.284164933142886e-05,0.011947442575633578,1.0563829518721748
0.09999999999999999,10,1.0,0.75,0.0,0.9349913167819359,-0.11784531271919814,0.0019647510380866196,8.878831829891681e-05,-0.00010443986246409569,0.010115650162647337,1.083517149503744
0.09999999999999999,10,1.03125,0.75,0.0,0.9348624677653249,-0.10941714468409891,0.0021418817460246075,8.02320342823272e-05,-0.00010357528043195154,0.00866424921486978,1.1068943262717772
0.09999999999999999,10,1.0625,0.75,0.0,0.9352248335859276,-0.10153753860627149,0.002328294743129909,7.253751105462272e-05,-0.00010237585465610332,0.007407114184302164,1.129342701690091
0.09999999999999999,10,1.09375,0.75,0.0,0.9359798503850144,-0.09417660337822659,0.002522596645953131,6.673422814236846e-05,-0.00010121819070823178,0.006322486387619188,1.1509572268397303
0.09999999999999999,10,1.125,0.75,0.0,0.9370503191405224,-0.0873007412932709,0.002724003739637806,6.349411257864278e-05,-0.00010063603462575637,0.005387096215706002,1.1718199988269986
0.09999999999999999,10,1.15625,0.75,0.0,0.9383545098335334,-0.08087560148793602,0.002932326516684692,6.318004563674868e-05,-9.89351068849673e-05,0.004572698413510972,1.191995943288146
0.09999999999999999,10,1.1875,0.75,0.0,0.9401365522678662,-0.07393093655764923,0.0031827068329933397,6.859777999777273e-05,-8.708003790162414e-05,0.003831964505401891,1.2146885773290625
0.09999999999999999,10,1.21875,0.75,0.0,0.9417214822384762,-0.06834622233038372,0.003412858270868366,7.08572205422506e-05,-0.00013352568817261024,0.0025050948279467435,1.2337290643267875
0.09999999999999999,10,1.25,0.75,0.0,0.9434995950465213,-0.06312163439673467,0.003653639178995,4.337419994705443e-05,-0.00026576125581095564,0.006437072181778909,1.2522680406955347
0.09999999999999999,10,1.28125,0.75,0.0,0.9457480581418884,-0.05876707738229901,0.00387432998658759,-6.792762535702539e-05,0.0027487731759584873,0.004122239592579457,1.267117141855052
0.09999999999999999,10,1.3125,0.75,0.0,0.9459572733381623,-0.05488978356126049,0.003868899791126368,0.0001058277198637904,0.0008507803178387453,-0.018597436456318693,1.2881619012944867
0.09999999999999999,10,1.34375,0.75,0.0,0.9475578677592827,-0.05013413825989941,0.0045995576383170405,6.957976689218745e-05,-0.00041386355317999383,-0.041511044948365605,1.3162200867772218
0.09999999999999999,10,1.375,0.75,0.0,0.94999628384641,-0.04737185871293759,0.005261219210025858,4.0392539343179495e-06,9.62378891268961e-05,-0.04710530489305312,1.3340287107544515
0.09999999999999999,10,1.40625,0.75,0.0,0.9525739606377388,-0.044849928970806086,0.005257552895387097,3.7481729480286116e-05,-0.0037039019409635283,-0.048303536848298245,1.3456366162205
0.09999999999999999,10,1.4375,0.75,0.0,0.9548059264026971,-0.04197543329181399,0.005811922992743887,-8.233312864187447e-06,-0.009912148980895642,-0.048639196050209,1.3615975787271608
0.09999999999999999,10,1.46875,0.75,0.0,0.9578906762194499,-0.03984704213043655,0.006608941043048147,3.038335243628563e-05,0.009159687839518975,-0.05978503431499908,1.3735118639865287
0.09999999999999999,10,1.5,0.75,0.0,0.9604401194132213,-0.03783085307505206,0.008064916023400285,-1.2340431040513585e-05,0.031644108584877075,-0.07252229371875982,1.3888910536933115
0.15,15,-1.5,0.75,0.0,0.9699859486899948,0.04025010604695507,-0.006536175256038234,0.0019064745686301254,-0.00140751513961262,0.02208282282037952,0.199824554289039
0.15,15,-1.46875,0.75,0.0,0.9690821691152597,0.04203930986676423,-0.006259153598864657,0.001493056251424296,0.00013237886275508387,0.02491712121300261,0.19655625314733438
0.15,15,-1.4375,0.75,0.0,0.9673142905043874,0.04546210024319234,-0.0059334137590642405,0.00091656507832714,0.0032713632648690484,0.030213650854065938,0.18989363922305827
0.15,15,-1.40625,0.75,0.0,0.964731730304411,0.04956964188179131,-0.005576612881527329,0.0004774045789970028,0.004190441396171322,0.035780898402221574,0.18572706060966263
0.15,15,-1.375,0.75,0.0,0.9613289364225299,0.05397747993759582,-0.0052750088179569716,0.0002004489507302146,0.003652584346521635,0.04119207997209325,0.18402303195041703
0.15,15,-1.34375,0.75,0.0,0.9585924442446797,0.059170417962750396,-0.004917522062097862,2.1804151509886326e-05,0.002832473619231885,0.042100684491156615,0.18180391485435962
0.15,15,-1.3125,0.75,0.0,0.9545002300355236,0.06866042734860166,-0.003969375819595092,-0.00021053124825047155,0.0030370522459057065,0.033488333052076644,0.17883393615489718
0.15,15,-1.28125,0.75,0.0,0.9528597299217811,0.0730357090446829,-0.0038038734199050813,-0.00027114006777320356,0.0041699317347067754,0.02343029755066809,0.17770090339755482
0.15,15,-1.25,0.75,0.0,0.9517251204845907,0.07579128711882623,-0.004295578711933034,-0.00046861752918470783,0.008179063811167233,0.00744782243967093,0.1775016796072665
0.15,15,-1.21875,0.75,0.0,0.9492863318047697,0.08044454276078757,-0.0040961100368177815,-0.0002441423806904977,0.0027991195436591577,-0.03693091242933961,0.17813694051319212
0.15,15,-1.1875,0.75,0.0,0.9469815428503126,0.08388907628971995,-0.0038490967758026073,-0.00020867594945608495,0.0016703070467893244,-0.07576339471691254,0.17867683914436983
0.15,15,-1.15625,0.75,0.0,0.9445904203845048,0.08741594069058325,-0.003543899382112017,-0.00018391773931109614,0.0014922657038472413,-0.07717504634918453,0.17885130001492597
0.15,15,-1.125,0.75,0.0,0.9424666314853188,0.09171473486142039,-0.003275422068808589,-9.372752437026988e-05,0.0012467528897931448,-0.04899531300650051,0.17879192376316863
0.15,15,-1.09375,0.75,0.0,0.9406452954669806,0.09755275485206052,-0.0030227294340931304,-1.7604175224051255e-05,0.0006912253810680443,-0.0201335394187125,0.17839133850406944
0.15,15,-1.0625,0.75,0.0,0.939242674050715,0.1045967170167725,-0.0027861373093672963,1.8564216945806067e-05,0.00023196131190016974,-0.0038847735909151204,0.1776361715230983
0.15,15,-1.03125,0.75,0.0,0.9381804200884404,0.11245300385440157,-0.0025697639467078958,3.2687939808150736e-05,4.881659366976645e-05,0.002076165324556738,0.17657774519142289
0.15,15,-1.0,0.75,0.0,0.9375642765111052,0.12176979464875444,-0.0019342308534193282,-9.943208167536903e-05,-4.632885051856432e-05,0.003892961959857702,0.17495748836954214
0.15,15,-0.96875,0.75,0.0,0.9375928516171307,0.13079738136234148,-0.0017559504230230407,-9.745302520767127e-05,-3.88414132581333e-05,0.004615107747380536,0.17280446730341018
0.15,15,-0.9375,0.75,0.0,0.9382936684097434,0.14041479795679768,-0.0015936982453163022,-9.335194501238183e-05,-3.3150836221806365e-05,0.005425504007890693,0.16995703816942218
0.15,15,-0.90625,0.75,0.0,0.9398070820444239,0.1506251995335211,-0.0014433055966382538,-8.8217372072318e-05,-2.8498327143880765e-05,0.006419768579825439,0.16626777172686558
0.15,15,-0.875,0.75,0.0,0.942319791999777,0.16140890396670746,-0.0013007517935287628,-8.371918987884778e-05,-2.474266637829578e-05,0.007606216022009576,0.16154279645743075
0.15,15,-0.84375,0.75,0.0,0.9460463795884866,0.17271477024201035,-0.0011622742987239135,-8.166615489347508e-05,-2.2430621727907415e-05,0.00900409270851287,0.15556434087071305
0.15,15,-0.8125,0.75,0.0,0.9521799379972413,0.18648049488939966,-0.0010252572991334826,-6.327937686758631e-05,-1.4760835315741111e-05,0.010952196911376416,0.14676307644420694
0.15,15,-0.78125,0.75,0.0,0.9594093780323082,0.1986463981301165,-0.0009059017099269511,-5.872433284183255e-05,-1.2014946170960188e-05,0.012932094235725118,0.1371967665521748
0.15,15,-0.75,0.75,0.0,0.9687799674953712,0.210878535618911,-0.0007870224032263438,-5.8161719761288305e-05,-1.0976180994252522e-05,0.015237443977371385,0.12546715500118866
0.15,15,-0.7187500000000001,0.75,0.0,0.9806357669018462,0.2228239263774494,-0.0006700385435922567,-6.13773231028085e-05,-1.1205454928908752e-05,0.017900166495679375,0.11125074630234044
0.15,15,-0.6875,0.75,0.0,0.9953102646369344,0.23398053220869486,-0.0005573846040527932,-6.718697029116307e-05,-1.1895565418741633e-05,0.0209386624768181,0.09424083744767756
0.15,15,-0.65625,0.75,0.0,1.0150602599522094,0.24423901391055308,-0.001083048759898548,0.00043391868853928276,0.00011789501577553722,0.02463343867905422,0.07193091291672067
0.15,15,-0.6250000000000001,0.75,0.0,1.0365210392788915,0.25102714959549655,-0.0010063388043435014,0.0004924715220576938,0.00010987034158466143,0.028319255830258308,0.0482767413669463
0.15,15,-0.59375,0.75,0.0,1.0610111890529308,0.2540764076599997,-0.0009350054005893733,0.0005580786641557562,9.461665251608725e-05,0.032095869481814206,0.021693716073054113
0.15,15,-0.5625,0.75,0.0,1.0878898768765395,0.2521007544606297,-0.0008685387628953761,0.0006302213346377328,6.911113510578337e-05,0.035695022713130464,-0.007188500510254598
0.15,15,-0.5312500000000001,0.75,0.0,1.1158835446961763,0.24387882963104462,-0.0008056708339647921,0.0007056849684323731,2.921293611411044e-05,0.03831920602374941,-0.037175956126531746
0.15,15,-0.5,0.75,0.0,1.1430779916081955,0.22866361470115454,-0.000744621658475492,0.0007775097769495963,-2.8591938522053206e-05,0.03814744181898784,-0.0663671186691439
0.15,15,-0.46875,0.75,0.0,1.169998638747627,0.2030460090527023,-0.0006583163950905362,0.0007521478367585112,-1.5130840598603852e-05,0.03491512819321039,-0.09550946095290076
0.15,15,-0.4375,0.75,0.0,1.1870694392336352,0.17400552154440085,-0.0005532420239228101,0.0007348100875143376,-7.934635105649247e-05,0.03249080177198085,-0.11521873362281063
0.15,15,-0.40625,0.75,0.0,1.195359236048621,0.14244678981240802,-0.00045659183083865244,0.0007000137878849398,-0.00014501357985781556,0.03198746827731093,-0.1277775924286954
0.15,15,-0.375,0.75,0.0,1.194939900215724,0.11279917620776717,-0.0003689007488317074,0.0006480006173924875,-0.0002054336237190719,0.033127507803719786,-0.13361316665637174
0.15,15,-0.34375,0.75,0.0,1.1885138785159743,0.08806490663292726,-0.00029088323205248733,0.0005820654706693275,-0.00025503462770776284,0.033981524014425134,-0.13466159768283725
0.15,15,-0.3125,0.75,0.0,1.1787190323858636,0.06719194397047179,6.618032099094161e-05,9.788552989891861e-05,-1.540796020244991e-05,0.03254368849162219,-0.13288218094676021
0.15,15,-0.28125,0.75,0.0,1.1692176587660974,0.05301788934031022,7.742850622335382e-05,9.471416911146458e-05,-3.998484510433001e-05,0.028997661817132463,-0.12975288297983079
0.15,15,-0.25,0.75,0.0,1.1604971417786916,0.04217676791195473,8.683047200087745e-05,8.454400130498864e-05,-5.561901037317394e-05,0.02434015712778184,-0.12607877886848395
0.15,15,-0.21875,0.75,0.0,1.1529586953952267,0.03368075708271906,9.505095705668287e-05,7.047507436639674e-05,-6.195445669534381e-05,0.0196154872004337,-0.12231449273894447
0.15,15,-0.1875,0.75,0.0,1.1467141173367645,0.026739991683883385,0.00010219848781947476,5.501512260264682e-05,-6.003260087852235e-05,0.015465839094186898,-0.11883331363597384
0.15,15,-0.15625,0.75,0.0,1.1409523763756408,0.019951440402141536,0.00011739286644881611,2.510955153995773e-05,-4.169571495148623e-05,0.011660051527253527,-0.1153673241168894
0.15,15,-0.125,0.75,0.0,1.1371553893471977,0.014718233708986323,0.00011807543491374682,1.8405245253957497e-05,-3.589533402029529e-05,0.009298305437791095,-0.11306694903451335
0.15,15,-0.09375,0.75,0.0,1.1342557544205827,0.009855481095729148,0.00011787783065240863,1.2188191495091849e-05,-2.388131559610033e-05,0.007606104736986767,-0.11137530157681547
0.15,15,-0.0625,0.75,0.0,1.1321624257720793,0.005198663785052281,0.00011610677609863272,6.755206598721894e-06,-8.389122476031843e-06,0.006436938700582841,-0.11033223899629903
0.15,15,-0.03125,0.75,0.0,1.1308006369594654,0.0006198427377315385,0.00011244612764303217,2.421487737302375e-06,9.381612458680272e-06,0.005658882207107715,-0.10995166784007859
0.15,15,0.0,0.75,0.0,1.130111775652019,-0.003988806251913953,0.00010701126110869521,-5.621211224013228e-07,1.9963053062956696e-05,0.005171594372503389,-0.11021954276262838
0.15,15,0.03125,0.75,0.0,1.1300513154465446,-0.009300758431951078,0.00013490681788452534,1.4973848537530029e-05,-4.787136249404448e-05,0.004917260750499838,-0.11126071669630164
0.15,15,0.06249999999999978,0.75,0.0,1.1306001060584139,-0.014341602032781117,0.00015321481594891712,1.0193923838682299e-05,-5.052886939915335e-05,0.0048869635365840144,-0.11274031824866103
0.15,15,0.09375,0.75,0.0,1.1317030820473608,-0.019726334673462607,0.00017473856419644216,6.729919384598764e-06,-5.6116331073461726e-05,0.0049764427587756675,-0.11477211075864921
0.15,15,0.125,0.75,0.0,1.1333212763251634,-0.025566398136299115,0.00020065982457093045,4.001616085649894e-06,-5.22388204966512e-05,0.005062619548645239,-0.11731707882063533
0.15,15,0.15624999999999978,0.75,0.0,1.1354046049982025,-0.03198764388769825,0.00023202228515750034,1.6080259467052377e-06,-4.622203602848447e-05,0.005041378048862944,-0.12032538129656546
0.15,15,0.1875,0.75,0.0,1.1382668504752083,-0.04004114660705013,0.0002357067035029759,6.28922895677332e-08,-3.578491525556233e-05,0.004883437686001186,-0.12421593663747003
0.15,15,0.21875,0.75,0.0,1.14112207577343,-0.048150381464220585,0.0002603064017733956,-2.4234191992698116e-06,-4.516716728267877e-05,0.004706685741213462,-0.1279925643229908
0.15,15,0.24999999999999978,0.75,0.0,1.144136149240756,-0.05729227806351543,0.0002893303900324429,-5.887463304437207e-06,-6.258950249919138e-05,0.004572761751214153,-0.1319381342408809
0.15,15,0.28125,0.75,0.0,1.1471202128719569,-0.06762534622192232,0.000323902755860213,-1.0809548254526821e-05,-8.340889462871583e-05,0.004526609042509259,-0.13588492360712337
0.15,15,0.3125,0.75,0.0,1.1498184304383028,-0.07929818138637341,0.0003648200630481077,-1.7585779437446313e-05,-0.00010514628641464791,0.0045928813964142,-0.13961187982278211
0.15,15,0.3437499999999998,0.75,0.0,1.1519427065250345,-0.09368276561303893,0.00011788605087719673,1.8625191451911608e-07,-2.8782122389792918e-05,0.004823942965340715,-0.14297736896349444
0.15,15,0.375,0.75,0.0,1.1527602381034006,-0.10830144402519959,0.00015026360164475635,-7.206368670141153e-07,-3.29046581512354e-05,0.005209020819924949,-0.14514201786590805
0.15,15,0.40625,0.75,0.0,1.1519766664484847,-0.12432859610332243,0.00018833657319668222,-1.9915356333620137e-06,-3.702731472686933e-05,0.005809907809512237,-0.14599482870916922
0.15,15,0.4374999999999998,0.75,0.0,1.1490035380183574,-0.14151812786965992,0.00023013237182193774,-3.213877377610185e-06,-4.007121334652526e-05,0.00669199579682797,-0.14505733091636075
0.15,15,0.46875,0.75,0.0,1.1432410952868253,-0.15938261602505532,0.0002732232691328792,-3.476626793261711e-06,-4.0588920285122025e-05,0.007934000896452487,-0.1418466047146882
0.15,15,0.5,0.75,0.0,1.1323670396176257,-0.18003450577669725,0.0003343447413926903,-1.3635189073211007e-05,-4.3253100363075354e-05,0.009946861679779578,-0.1347246664442683
0.15,15,0.53125,0.75,0.0,1.1191785330725084,-0.1964202117469135,0.00038819792369033945,-1.3693561307914481e-05,-3.9592367959051584e-05,0.012204024493997588,-0.12550254523352386
0.15,15,0.5625,0.75,0.0,1.1026032813073805,-0.21025579043806766,0.0004405053769107807,-9.361947456583201e-06,-3.1268278851309874e-05,0.014924437181624397,-0.113551135958896
0.15,15,0.59375,0.75,0.0,1.0834098545323543,-0.22038652065201114,0.0004923812024866666,7.232542289158594e-07,-1.9460819066579297e-05,0.01799213289211255,-0.09952665808240886
0.15,15,0.625,0.75,0.0,1.0628627300421387,-0.22611476720303458,0.0005462481611324358,1.6771172090371663e-05,-6.506031135030326e-06,0.02112025248594137,-0.08448691509502007
0.15,15,0.65625,0.75,0.0,1.0423920286142958,-0.2274514089822203,0.000605590845483795,3.727731711097363e-05,4.833646571677965e-06,0.023909911577390384,-0.06958868876791918
0.15,15,0.6875,0.75,0.0,1.021387128416301,-0.22445183034656283,0.0012661509436020324,-0.00031101491453991865,-0.00016706908333605919,0.026096383895550676,-0.054463631909558975
0.15,15,0.71875,0.75,0.0,1.004102788348541,-0.2184748092721134,0.0013667751944890433,-0.00032981404124279813,-0.0001378379430131658,0.027150394814428578,-0.04206342766905318
0.15,15,0.75,0.75,0.0,0.9890824959113823,-0.21023824602884028,0.001477615517373108,-0.00034474446865420194,-0.00010706641848425236,0.027217584721248484,-0.03132173752090736
0.15,15,0.78125,0.75,0.0,0.9764237640359235,-0.20046231058086092,0.0015999197318974168,-0.000356251543912161,-7.624490128362129e-05,0.026433571822628878,-0.022293600726014457
0.15,15,0.8125,0.75,0.0,0.9660555525704584,-0.18977387375215554,0.0017342268338877854,-0.0003648532113658492,-4.709123295898953e-05,0.024997087893295352,-0.014935725731132457
0.15,15,0.84375,0.75,0.0,0.9568942650923333,-0.17724704093940544,0.0018966158231259638,-0.00036970249677595096,-4.898214233131986e-05,0.02284494101398156,-0.008484848856592364
0.15,15,0.875,0.75,0.0,0.950661488570394,-0.1661535067944151,0.002001694737068456,-0.0003323512426785319,-2.2392168352325138e-05,0.020710323626462798,-0.0041678463300127075
0.15,15,0.90625,0.75,0.0,0.9460075935435215,-0.15528807712080198,0.002122860241677055,-0.0002962393307254559,-2.3925879026645254e-06,0.01851065266913695,-0.0010241797104559695
0.15,15,0.9375,0.75,0.0,0.9426875310621657,-0.14481479284169183,0.002260495014665856,-0.0002628350953663442,1.2380008236787104e-05,0.016361063245387598,0.0011128484688950973
0.15,15,0.96875,0.75,0.0,0.9404776949371559,-0.1348332594400885,0.0024143141155367255,-0.00023248904524001893,2.4029479004212437e-05,0.014338614746594966,0.0023970533444408865
0.15,15,1.0,0.75,0.0,0.939071744657807,-0.12450210971777408,0.002183725455530934,9.252723992078622e-05,-3.293266184417255e-05,0.012328007714392712,0.0029995198495276583
0.15,15,1.03125,0.75,0.0,0.938645509084525,-0.11571891415058953,0.0023996939144928847,8.515323388693608e-05,-3.00801011188991e-05,0.010684779084037498,0.0028845318155453375
0.15,15,1.0625,0.75,0.0,0.9387898765298427,-0.10749577340572918,0.0026264259562537406,7.897739641889578e-05,-2.800279783375835e-05,0.009229538269991082,0.0022920493569640703
0.15,15,1.09375,0.75,0.0,0.9393937660853205,-0.0998096280884165,0.002862471897982814,7.511243983016928e-05,-2.638760465275675e-05,0.007951184345257644,0.0013009194251068137
0.15,15,1.125,0.75,0.0,0.9403688902461653,-0.0926310379411379,0.0031070081910194156,7.414350110207978e-05,-2.578922806159251e-05,0.006838903313258192,-2.2964586392285985e-05
0.15,15,1.15625,0.75,0.0,0.9416358818939534,-0.08592775467312155,0.0033598346985284013,7.63443755228158e-05,-1.965649539140867e-05,0.00583309721198724,-0.0016242210876014744
0.15,15,1.1875,0.75,0.0,0.9433876968761281,-0.07869455072529136,0.003664619957795629,8.393080434495375e-05,-2.8811096105385496e-05,0.005037515020841269,-0.0037727978757718145
0.15,15,1.21875,0.75,0.0,0.9450972386980762,-0.07287850479081612,0.003946776111850581,8.860954822099818e-05,-5.202054694914668e-05,0.0037044580380351617,-0.005811512287021941
0.15,15,1.25,0.75,0.0,0.9468447934413821,-0.06746530757842326,0.00424387920970473,7.286355944044979e-05,0.00017904636544744572,0.0037448779344436225,-0.008025185486602552
0.15,15,1.28125,0.75,0.0,0.9492456336449568,-0.06318577709732924,0.0045114812753953406,-6.252994773874973e-05,0.004225907401134715,0.006081607924426374,-0.009948797852480675
0.15,15,1.3125,0.75,0.0,0.9509757463354565,-0.058938107285415826,0.004450256557920335,0.00016140791335559284,0.0020404646445650477,-0.003085438264916127,-0.013595743021875915
0.15,15,1.34375,0.75,0.0,0.9531044787244008,-0.05319246404337559,0.005223508753281707,0.00012384038354050137,0.0011941315469445378,-0.020411345725478678,-0.019016592719921146
0.15,15,1.375,0.75,0.0,0.9542826171596603,-0.04936019260803256,0.005974653792587967,1.6120083598077708e-05,0.0025206454937600504,-0.03540143573843403,-0.02288904430555685
0.15,15,1.40625,0.75,0.0,0.9574823502361127,-0.04690637513381746,0.0058962462021605565,6.941802485467093e-05,-0.013657267286935568,-0.029734095729469327,-0.027254938733128096
0.15,15,1.4375,0.75,0.0,0.9608424593896719,-0.04436624430180531,0.006380069327276803,3.166366694935046e-05,-0.03690077737008997,-0.01849900242036331,-0.03183881392018947
0.15,15,1.46875,0.75,0.0,0.9634505737955357,-0.04064692802627391,0.008825489025399012,-0.0007300541969789295,0.0232749223399937,-0.07740766872607993,-0.0398147032955853
0.15,15,1.5,0.75,0.0,0.9651968485009544,-0.036732956763848953,0.012233119298283836,-0.0017712272986323313,0.0956692668328693,-0.14752474289764425,-0.04768788658510723
