time,step,kinetic_energy,enstrophy,enstrophy_test,dEdt,neg_nu_enstrophy,helicity,strength_magnitude,strength_x,strength_y,strength_z,impulse_x,impulse_y,impulse_z,angular_impulse_x,angular_impulse_y,angular_impulse_z,n_particles,max_gamma,turbulent_viscosity_mean,turbulent_viscosity_max,effective_viscosity_mean,effective_viscosity_max,invariant_projection_correction_ratio,core_radius_mean,overlap_ratio,overlap_ratio_max,vorticity_divergence_error,strength_misalignment_deg,stabilization_events,stabilization_last_mechanism,stabilization_circulation_error,stabilization_strength_growth,stabilization_vorticity_growth,stabilization_max_vorticity_growth
0.993,3,1.6391042542457857,43.096946929086386,37.16080447815737,0.0,-0.08131499541751121,-4.161660278744811e-08,12.381902779985458,-1.3579786370377343e-14,6.372604351899619e-14,12.38189806823992,-0.0014377360066390081,-0.0007929129927834126,-4.987181975502545e-09,-4.997218488116193e-07,1.0797311409900611e-06,-1.2004846154443254,53249,0.0019768972415477037,0.0,0.0,0.0018867924809455872,0.0018867924809455872,0.0,0.09000000357627869,0.6804198113797841,0.8507620314886066,0.05632016359159156,0.0005928877991686956,0,none,0.0,0.0,0.0,0.0
1.986,6,1.712292137659648,32.86338073442213,29.254411447697233,0.07370381008445358,-0.06200637966815974,-5.1778606657719565e-08,12.38189849219305,-8.869498831134276e-15,5.163592234625196e-14,12.381898100072478,-0.0014514262648950439,-0.0008047072312544675,-1.1463884874364113e-08,-5.576235102330554e-08,1.0831038067023929e-06,-1.2512181106287967,78201,0.0012891722144559026,0.0,0.0,0.0018867924809455872,0.0018867924809455872,0.0,0.09000000357627869,0.676284862974236,0.8047377888915106,0.059229663532420554,0.00037510393772525,0,none,0.0,0.0,0.0,0.0
2.979,9,1.7851147909579652,27.470357033760852,24.877722581744653,0.07333600533566682,-0.051830863100190694,-3.352597895454192e-08,12.381898147442147,1.1921731234588312e-14,1.216454897711413e-13,12.381898099742635,-0.0014713449948879896,-0.0008199937155145479,-1.0202747617850213e-08,3.9932421938305236e-08,1.1782800083254397e-06,-1.2924980118115659,101133,0.0010243825381621718,0.0,0.0,0.0018867924809455872,0.0018867924809455872,0.0,0.09000000357627869,0.674846622945252,0.804737699244576,0.07529473238487461,0.0002377869667099151,0,none,0.0,0.0,0.0,0.0
3.972,12,1.832758700700183,23.92772824430426,21.93139541578205,0.04797976811905125,-0.045146657737462625,-1.9903570996865786e-08,12.381898122420555,3.3417387780565466e-14,1.7680486842454522e-13,12.38189809811357,-0.001476993282276748,-0.0008285725160970834,-5.707569809755375e-09,-4.6657862420576875e-08,1.3007617567199307e-06,-1.3294022325334398,123765,0.0008716524462215602,0.0,0.0,0.0018867923645302653,0.0018867924809455872,0.0,0.09000000357627869,0.675026401194642,0.8047376980250486,0.06570115064755755,0.00015600107280986123,0,none,0.0,0.0,0.0,0.0
4.965,15,1.880674235667214,21.387355630131434,19.781914068292444,0.048253308123898116,-0.04035350179024128,-6.849111757738969e-09,12.381898206055563,2.990692264933613e-14,1.743797173487459e-13,12.381898097819715,-0.0014878252615431538,-0.0008074151650992083,2.87291201235074e-10,-2.3730952372657426e-07,1.530468856105013e-06,-1.363993743505726,146623,0.0007721210131421685,0.0,0.0,0.001886792597360909,0.0018867924809455872,0.0,0.09000000357627869,0.6746668416062058,0.8047383763445918,0.11280024112538017,0.00013808060295423852,0,none,0.0,0.0,0.0,0.0
5.958,18,1.9062083763740256,19.425582971440782,18.10219916341304,0.025714139684603923,-0.0366520438884991,6.752157908277813e-09,12.381898233682044,3.4818301527729764e-14,1.5985766802267858e-13,12.381898096259238,-0.0014905062126966105,-0.0008033719671876808,6.414731135799915e-09,-7.098933263785522e-07,1.3998046030361613e-06,-1.3974351167247618,169970,0.0006976911681704223,0.0,0.0,0.0018867924809455872,0.0018867924809455872,0.0,0.09000000357627869,0.6766444375815743,0.850761371988034,0.13295958390089052,0.00011665172808458536,0,none,0.0,0.0,0.0,0.0
6.951,21,1.9137865077597043,17.84346972308735,16.73735076910881,0.007631552251438719,-0.033666924507501444,1.6473510289212804e-08,12.38189817620232,-3.1630928273324195e-14,7.2576309514151e-14,12.38189809530336,-0.0014855731486923575,-0.0008009767875286795,1.1085340397644998e-08,-5.639506714076034e-07,1.4183099240219935e-06,-1.43042321756922,193549,0.0006399052799679339,0.0,0.0,0.001886792597360909,0.0018867924809455872,0.0,0.09000000357627869,0.6759253067273188,0.804738295640351,0.15789018797785392,9.301012453194759e-05,0,none,0.0,0.0,0.0,0.0
7.944,24,1.9228293613572316,16.529304968557653,15.598259799603287,0.00910659979610002,-0.031187368329931124,1.9488857339821688e-08,12.381898187261388,-2.8122732793346808e-14,7.641921342489793e-14,12.381898094805967,-0.0014868334975464816,-0.0008076381056595666,1.311327657568862e-08,-6.073336155564742e-07,1.41263339382834e-06,-1.4632871962054346,217848,0.000582848209887743,0.0,0.0,0.001886792597360909,0.0018867924809455872,0.0,0.09000000357627869,0.6741275030461829,0.8047383736901256,0.1774745045136075,7.57194443876677e-05,0,none,0.0,0.0,0.0,0.0
8.937,27,1.915110818829087,15.419588417831914,14.63165191480672,-0.007772953200548366,-0.029093563486040912,1.716700270160962e-08,12.381898198433259,-5.3143651169994874e-14,6.636209692466823e-14,12.381898095272712,-0.0014792030848431487,-0.0008125234269727345,1.2487328899712165e-08,-6.459585564955512e-07,1.5457822022254246e-06,-1.4958735790995976,243322,0.0005286778905428946,0.0,0.0,0.001886792597360909,0.0018867924809455872,0.0,0.09000000357627869,0.6726892780324596,0.8047380425530684,0.21506164200521666,6.035561386323519e-05,0,none,0.0,0.0,0.0,0.0
9.93,30,1.9312669980725954,14.473072451846065,13.801353964169076,0.01627006973162972,-0.027307684278323873,1.1827904360174244e-08,12.381898161138434,-3.9439574050291077e-14,5.437044454965217e-14,12.381898095056101,-0.0014652536663393462,-0.0008188826682359394,9.89997422785617e-09,-6.241823265360095e-07,1.7004952593621107e-06,-1.5285091552038674,270310,0.00048286482342518866,0.0,0.0,0.0018867924809455872,0.0018867924809455872,0.0,0.09000000357627869,0.6736780548180775,0.8047380425530684,0.20340743184373128,5.129442080408473e-05,0,none,0.0,0.0,0.0,0.0
10.923,33,1.9448281530547613,13.66466636086543,13.085767741737657,0.013656752247901228,-0.02578238974431099,5.2716033560700764e-09,12.381898135026438,-1.3971363179739313e-13,1.3787583027479165e-14,12.381898095444472,-0.0014718953646813994,-0.000821414727440841,6.249317529369517e-09,-5.870524904050143e-07,1.4388352421649993e-06,-1.561410431655194,297547,0.0004667538742069155,0.0,0.0,0.0018867923645302653,0.0018867924809455872,0.0,0.09000000357627869,0.6726892638264391,0.8047380748824162,0.17847551300683723,4.239887113700564e-05,0,none,0.0,0.0,0.0,0.0
11.916,36,1.9586028785002465,12.971297108088896,12.466759513866963,0.0138718282431875,-0.024474145851653372,-5.249104938324543e-10,12.381898129384954,-1.1082608219808651e-13,-9.796626368833229e-14,12.381898095638796,-0.001482665180017102,-0.0008257917513447484,2.4268298963552147e-09,-6.77606316567662e-07,1.2861026549859791e-06,-1.5942479358321897,324509,0.00045740490895695984,0.0,0.0,0.0018867924809455872,0.0018867924809455872,0.0,0.09000000357627869,0.6734083850397226,0.8047381690967823,0.22850630353336684,3.6986496078922e-05,0,none,0.0,0.0,0.0,0.0
12.909,39,1.9724526396041306,12.36957491587537,11.925510087610075,0.013947392853861163,-0.023338820943766794,-4.290895229917042e-09,12.381898125239402,-1.1276206578452862e-13,-4.88467022226592e-15,12.381898095174543,-0.00148556962332696,-0.0008215222410966605,-8.869488761971023e-10,-8.498198249104449e-07,1.1380916880586897e-06,-1.6268555280742252,351665,0.0004478335613384843,0.0,0.0,0.001886792597360909,0.0018867924809455872,0.0,0.09000000357627869,0.673318490422736,0.804738295640351,0.14896431893930684,3.0867661377532684e-05,0,none,0.0,0.0,0.0,0.0
13.902,42,1.98624945421419,11.842839136127301,11.448416758277066,0.013894073121912737,-0.022344979835093128,-5.641076127861465e-09,12.38189811814935,-7.432771879803488e-14,1.6304544877934112e-14,12.381898095598467,-0.0014872098693979642,-0.0008223555588194963,-3.359035952820295e-09,-9.720274151783421e-07,9.603313817089627e-07,-1.659369222956832,377899,0.0004383782797958702,0.0,0.0,0.0018867923645302653,0.0018867924809455872,0.0,0.09000000357627869,0.6740376085662152,0.8047380425530684,0.19177908025029167,3.145539467522735e-05,0,none,0.0,0.0,0.0,0.0
14.895,45,1.9925687239428742,11.37875603545214,11.025230117467723,0.006363816443790774,-0.02146935133020532,-5.2744278277251135e-09,12.381898112899211,-9.458717184686413e-14,-5.369854938220598e-14,12.381898096000409,-0.0014744884204679488,-0.0008183235637762561,-5.066260429019988e-09,-7.780478463815344e-07,1.1208537989886234e-06,-1.6918833849969523,403939,0.00042891179327853024,0.0,0.0,0.0018867927137762308,0.0018867924809455872,0.0,0.09000000357627869,0.6723297054880105,0.8507614271776923,0.15464872603284063,2.9524822109332217e-05,0,none,0.0,0.0,0.0,0.0
15.888,48,1.99226094738548,10.966764204161464,10.647054806848832,-0.00030994618065883546,-0.020692008240715067,-4.278554578520128e-09,12.38189810901217,-6.6008064737535e-14,-4.467897378949022e-14,12.381898095928904,-0.0014711599702494724,-0.0008138921328223154,-6.316299093516949e-09,-7.996130299742565e-07,7.99157745056037e-07,-1.7243492171473978,429385,0.00041953797335736454,0.0,0.0,0.0018867922481149435,0.0018867924809455872,0.0,0.09000000357627869,0.6731387143214378,0.8047380748825325,0.18974985195952238,2.7233457425822523e-05,0,none,0.0,0.0,0.0,0.0
16.881,51,1.998444466710024,10.597614035452027,10.306109723509842,0.006227109088161211,-0.019995498478054305,-3.587852089853631e-09,12.381898105967604,-7.764935864296769e-14,-6.28074834845567e-14,12.38189809589043,-0.0014743274934330823,-0.0008182376111271308,-7.4220816855033055e-09,-7.759820750085776e-07,7.180114427785088e-07,-1.7566905340110437,454317,0.00041036325274035335,0.0,0.0,0.0018867924809455872,0.0018867924809455872,0.0,0.09000000357627869,0.6729589369187966,0.8047377626834732,0.14657595554582464,2.3064436152496103e-05,0,none,0.0,0.0,0.0,0.0
17.874,54,1.992195157702247,10.263868424160027,9.99618190484886,-0.006293362545596276,-0.019365789768119968,-3.5527364329026337e-09,12.381898104485257,-6.258453802245555e-14,-2.1853273061635505e-13,12.381898096300562,-0.001480662894535013,-0.000821885255158054,-8.581134828196986e-09,-7.872942212337081e-07,6.573846564439677e-07,-1.788889588185809,478824,0.0004014941805507988,0.0,0.0,0.0018867923645302653,0.0018867924809455872,0.0,0.09000000357627869,0.6705318985466143,0.8047375037079091,0.12375895392067475,2.4130921544544546e-05,0,none,0.0,0.0,0.0,0.0
18.867,57,1.9981047586502543,9.95980915109414,9.712495780817315,0.005951259766371889,-0.018792093017937477,-4.1841454766564185e-09,12.381898107382801,-8.034417999233593e-14,-1.169573255181794e-13,12.381898100387879,-0.0014855809711502477,-0.000822048322243581,-9.826565770588061e-09,-7.578139317298117e-07,6.525842397122632e-07,-1.8209682787190606,490000,0.00039291157736442983,0.0,0.0,0.0018867924809455872,0.0018867924809455872,0.0,0.09000000357627869,0.6721499249762,0.8507608844645176,0.1515235693332565,2.10512974248889e-05,0,none,0.0,0.0,0.0,0.0
19.86,60,1.992440009956754,9.68097488597447,9.451282506674954,-0.005704681463746432,-0.01826599062307969,-5.172900725925316e-09,12.381898136688424,-7.749598822479008e-14,-8.887369747487843e-14,12.381898130381579,-0.0014722279737595795,-0.000820444797767365,-1.1057111974234285e-08,-6.873536302649185e-07,5.37402074618578e-07,-1.8529507384333357,490000,0.0003845949249807745,0.0,0.0,0.0018867924809455872,0.0018867924809455872,0.0,0.09000000357627869,0.6772218961721588,0.886076282710703,0.16237250550004484,1.7001805942323863e-05,0,none,0.0,0.0,0.0,0.0
20.853,63,1.9757861570033466,9.42383116523306,9.209511550000324,-0.01677125171541536,-0.017780813784262432,-5.284448087998577e-09,12.38189819082768,-6.379935066205006e-14,-1.481068162106721e-13,12.38189818510602,-0.0014697475675022917,-0.0008218683463606082,-1.2349709268738795e-08,-7.086889398189625e-07,6.51367958074536e-07,-1.8848484247835466,490000,0.00037650566082447767,0.0,0.0,0.0018867924809455872,0.0018867924809455872,0.0,0.09000000357627869,0.680961831342143,0.9809364386351068,0.1321168404911127,2.131304868121303e-05,0,none,0.0,0.0,0.0,0.0
21.846,66,1.971053270009459,9.185435690409854,8.984614308042312,-0.0047662507491315585,-0.017331010994874548,-6.191485257106355e-09,12.381898238041869,-1.0149181471044434e-13,-1.3125233797560947e-13,12.38189823273625,-0.0014740249998056983,-0.0008296288297769739,-1.3876570605302307e-08,-7.01974294218553e-07,6.37007401082442e-07,-1.91666671064974,490000,0.0003687202406581491,0.0,0.0,0.0018867924809455872,0.0018867924809455872,0.0,0.09000000357627869,0.6869773255904442,1.4644819629073145,0.16343124570540785,2.4041085722206215e-05,0,none,0.0,0.0,0.0,0.0
22.839,69,1.9667239796575493,8.963358105202506,8.774448886143555,-0.004359809015014764,-0.016911996676918773,-3.5978801541995446e-08,12.381898224234686,-9.109684807923622e-14,-1.0162680582929729e-13,12.381898219077605,-0.001479914999832062,-0.0008318681140713331,-1.9823230902551502e-08,-5.86327551871485e-07,6.81964488626173e-07,-1.9484104273875942,490000,0.00036129518412053585,0.0,0.0,0.0018867924809455872,0.0018867924809455872,0.0,0.09000000357627869,0.6899235218865497,0.9809365356227242,0.1371250460177943,3.4733607417946556e-05,0,none,0.0,0.0,0.0,0.0
23.832,72,1.9568952564205517,8.755539263700362,8.57719157062604,-0.009898009302112338,-0.016519885649373702,-3.873399256545932e-08,12.381898231915839,-1.0001287051056784e-13,-7.719256434257295e-14,12.38189822611925,-0.0014870714974733322,-0.0008239787995029655,-3.2626674865075576e-08,-6.841615552143785e-07,8.519713123127461e-07,-1.9800873308716609,490000,0.00035404349910095334,0.0,0.0,0.0018867924809455872,0.0018867924809455872,0.0,0.09000000357627869,0.6943671567171512,0.9864790531591753,0.11702554871640275,5.27252548086588e-05,0,none,0.0,0.0,0.0,0.0
24.825,75,1.9576066382708155,8.560257695514597,8.391319929939126,0.0007163966266503125,-0.01615142985485354,-1.0660527486240875e-07,12.38189823591977,-1.3590008179358095e-13,-1.0973418823190355e-13,12.3818982273832,-0.0014976059299833195,-0.0008176796012627828,-4.806108394415472e-08,-7.988148161985377e-07,1.1541974832139544e-06,-2.0117042467511412,490000,0.0003470975789241493,0.0,0.0,0.0018867924809455872,0.0018867924809455872,0.0,0.09000000357627869,0.6983949684088675,0.980937104400529,0.12799269582831924,0.00011313678413585858,0,none,0.0,0.0,0.0,0.0
25.818,78,1.958199999771775,8.376064528732487,8.215554571678314,0.0005975443111374157,-0.015803895572727496,-1.2048427031470245e-07,12.381898249192082,-1.3923092320557397e-13,-1.1725361771922956e-13,12.381898230195747,-0.0015139261076789062,-0.0008219705233362375,-8.822333071395575e-08,-1.0969346728654494e-06,2.0402185111704843e-06,-2.0432646235907934,490000,0.0003404023009352386,0.0,0.0,0.0018867924809455872,0.0018867924809455872,0.0,0.09000000357627869,0.7030584174820091,0.9809362733290593,0.16851248820415796,0.00015726232500778124,0,none,0.0,0.0,0.0,0.0
26.811,81,1.9588543960877005,8.201706816635504,8.048791833711585,0.0006590093815967431,-0.015474918752548035,3.951308436553596e-07,12.381898273849307,-8.020728429715361e-14,-1.057440181869477e-13,12.381898229560965,-0.0015359589270516926,-0.0008192513577852654,-1.9486951535596182e-07,-1.556714970702375e-06,2.628727207096846e-06,-2.0747699978254643,490000,0.0003339379618410021,0.0,0.0,0.0018867924809455872,0.0018867924809455872,0.0,0.09000000357627869,0.7021610138664339,1.0027306498195356,0.10188363488706663,0.0003602000025998835,0,none,0.0,0.0,0.0,0.0
27.804,84,1.9687593931857563,8.036149616855345,7.890122610399312,0.009974820843963571,-0.01516254667283643,1.5032984613172535e-08,12.381898287334664,-1.6018153734174467e-13,-2.5392045116370625e-14,12.38189822800308,-0.001557167503399088,-0.0008309357750696294,-3.9552048911711465e-07,-2.322620383391129e-06,3.895630318450099e-06,-2.106218108552336,490000,0.00032767074299044907,0.0,0.0,0.0018867924809455872,0.0018867924809455872,0.0,0.09000000357627869,0.7025690120596444,1.1182765641901795,0.16268347702411623,0.0001410616336372252,0,none,0.0,0.0,0.0,0.0
28.797,87,1.9783603087150325,7.878461666096631,7.738719175628577,0.009668595699170394,-0.014865022233009166,-4.202883483516955e-07,12.381898351011332,-4.0571115588576745e-13,-1.542737665619985e-13,12.381898231199024,-0.001580682433358602,-0.0008379597051283699,-7.054700945613854e-07,-3.4259307403449065e-06,5.386181503426131e-06,-2.1376064751570008,490000,0.0003216405166313052,0.0,0.0,0.0018867924809455872,0.0018867924809455872,0.0,0.09000000357627869,0.7114868192347895,1.108299558346274,0.1482613180139935,0.00017442048664251258,0,none,0.0,0.0,0.0,0.0
29.79,90,1.9694630759087408,7.727918670402928,7.593942463087689,-0.008959952473606994,-0.01458097884067527,-1.058814809364022e-06,12.381898513818193,-3.5778313056286545e-13,-9.848736659289332e-14,12.381898231546323,-0.001600274465796114,-0.0008413726482064734,-1.117048660722348e-06,-5.362138207507958e-06,7.495642412988573e-06,-2.168928710501375,490000,0.00031581020448356867,0.0,0.0,0.0018867924809455872,0.0018867924809455872,0.0,0.09000000357627869,0.719899413452082,1.1960745909029853,0.12711684116369104,0.0003379834271339989,0,none,0.0,0.0,0.0,0.0
