checkpoint,status,path,particle_kernel,dt_factor,dt,steps,horizon,method,wall_time_s,source_particles,selected_particles,anchor,source_strength_max,selected_strength_max,external_forcing_available,replay_class,position_error,strength_error,strength_magnitude_error,strength_angle_mean_deg,strength_error_p95,strength_error_max,excess_growth,velocity_evaluations,gradient_evaluations,fused_evaluations,pairwise_stretching_sweeps,tree_builds,tree_refits,tree_traversals,kernel_launches,synchronisations,host_device_transfers
leapfrog_late_150,completed,tutorials/vpm/vortex_interactions/solution/leapfrog_les/vpm_000150.h5,GAUSSIAN,0.5,0.0038992961057514367,10,0.03899296105751437,fractional_x_gamma,0.024764080997556448,14080,32,10669,0.011478795597065734,0.011478795597065734,False,isolated_local_neighbourhood,1.9022973919074458e-05,4.6195274865463676e-05,2.4431693365032633e-05,0.0032198847809003246,0.00019865457607489353,0.00020640980283811512,-1.0570315002004848e-05,30,0,0,30,0,0,0,0,0,0
leapfrog_late_150,completed,tutorials/vpm/vortex_interactions/solution/leapfrog_les/vpm_000150.h5,GAUSSIAN,0.5,0.0038992961057514367,10,0.03899296105751437,fractional_gamma_x,0.02329079800983891,14080,32,10669,0.011478795597065734,0.011478795597065734,False,isolated_local_neighbourhood,1.9074032612501394e-05,4.6238170947967106e-05,2.4424905823098687e-05,0.003220849269375154,0.00019864112767464264,0.0002058395158469344,1.0622813340440556e-05,30,0,0,30,0,0,0,0,0,0
leapfrog_late_150,completed,tutorials/vpm/vortex_interactions/solution/leapfrog_les/vpm_000150.h5,GAUSSIAN,0.5,0.0038992961057514367,10,0.03899296105751437,parallel_lagged,0.0239341160049662,14080,32,10669,0.011478795597065734,0.011478795597065734,False,isolated_local_neighbourhood,1.8962804856252232e-05,4.624171609181095e-05,2.4432581643511874e-05,0.003219540035162267,0.00019846019038503577,0.0002055019003123371,1.060827525016294e-05,30,0,0,30,0,0,0,0,0,0
leapfrog_late_150,completed,tutorials/vpm/vortex_interactions/solution/leapfrog_les/vpm_000150.h5,GAUSSIAN,0.5,0.0038992961057514367,10,0.03899296105751437,strang_x_gamma_x,0.03190626599825919,14080,32,10669,0.011478795597065734,0.011478795597065734,False,isolated_local_neighbourhood,1.4208094850218906e-07,5.07044652645883e-07,1.8503160432402814e-07,3.9459896803545124e-05,2.2508458619388326e-06,2.449339694453844e-06,-9.105182211941406e-08,60,0,0,30,0,0,0,0,0,0
leapfrog_late_150,completed,tutorials/vpm/vortex_interactions/solution/leapfrog_les/vpm_000150.h5,GAUSSIAN,0.5,0.0038992961057514367,10,0.03899296105751437,strang_gamma_x_gamma,0.040232121013104916,14080,32,10669,0.011478795597065734,0.011478795597065734,False,isolated_local_neighbourhood,2.1896832739595307e-07,5.623450837545157e-07,2.0834243494132184e-07,4.263336106310456e-05,2.294937713491685e-06,2.462684888235694e-06,1.0484757556515501e-07,30,0,0,60,0,0,0,0,0,0
leapfrog_late_150,completed,tutorials/vpm/vortex_interactions/solution/leapfrog_les/vpm_000150.h5,GAUSSIAN,0.5,0.0038992961057514367,10,0.03899296105751437,coupled_rk2,0.01635889004683122,14080,32,10669,0.011478795597065734,0.011478795597065734,False,isolated_local_neighbourhood,1.503635238811937e-05,1.1246868452738462e-06,1.2045469899682757e-07,9.18041119849537e-05,4.872843257132717e-06,8.117695425315812e-06,-8.765676213821553e-08,20,0,0,20,0,0,0,0,0,0
leapfrog_late_150,completed,tutorials/vpm/vortex_interactions/solution/leapfrog_les/vpm_000150.h5,GAUSSIAN,0.5,0.0038992961057514367,10,0.03899296105751437,coupled_rk3,0.025093773030675948,14080,32,10669,0.011478795597065734,0.011478795597065734,False,isolated_local_neighbourhood,1.3814130280507353e-07,1.752543384724492e-08,3.10274844726582e-09,1.2779725804322154e-06,7.643755999128597e-08,1.002205776780556e-07,-1.4219173626434765e-09,30,0,0,30,0,0,0,0,0,0
leapfrog_late_150,completed,tutorials/vpm/vortex_interactions/solution/leapfrog_les/vpm_000150.h5,GAUSSIAN,0.5,0.0038992961057514367,10,0.03899296105751437,coupled_rk4_reference,0.03032847697613761,14080,32,10669,0.011478795597065734,0.011478795597065734,False,isolated_local_neighbourhood,1.3809161619884947e-09,7.369546682805623e-11,8.044911721955642e-12,1.5550492119394526e-07,2.2498657939895527e-10,3.1638825509639494e-10,-1.7343904090709237e-12,40,0,0,40,0,0,0,0,0,0
leapfrog_late_150,completed,tutorials/vpm/vortex_interactions/solution/leapfrog_les/vpm_000150.h5,GAUSSIAN,0.5,0.0038992961057514367,10,0.03899296105751437,reuse_stage_gradients,0.02209296595538035,14080,32,10669,0.011478795597065734,0.011478795597065734,False,isolated_local_neighbourhood,1.908207170133639e-05,1.741832927364541e-05,1.1648260173855742e-05,0.0007677967303048827,3.8273249493138095e-05,3.95072131597951e-05,9.527413608458042e-06,30,30,0,0,0,0,0,0,0,0
leapfrog_late_150,completed,tutorials/vpm/vortex_interactions/solution/leapfrog_les/vpm_000150.h5,GAUSSIAN,0.5,0.0038992961057514367,10,0.03899296105751437,averaged_gradient_exponential,0.043799829960335046,14080,32,10669,0.011478795597065734,0.011478795597065734,False,isolated_local_neighbourhood,1.908207120744101e-05,1.7394033434204962e-05,1.1653485856855038e-05,0.0007672017281925513,3.7991205822625154e-05,3.924536492928035e-05,9.53210002479447e-06,30,30,0,0,0,0,0,0,0,0
leapfrog_late_150,completed,tutorials/vpm/vortex_interactions/solution/leapfrog_les/vpm_000150.h5,GAUSSIAN,1.0,0.007798592211502873,10,0.07798592211502874,fractional_x_gamma,0.02114327298477292,14080,32,10669,0.011478795597065734,0.011478795597065734,False,isolated_local_neighbourhood,7.19813759490501e-05,0.00016520087096637054,9.404311164356703e-05,0.011243758772133076,0.0007389341598652809,0.0007655122820599677,-2.2607431638982744e-05,30,0,0,30,0,0,0,0,0,0
leapfrog_late_150,completed,tutorials/vpm/vortex_interactions/solution/leapfrog_les/vpm_000150.h5,GAUSSIAN,1.0,0.007798592211502873,10,0.07798592211502874,fractional_gamma_x,0.020822539052460343,14080,32,10669,0.011478795597065734,0.011478795597065734,False,isolated_local_neighbourhood,7.257326533590185e-05,0.000165385805737109,9.384840563499497e-05,0.011252439026543867,0.0007385417839239141,0.0007621327023813254,2.3068690763378792e-05,30,0,0,30,0,0,0,0,0,0
leapfrog_late_150,completed,tutorials/vpm/vortex_interactions/solution/leapfrog_les/vpm_000150.h5,GAUSSIAN,1.0,0.007798592211502873,10,0.07798592211502874,parallel_lagged,0.0202818859834224,14080,32,10669,0.011478795597065734,0.011478795597065734,False,isolated_local_neighbourhood,7.192154327493405e-05,0.00016537167283834896,9.390668914372118e-05,0.01123924811155183,0.000736893698650751,0.0007596743305705483,2.2775363756466725e-05,30,0,0,30,0,0,0,0,0,0
leapfrog_late_150,completed,tutorials/vpm/vortex_interactions/solution/leapfrog_les/vpm_000150.h5,GAUSSIAN,1.0,0.007798592211502873,10,0.07798592211502874,strang_x_gamma_x,0.02757658896734938,14080,32,10669,0.011478795597065734,0.011478795597065734,False,isolated_local_neighbourhood,1.1045859995464905e-06,3.512031500582511e-06,1.4058932522177913e-06,0.0002714879380852453,1.5161631224947765e-05,1.7774252096048785e-05,-8.588374479214865e-07,60,0,0,30,0,0,0,0,0,0
leapfrog_late_150,completed,tutorials/vpm/vortex_interactions/solution/leapfrog_les/vpm_000150.h5,GAUSSIAN,1.0,0.007798592211502873,10,0.07798592211502874,strang_gamma_x_gamma,0.03559808898717165,14080,32,10669,0.011478795597065734,0.011478795597065734,False,isolated_local_neighbourhood,2.6839509577367157e-06,3.9482983225595775e-06,1.5871227239775099e-06,0.00029564524653321483,1.635448699619523e-05,1.778902787713159e-05,9.900705070666544e-07,30,0,0,60,0,0,0,0,0,0
leapfrog_late_150,completed,tutorials/vpm/vortex_interactions/solution/leapfrog_les/vpm_000150.h5,GAUSSIAN,1.0,0.007798592211502873,10,0.07798592211502874,coupled_rk2,0.01387586398050189,14080,32,10669,0.011478795597065734,0.011478795597065734,False,isolated_local_neighbourhood,0.000119753112521417,8.65297019657596e-06,9.542612723071234e-07,0.0007217132168183167,3.671308342379059e-05,6.363249446058308e-05,-7.593749561387061e-07,20,0,0,20,0,0,0,0,0,0
leapfrog_late_150,completed,tutorials/vpm/vortex_interactions/solution/leapfrog_les/vpm_000150.h5,GAUSSIAN,1.0,0.007798592211502873,10,0.07798592211502874,coupled_rk3,0.021086376043967903,14080,32,10669,0.011478795597065734,0.011478795597065734,False,isolated_local_neighbourhood,2.226912622421438e-06,2.6452795008503647e-07,4.808987563757978e-08,2.03011574964414e-05,1.1931214597474361e-06,1.4972030463904683e-06,-1.1803571967334937e-08,30,0,0,30,0,0,0,0,0,0
leapfrog_late_150,completed,tutorials/vpm/vortex_interactions/solution/leapfrog_les/vpm_000150.h5,GAUSSIAN,1.0,0.007798592211502873,10,0.07798592211502874,coupled_rk4_reference,0.028005101019516587,14080,32,10669,0.011478795597065734,0.011478795597065734,False,isolated_local_neighbourhood,4.399663640002022e-08,1.9595812239741665e-09,2.751617238705439e-10,3.220612368714574e-07,6.632891525291137e-09,8.886969674407683e-09,-8.903233706233349e-11,40,0,0,40,0,0,0,0,0,0
leapfrog_late_150,completed,tutorials/vpm/vortex_interactions/solution/leapfrog_les/vpm_000150.h5,GAUSSIAN,1.0,0.007798592211502873,10,0.07798592211502874,reuse_stage_gradients,0.01927230501314625,14080,32,10669,0.011478795597065734,0.011478795597065734,False,isolated_local_neighbourhood,7.281057883622337e-05,6.902734645168245e-05,4.5896757495765877e-05,0.003048936656185281,0.00015132659425580553,0.00015723495890549328,2.2159892429516532e-05,30,30,0,0,0,0,0,0,0,0
leapfrog_late_150,completed,tutorials/vpm/vortex_interactions/solution/leapfrog_les/vpm_000150.h5,GAUSSIAN,1.0,0.007798592211502873,10,0.07798592211502874,averaged_gradient_exponential,0.03772027895320207,14080,32,10669,0.011478795597065734,0.011478795597065734,False,isolated_local_neighbourhood,7.281502128002863e-05,6.917629782086532e-05,4.593616383105035e-05,0.0030740147119547633,0.00015164485768934287,0.00015743824753133091,2.2204008983430552e-05,30,30,0,0,0,0,0,0,0,0
leapfrog_late_150,completed,tutorials/vpm/vortex_interactions/solution/leapfrog_les/vpm_000150.h5,GAUSSIAN,2.0,0.015597184423005747,10,0.15597184423005747,fractional_x_gamma,0.022145759023260325,14080,32,10669,0.011478795597065734,0.011478795597065734,False,isolated_local_neighbourhood,0.0002467691992499072,0.0004346218437906044,0.0003285991391752794,0.02349562307167099,0.0020019954905896287,0.002381374370384131,5.604099880994211e-05,30,0,0,30,0,0,0,0,0,0
leapfrog_late_150,completed,tutorials/vpm/vortex_interactions/solution/leapfrog_les/vpm_000150.h5,GAUSSIAN,2.0,0.015597184423005747,10,0.15597184423005747,fractional_gamma_x,0.021113216993398964,14080,32,10669,0.011478795597065734,0.011478795597065734,False,isolated_local_neighbourhood,0.0002500253841427924,0.00043398839349499484,0.0003266150375669646,0.023551301898336215,0.002000217460678259,0.0023562164165644188,-5.294189058296257e-05,30,0,0,30,0,0,0,0,0,0
leapfrog_late_150,completed,tutorials/vpm/vortex_interactions/solution/leapfrog_les/vpm_000150.h5,GAUSSIAN,2.0,0.015597184423005747,10,0.15597184423005747,parallel_lagged,0.021164792007766664,14080,32,10669,0.011478795597065734,0.011478795597065734,False,isolated_local_neighbourhood,0.0002527725516584706,0.00043342340491798505,0.00032668589995530343,0.02343852070275409,0.0019870854470599095,0.0023341459400530173,-5.706312001270899e-05,30,0,0,30,0,0,0,0,0,0
leapfrog_late_150,completed,tutorials/vpm/vortex_interactions/solution/leapfrog_les/vpm_000150.h5,GAUSSIAN,2.0,0.015597184423005747,10,0.15597184423005747,strang_x_gamma_x,0.028414029977284372,14080,32,10669,0.011478795597065734,0.011478795597065734,False,isolated_local_neighbourhood,8.018947048360242e-06,1.5844469308235634e-05,9.3682683110109e-06,0.0010919419694838148,6.855460671911548e-05,9.030661896266596e-05,-5.820562841700588e-06,60,0,0,30,0,0,0,0,0,0
leapfrog_late_150,completed,tutorials/vpm/vortex_interactions/solution/leapfrog_les/vpm_000150.h5,GAUSSIAN,2.0,0.015597184423005747,10,0.15597184423005747,strang_gamma_x_gamma,0.033079468994401395,14080,32,10669,0.011478795597065734,0.011478795597065734,False,isolated_local_neighbourhood,3.8874882853018e-05,1.7882100056515952e-05,1.0549815169566768e-05,0.0012032261817345082,7.802674520500194e-05,9.475589977777095e-05,6.915355631433401e-06,30,0,0,60,0,0,0,0,0,0
leapfrog_late_150,completed,tutorials/vpm/vortex_interactions/solution/leapfrog_les/vpm_000150.h5,GAUSSIAN,2.0,0.015597184423005747,10,0.15597184423005747,coupled_rk2,0.012653715966735035,14080,32,10669,0.011478795597065734,0.011478795597065734,False,isolated_local_neighbourhood,0.0009407469738593588,7.92908638901801e-05,7.367086593494719e-06,0.006024309187286523,0.0003405501198244991,0.00041010381688966197,-8.730603089143334e-07,20,0,0,20,0,0,0,0,0,0
leapfrog_late_150,completed,tutorials/vpm/vortex_interactions/solution/leapfrog_les/vpm_000150.h5,GAUSSIAN,2.0,0.015597184423005747,10,0.15597184423005747,coupled_rk3,0.020187011978123337,14080,32,10669,0.011478795597065734,0.011478795597065734,False,isolated_local_neighbourhood,3.6659633117798526e-05,4.06633481430844e-06,6.459036335636995e-07,0.0003123740628429152,1.6161178210174485e-05,1.701823049910564e-05,1.6402715750441588e-07,30,0,0,30,0,0,0,0,0,0
leapfrog_late_150,completed,tutorials/vpm/vortex_interactions/solution/leapfrog_les/vpm_000150.h5,GAUSSIAN,2.0,0.015597184423005747,10,0.15597184423005747,coupled_rk4_reference,0.02629177999915555,14080,32,10669,0.011478795597065734,0.011478795597065734,False,isolated_local_neighbourhood,1.3836188609360625e-06,5.264818387573822e-08,1.1220068720724634e-08,3.1506379343783973e-06,1.3271227891167613e-07,1.5758309290457648e-07,-8.832823733691578e-09,40,0,0,40,0,0,0,0,0,0
leapfrog_late_150,completed,tutorials/vpm/vortex_interactions/solution/leapfrog_les/vpm_000150.h5,GAUSSIAN,2.0,0.015597184423005747,10,0.15597184423005747,reuse_stage_gradients,0.018723710032645613,14080,32,10669,0.011478795597065734,0.011478795597065734,False,isolated_local_neighbourhood,0.0002562703035107399,0.0002541928229947817,0.00015513514353353113,0.012026239186755829,0.0004777242828909619,0.0005075882560924262,-3.5841493190232e-05,30,30,0,0,0,0,0,0,0,0
leapfrog_late_150,completed,tutorials/vpm/vortex_interactions/solution/leapfrog_les/vpm_000150.h5,GAUSSIAN,2.0,0.015597184423005747,10,0.15597184423005747,averaged_gradient_exponential,0.03828625299502164,14080,32,10669,0.011478795597065734,0.011478795597065734,False,isolated_local_neighbourhood,0.0002564247853303489,0.0002584969051894175,0.00015528267764816493,0.012452482893455746,0.0005051819877418125,0.0005320998941406149,-3.55918307542025e-05,30,30,0,0,0,0,0,0,0,0
rotor_healthy_515,completed,tutorials/vpm/rotor_flow/solution/vpm_rotor_000515.h5,WINCKELMANS,0.5,0.003,10,0.03,fractional_x_gamma,0.022769017959944904,69525,32,9370,13.844846346390131,13.844846346390131,False,isolated_local_neighbourhood,3.5733393902909325e-05,9.436632799547277e-05,3.7197338949821345e-05,0.02697599325194113,0.0011417824540403236,0.001143479122269038,-5.521778848770642e-07,30,0,0,30,0,0,0,0,0,0
rotor_healthy_515,completed,tutorials/vpm/rotor_flow/solution/vpm_rotor_000515.h5,WINCKELMANS,0.5,0.003,10,0.03,fractional_gamma_x,0.022561202000360936,69525,32,9370,13.844846346390131,13.844846346390131,False,isolated_local_neighbourhood,3.586807254526107e-05,9.488028407510487e-05,3.711521947136232e-05,0.02703963487348496,0.0011440101984513183,0.0011492454401967316,4.204378052272499e-07,30,0,0,30,0,0,0,0,0,0
rotor_healthy_515,completed,tutorials/vpm/rotor_flow/solution/vpm_rotor_000515.h5,WINCKELMANS,0.5,0.003,10,0.03,parallel_lagged,0.022323736979160458,69525,32,9370,13.844846346390131,13.844846346390131,False,isolated_local_neighbourhood,3.5045131926415024e-05,9.543897398266884e-05,3.7391111420834576e-05,0.027117251193372018,0.0011431341302849392,0.0011628953745441467,8.663568826464818e-07,30,0,0,30,0,0,0,0,0,0
rotor_healthy_515,completed,tutorials/vpm/rotor_flow/solution/vpm_rotor_000515.h5,WINCKELMANS,0.5,0.003,10,0.03,strang_x_gamma_x,0.028823144966736436,69525,32,9370,13.844846346390131,13.844846346390131,False,isolated_local_neighbourhood,1.2647454058092015e-07,6.521723684426617e-07,2.461985133505903e-07,0.00013885400220863987,6.583399544068317e-06,7.378948806049445e-06,1.3706559391823673e-07,60,0,0,30,0,0,0,0,0,0
rotor_healthy_515,completed,tutorials/vpm/rotor_flow/solution/vpm_rotor_000515.h5,WINCKELMANS,0.5,0.003,10,0.03,strang_gamma_x_gamma,0.037986185983754694,69525,32,9370,13.844846346390131,13.844846346390131,False,isolated_local_neighbourhood,2.0435147380315804e-07,7.003524929939193e-07,3.1296170996862084e-07,0.00015272330799733354,7.5002416267523345e-06,8.858892989886462e-06,-1.753369805406647e-07,30,0,0,60,0,0,0,0,0,0
rotor_healthy_515,completed,tutorials/vpm/rotor_flow/solution/vpm_rotor_000515.h5,WINCKELMANS,0.5,0.003,10,0.03,coupled_rk2,0.0144508570083417,69525,32,9370,13.844846346390131,13.844846346390131,False,isolated_local_neighbourhood,3.187586566756922e-06,1.3228032879121363e-06,3.444771857790842e-07,0.0003914914460665691,1.8969047533172416e-05,2.2113469366855434e-05,6.359576107790005e-08,20,0,0,20,0,0,0,0,0,0
rotor_healthy_515,completed,tutorials/vpm/rotor_flow/solution/vpm_rotor_000515.h5,WINCKELMANS,0.5,0.003,10,0.03,coupled_rk3,0.022299276024568826,69525,32,9370,13.844846346390131,13.844846346390131,False,isolated_local_neighbourhood,3.294206561579916e-08,5.408721679801718e-09,3.891230082953823e-09,1.8023367615411955e-06,9.348108008459345e-08,1.2577830678250452e-07,5.742677443037788e-10,30,0,0,30,0,0,0,0,0,0
rotor_healthy_515,completed,tutorials/vpm/rotor_flow/solution/vpm_rotor_000515.h5,WINCKELMANS,0.5,0.003,10,0.03,coupled_rk4_reference,0.030461436021141708,69525,32,9370,13.844846346390131,13.844846346390131,False,isolated_local_neighbourhood,9.174308583975702e-11,1.660604687019977e-11,7.61165950982376e-12,1.711339531557407e-07,3.1493983018622386e-10,3.711696486318966e-10,2.5328628083766244e-12,40,0,0,40,0,0,0,0,0,0
rotor_healthy_515,completed,tutorials/vpm/rotor_flow/solution/vpm_rotor_000515.h5,WINCKELMANS,0.5,0.003,10,0.03,reuse_stage_gradients,0.021904397988691926,69525,32,9370,13.844846346390131,13.844846346390131,False,isolated_local_neighbourhood,3.497021698240254e-05,4.0317952690812395e-05,3.774015478590419e-06,0.0026509897175083126,7.76465320598465e-05,8.312135296483544e-05,-6.230262514921947e-07,30,30,0,0,0,0,0,0,0,0
rotor_healthy_515,completed,tutorials/vpm/rotor_flow/solution/vpm_rotor_000515.h5,WINCKELMANS,0.5,0.003,10,0.03,averaged_gradient_exponential,0.044943705026526004,69525,32,9370,13.844846346390131,13.844846346390131,False,isolated_local_neighbourhood,3.496779456545366e-05,4.0318040195495806e-05,3.779807803719396e-06,0.0026430232507376455,7.72536350576452e-05,8.450352854504614e-05,-6.149031791344106e-07,30,30,0,0,0,0,0,0,0,0
rotor_healthy_515,completed,tutorials/vpm/rotor_flow/solution/vpm_rotor_000515.h5,WINCKELMANS,1.0,0.006,10,0.06,fractional_x_gamma,0.02237907302333042,69525,32,9370,13.844846346390131,13.844846346390131,False,isolated_local_neighbourhood,0.00014140291542497158,0.00036444736669365727,0.00015832758892540675,0.10348984322205859,0.004317935719257426,0.004512310037588533,-3.0432865368561686e-05,30,0,0,30,0,0,0,0,0,0
rotor_healthy_515,completed,tutorials/vpm/rotor_flow/solution/vpm_rotor_000515.h5,WINCKELMANS,1.0,0.006,10,0.06,fractional_gamma_x,0.021710774046368897,69525,32,9370,13.844846346390131,13.844846346390131,False,isolated_local_neighbourhood,0.00014257879168249105,0.0003682686880237421,0.0001577945410496469,0.1039056096552341,0.004340657068018193,0.004488358243328325,2.9545167029918582e-05,30,0,0,30,0,0,0,0,0,0
rotor_healthy_515,completed,tutorials/vpm/rotor_flow/solution/vpm_rotor_000515.h5,WINCKELMANS,1.0,0.006,10,0.06,parallel_lagged,0.021664962987415493,69525,32,9370,13.844846346390131,13.844846346390131,False,isolated_local_neighbourhood,0.00013908361724454754,0.0003733044449933358,0.00016060854963793875,0.10437908410217876,0.004421509447841172,0.004466133059563121,3.264285267611699e-05,30,0,0,30,0,0,0,0,0,0
rotor_healthy_515,completed,tutorials/vpm/rotor_flow/solution/vpm_rotor_000515.h5,WINCKELMANS,1.0,0.006,10,0.06,strang_x_gamma_x,0.029246584977954626,69525,32,9370,13.844846346390131,13.844846346390131,False,isolated_local_neighbourhood,9.666196304087112e-07,4.841807436622251e-06,1.9794823684091875e-06,0.001029345308450179,5.093154169177425e-05,5.612319933906777e-05,1.0878436114604707e-06,60,0,0,30,0,0,0,0,0,0
rotor_healthy_515,completed,tutorials/vpm/rotor_flow/solution/vpm_rotor_000515.h5,WINCKELMANS,1.0,0.006,10,0.06,strang_gamma_x_gamma,0.03859693103004247,69525,32,9370,13.844846346390131,13.844846346390131,False,isolated_local_neighbourhood,1.661748861056202e-06,5.502537120429033e-06,2.5257026964789423e-06,0.001193040084406604,5.784681610190565e-05,7.04052505455241e-05,-1.3914271048995155e-06,30,0,0,60,0,0,0,0,0,0
rotor_healthy_515,completed,tutorials/vpm/rotor_flow/solution/vpm_rotor_000515.h5,WINCKELMANS,1.0,0.006,10,0.06,coupled_rk2,0.015970366017427295,69525,32,9370,13.844846346390131,13.844846346390131,False,isolated_local_neighbourhood,2.5639506020084246e-05,9.99917399591e-06,2.545840332870013e-06,0.0029439575289360587,0.00013545921534412756,0.00017426275606587178,4.629461228580628e-07,20,0,0,20,0,0,0,0,0,0
rotor_healthy_515,completed,tutorials/vpm/rotor_flow/solution/vpm_rotor_000515.h5,WINCKELMANS,1.0,0.006,10,0.06,coupled_rk3,0.024408274970483035,69525,32,9370,13.844846346390131,13.844846346390131,False,isolated_local_neighbourhood,5.348074346303661e-07,8.459141885296872e-08,5.863130322287879e-08,2.9359239501583426e-05,1.4010967771470046e-06,2.042812653634901e-06,2.8822606482166922e-09,30,0,0,30,0,0,0,0,0,0
rotor_healthy_515,completed,tutorials/vpm/rotor_flow/solution/vpm_rotor_000515.h5,WINCKELMANS,1.0,0.006,10,0.06,coupled_rk4_reference,0.03283246897626668,69525,32,9370,13.844846346390131,13.844846346390131,False,isolated_local_neighbourhood,2.9658337948971466e-09,5.965922411505753e-10,2.518655960545651e-10,3.9752487872931574e-07,9.412690937828791e-09,1.0676505921518976e-08,1.180848752043941e-10,40,0,0,40,0,0,0,0,0,0
rotor_healthy_515,completed,tutorials/vpm/rotor_flow/solution/vpm_rotor_000515.h5,WINCKELMANS,1.0,0.006,10,0.06,reuse_stage_gradients,0.02393260202370584,69525,32,9370,13.844846346390131,13.844846346390131,False,isolated_local_neighbourhood,0.00013668158186147045,0.0001673932328449151,2.3660272831055884e-05,0.009819440720354488,0.0002939027450034291,0.00032303879120691985,1.8991674208689106e-05,30,30,0,0,0,0,0,0,0,0
rotor_healthy_515,completed,tutorials/vpm/rotor_flow/solution/vpm_rotor_000515.h5,WINCKELMANS,1.0,0.006,10,0.06,averaged_gradient_exponential,0.0468323840177618,69525,32,9370,13.844846346390131,13.844846346390131,False,isolated_local_neighbourhood,0.0001366422399959093,0.00016741225380263625,2.3742838815213073e-05,0.009796893718355904,0.0002932635393317412,0.00033686916696972266,1.905345960100117e-05,30,30,0,0,0,0,0,0,0,0
rotor_healthy_515,completed,tutorials/vpm/rotor_flow/solution/vpm_rotor_000515.h5,WINCKELMANS,2.0,0.012,10,0.12,fractional_x_gamma,0.02514457399956882,69525,32,9370,13.844846346390131,13.844846346390131,False,isolated_local_neighbourhood,0.0005625917727727867,0.0013069052105959583,0.0006891542697665144,0.36497393958812163,0.016319901867978933,0.01696565628405492,-0.00029969296629715433,30,0,0,30,0,0,0,0,0,0
rotor_healthy_515,completed,tutorials/vpm/rotor_flow/solution/vpm_rotor_000515.h5,WINCKELMANS,2.0,0.012,10,0.12,fractional_gamma_x,0.02556052803993225,69525,32,9370,13.844846346390131,13.844846346390131,False,isolated_local_neighbourhood,0.0005723777842157232,0.0013294696826466692,0.0006893237600852017,0.366813086314905,0.01620097457324514,0.016647867932584652,0.00029478477010495753,30,0,0,30,0,0,0,0,0,0
rotor_healthy_515,completed,tutorials/vpm/rotor_flow/solution/vpm_rotor_000515.h5,WINCKELMANS,2.0,0.012,10,0.12,parallel_lagged,0.025801784999202937,69525,32,9370,13.844846346390131,13.844846346390131,False,isolated_local_neighbourhood,0.0005870511557082999,0.0013740856275896982,0.0007077108936183998,0.36867743218980364,0.016166659689448724,0.016759454714059097,0.0003047887331674414,30,0,0,30,0,0,0,0,0,0
rotor_healthy_515,completed,tutorials/vpm/rotor_flow/solution/vpm_rotor_000515.h5,WINCKELMANS,2.0,0.012,10,0.12,strang_x_gamma_x,0.03358309296891093,69525,32,9370,13.844846346390131,13.844846346390131,False,isolated_local_neighbourhood,6.967463803209725e-06,3.02755937346144e-05,1.3600752245002709e-05,0.006589172684876298,0.0003412559753098959,0.00038070339954654844,6.5954330714843756e-06,60,0,0,30,0,0,0,0,0,0
rotor_healthy_515,completed,tutorials/vpm/rotor_flow/solution/vpm_rotor_000515.h5,WINCKELMANS,2.0,0.012,10,0.12,strang_gamma_x_gamma,0.0417223569820635,69525,32,9370,13.844846346390131,13.844846346390131,False,isolated_local_neighbourhood,1.4314420874300599e-05,3.9496234460206325e-05,1.7907048296332038e-05,0.00848406865515845,0.00043312203976067466,0.0005524590187832121,-8.829617039431751e-06,30,0,0,60,0,0,0,0,0,0
rotor_healthy_515,completed,tutorials/vpm/rotor_flow/solution/vpm_rotor_000515.h5,WINCKELMANS,2.0,0.012,10,0.12,coupled_rk2,0.016149403993040323,69525,32,9370,13.844846346390131,13.844846346390131,False,isolated_local_neighbourhood,0.00020808664594065037,7.066530844328605e-05,1.5113893760754566e-05,0.021217638224021028,0.0009817139005766653,0.001189822978872561,1.09821150088822e-06,20,0,0,20,0,0,0,0,0,0
rotor_healthy_515,completed,tutorials/vpm/rotor_flow/solution/vpm_rotor_000515.h5,WINCKELMANS,2.0,0.012,10,0.12,coupled_rk3,0.023287251009605825,69525,32,9370,13.844846346390131,13.844846346390131,False,isolated_local_neighbourhood,8.987527596075735e-06,1.3814965352360171e-06,8.637714846016183e-07,0.00042360655784668723,2.287731596606875e-05,3.107828055882667e-05,-1.7992729071089727e-07,30,0,0,30,0,0,0,0,0,0
rotor_healthy_515,completed,tutorials/vpm/rotor_flow/solution/vpm_rotor_000515.h5,WINCKELMANS,2.0,0.012,10,0.12,coupled_rk4_reference,0.02981038496363908,69525,32,9370,13.844846346390131,13.844846346390131,False,isolated_local_neighbourhood,9.651777951136408e-08,2.09331682035858e-08,8.167283671196791e-09,4.254328280599153e-06,2.418537822759826e-07,2.5619188630424013e-07,5.8006079771097e-09,40,0,0,40,0,0,0,0,0,0
rotor_healthy_515,completed,tutorials/vpm/rotor_flow/solution/vpm_rotor_000515.h5,WINCKELMANS,2.0,0.012,10,0.12,reuse_stage_gradients,0.02180822304217145,69525,32,9370,13.844846346390131,13.844846346390131,False,isolated_local_neighbourhood,0.0005674301751057853,0.0007383205243048028,0.00021950214067729138,0.035777946259509336,0.0010967411177034924,0.0015277963805940234,0.0002154893543944337,30,30,0,0,0,0,0,0,0,0
rotor_healthy_515,completed,tutorials/vpm/rotor_flow/solution/vpm_rotor_000515.h5,WINCKELMANS,2.0,0.012,10,0.12,averaged_gradient_exponential,0.04076312901452184,69525,32,9370,13.844846346390131,13.844846346390131,False,isolated_local_neighbourhood,0.0005667450816213558,0.0007390401730344246,0.00021955799194482337,0.03618510324138269,0.0011343016750012297,0.0016302109249326866,0.0002157279719472115,30,30,0,0,0,0,0,0,0,0
rotor_prefailure_520,completed,tutorials/vpm/rotor_flow/solution/vpm_rotor_000520.h5,WINCKELMANS,0.5,0.003,10,0.03,fractional_x_gamma,0.024731786048505455,70200,32,9370,17.86518920737101,17.86518920737101,False,isolated_local_neighbourhood,4.464950514377413e-05,0.00011656888043622054,6.0964977041080624e-05,0.03918742753850328,0.0019398088790100203,0.0021376923257389116,-1.4867402671670745e-05,30,0,0,30,0,0,0,0,0,0
rotor_prefailure_520,completed,tutorials/vpm/rotor_flow/solution/vpm_rotor_000520.h5,WINCKELMANS,0.5,0.003,10,0.03,fractional_gamma_x,0.0243587979930453,70200,32,9370,17.86518920737101,17.86518920737101,False,isolated_local_neighbourhood,4.492639908639281e-05,0.0001171690131604063,6.095194816198766e-05,0.03927187464093583,0.0019378879738160262,0.002146541810580995,1.4521843306591952e-05,30,0,0,30,0,0,0,0,0,0
rotor_prefailure_520,completed,tutorials/vpm/rotor_flow/solution/vpm_rotor_000520.h5,WINCKELMANS,0.5,0.003,10,0.03,parallel_lagged,0.024648868013173342,70200,32,9370,17.86518920737101,17.86518920737101,False,isolated_local_neighbourhood,4.24252741331778e-05,0.0001180781235096734,6.136521800662783e-05,0.0394539773424317,0.0019466872986686381,0.002163592868704129,1.4809732505319598e-05,30,0,0,30,0,0,0,0,0,0
rotor_prefailure_520,completed,tutorials/vpm/rotor_flow/solution/vpm_rotor_000520.h5,WINCKELMANS,0.5,0.003,10,0.03,strang_x_gamma_x,0.031669531017541885,70200,32,9370,17.86518920737101,17.86518920737101,False,isolated_local_neighbourhood,2.363821342025876e-07,7.484195499981713e-07,3.569944068035804e-07,0.0002526520257161064,1.3044668092776037e-05,1.411756854386617e-05,7.332637517012822e-08,60,0,0,30,0,0,0,0,0,0
rotor_prefailure_520,completed,tutorials/vpm/rotor_flow/solution/vpm_rotor_000520.h5,WINCKELMANS,0.5,0.003,10,0.03,strang_gamma_x_gamma,0.041081684990786016,70200,32,9370,17.86518920737101,17.86518920737101,False,isolated_local_neighbourhood,4.1627889632418337e-07,9.830789425142886e-07,4.586254922669038e-07,0.0003173520756834936,1.7899886601075104e-05,2.0804664701298766e-05,-1.7893556827308234e-07,30,0,0,60,0,0,0,0,0,0
rotor_prefailure_520,completed,tutorials/vpm/rotor_flow/solution/vpm_rotor_000520.h5,WINCKELMANS,0.5,0.003,10,0.03,coupled_rk2,0.01644713303539902,70200,32,9370,17.86518920737101,17.86518920737101,False,isolated_local_neighbourhood,5.728550283011605e-06,2.591504719088731e-06,5.321851628817291e-07,0.0006692002072767369,3.156027143108395e-05,4.348360454883947e-05,-1.3508205622713242e-07,20,0,0,20,0,0,0,0,0,0
rotor_prefailure_520,completed,tutorials/vpm/rotor_flow/solution/vpm_rotor_000520.h5,WINCKELMANS,0.5,0.003,10,0.03,coupled_rk3,0.024862419988494366,70200,32,9370,17.86518920737101,17.86518920737101,False,isolated_local_neighbourhood,9.012270948323728e-08,1.2355295742987877e-08,7.913280630579894e-09,3.821833759630347e-06,2.3593494408635425e-07,3.3551388283371845e-07,-4.462730195352984e-09,30,0,0,30,0,0,0,0,0,0
rotor_prefailure_520,completed,tutorials/vpm/rotor_flow/solution/vpm_rotor_000520.h5,WINCKELMANS,0.5,0.003,10,0.03,coupled_rk4_reference,0.03416848904453218,70200,32,9370,17.86518920737101,17.86518920737101,False,isolated_local_neighbourhood,3.094061316436168e-10,6.973013325322711e-11,1.7210495480810314e-11,2.0428813660644129e-07,7.568468751404855e-10,9.444948726021937e-10,6.063372026669448e-12,40,0,0,40,0,0,0,0,0,0
rotor_prefailure_520,completed,tutorials/vpm/rotor_flow/solution/vpm_rotor_000520.h5,WINCKELMANS,0.5,0.003,10,0.03,reuse_stage_gradients,0.024510868010111153,70200,32,9370,17.86518920737101,17.86518920737101,False,isolated_local_neighbourhood,4.3486182740142195e-05,5.9669342031430265e-05,6.41845998254836e-06,0.0026537449927413036,0.00010090872356651479,0.00011513485174058651,5.62850669419985e-06,30,30,0,0,0,0,0,0,0,0
rotor_prefailure_520,completed,tutorials/vpm/rotor_flow/solution/vpm_rotor_000520.h5,WINCKELMANS,0.5,0.003,10,0.03,averaged_gradient_exponential,0.051750648010056466,70200,32,9370,17.86518920737101,17.86518920737101,False,isolated_local_neighbourhood,4.3483974460574315e-05,5.969034003042323e-05,6.418529779902439e-06,0.002617309570724418,0.00010132437853826002,0.00011572950708362699,5.652516553874789e-06,30,30,0,0,0,0,0,0,0,0
rotor_prefailure_520,completed,tutorials/vpm/rotor_flow/solution/vpm_rotor_000520.h5,WINCKELMANS,1.0,0.006,10,0.06,fractional_x_gamma,0.0250700680189766,70200,32,9370,17.86518920737101,17.86518920737101,False,isolated_local_neighbourhood,0.00017575475197032447,0.0004360224902991172,0.00023746877971336737,0.14743442430326464,0.007378883655253397,0.008444210771644685,-8.989558285510357e-05,30,0,0,30,0,0,0,0,0,0
rotor_prefailure_520,completed,tutorials/vpm/rotor_flow/solution/vpm_rotor_000520.h5,WINCKELMANS,1.0,0.006,10,0.06,fractional_gamma_x,0.023988746979739517,70200,32,9370,17.86518920737101,17.86518920737101,False,isolated_local_neighbourhood,0.00017782244118675424,0.0004393309242375717,0.0002378481314837285,0.14778273695938338,0.007422318812610253,0.00838246186448067,8.73765778568432e-05,30,0,0,30,0,0,0,0,0,0
rotor_prefailure_520,completed,tutorials/vpm/rotor_flow/solution/vpm_rotor_000520.h5,WINCKELMANS,1.0,0.006,10,0.06,parallel_lagged,0.022656076005659997,70200,32,9370,17.86518920737101,17.86518920737101,False,isolated_local_neighbourhood,0.00016804240081435125,0.0004451791250598886,0.00024056533949994008,0.14915626375854568,0.007514622603501871,0.008404513889754588,8.79963818560111e-05,30,0,0,30,0,0,0,0,0,0
rotor_prefailure_520,completed,tutorials/vpm/rotor_flow/solution/vpm_rotor_000520.h5,WINCKELMANS,1.0,0.006,10,0.06,strang_x_gamma_x,0.029229624953586608,70200,32,9370,17.86518920737101,17.86518920737101,False,isolated_local_neighbourhood,1.7906542803885677e-06,5.309177297363046e-06,2.665618442561545e-06,0.0019293173298774642,0.00010050823794777373,0.00010389562973174186,3.319617718166568e-07,60,0,0,30,0,0,0,0,0,0
rotor_prefailure_520,completed,tutorials/vpm/rotor_flow/solution/vpm_rotor_000520.h5,WINCKELMANS,1.0,0.006,10,0.06,strang_gamma_x_gamma,0.03910143201937899,70200,32,9370,17.86518920737101,17.86518920737101,False,isolated_local_neighbourhood,3.4011730816256742e-06,7.333758833674759e-06,3.4437507033748307e-06,0.0024804773174243433,0.00014044438128376182,0.00016017488591593432,-1.2570646075889662e-06,30,0,0,60,0,0,0,0,0,0
rotor_prefailure_520,completed,tutorials/vpm/rotor_flow/solution/vpm_rotor_000520.h5,WINCKELMANS,1.0,0.006,10,0.06,coupled_rk2,0.015269657946191728,70200,32,9370,17.86518920737101,17.86518920737101,False,isolated_local_neighbourhood,4.595722006101668e-05,2.0843259379797802e-05,4.245612941998938e-06,0.00524229141406005,0.00029291598854453,0.0003274363538468934,-1.6634974386265757e-06,20,0,0,20,0,0,0,0,0,0
rotor_prefailure_520,completed,tutorials/vpm/rotor_flow/solution/vpm_rotor_000520.h5,WINCKELMANS,1.0,0.006,10,0.06,coupled_rk3,0.023207104008179158,70200,32,9370,17.86518920737101,17.86518920737101,False,isolated_local_neighbourhood,1.478383959800351e-06,1.9204602263771393e-07,1.2803638088396753e-07,5.977701780705831e-05,3.7724316157665874e-06,5.25460069409626e-06,-8.383937995581773e-08,30,0,0,30,0,0,0,0,0,0
rotor_prefailure_520,completed,tutorials/vpm/rotor_flow/solution/vpm_rotor_000520.h5,WINCKELMANS,1.0,0.006,10,0.06,coupled_rk4_reference,0.03181729296920821,70200,32,9370,17.86518920737101,17.86518920737101,False,isolated_local_neighbourhood,9.991071857813939e-09,2.1911891679118437e-09,5.026336166472129e-10,4.0343355072983415e-07,2.205527716048906e-08,2.8568745976805602e-08,1.464339760452382e-10,40,0,0,40,0,0,0,0,0,0
rotor_prefailure_520,completed,tutorials/vpm/rotor_flow/solution/vpm_rotor_000520.h5,WINCKELMANS,1.0,0.006,10,0.06,reuse_stage_gradients,0.022627052036114037,70200,32,9370,17.86518920737101,17.86518920737101,False,isolated_local_neighbourhood,0.00016930289326305331,0.000234944746670667,4.285563148012531e-05,0.010508580300479655,0.00037293822463442197,0.00044573990874117417,4.192513398097774e-05,30,30,0,0,0,0,0,0,0,0
rotor_prefailure_520,completed,tutorials/vpm/rotor_flow/solution/vpm_rotor_000520.h5,WINCKELMANS,1.0,0.006,10,0.06,averaged_gradient_exponential,0.0431404720293358,70200,32,9370,17.86518920737101,17.86518920737101,False,isolated_local_neighbourhood,0.00016928032747346258,0.0002351219350120865,4.292112377309525e-05,0.010264223770895036,0.0003665534318882483,0.0004485798449870214,4.2125785447471515e-05,30,30,0,0,0,0,0,0,0,0
rotor_prefailure_520,completed,tutorials/vpm/rotor_flow/solution/vpm_rotor_000520.h5,WINCKELMANS,2.0,0.012,10,0.12,fractional_x_gamma,0.024861634010449052,70200,32,9370,17.86518920737101,17.86518920737101,False,isolated_local_neighbourhood,0.0006971050651912875,0.0014624478680242835,0.0008031072526779455,0.5236402704365604,0.026771782925161303,0.028671940543946756,-0.0004972771910575988,30,0,0,30,0,0,0,0,0,0
rotor_prefailure_520,completed,tutorials/vpm/rotor_flow/solution/vpm_rotor_000520.h5,WINCKELMANS,2.0,0.012,10,0.12,fractional_gamma_x,0.02495474898023531,70200,32,9370,17.86518920737101,17.86518920737101,False,isolated_local_neighbourhood,0.000705630370518179,0.0014691443160724591,0.0008001569646476774,0.5203646188216469,0.02633249811098994,0.028885242797609005,0.00047738495752978584,30,0,0,30,0,0,0,0,0,0
rotor_prefailure_520,completed,tutorials/vpm/rotor_flow/solution/vpm_rotor_000520.h5,WINCKELMANS,2.0,0.012,10,0.12,parallel_lagged,0.02493126201443374,70200,32,9370,17.86518920737101,17.86518920737101,False,isolated_local_neighbourhood,0.0007618795916146943,0.001491133322457154,0.0007986595269328139,0.52679815014545,0.026139334686282024,0.028769603790233404,0.00045435788397274376,30,0,0,30,0,0,0,0,0,0
rotor_prefailure_520,completed,tutorials/vpm/rotor_flow/solution/vpm_rotor_000520.h5,WINCKELMANS,2.0,0.012,10,0.12,strang_x_gamma_x,0.033078976965043694,70200,32,9370,17.86518920737101,17.86518920737101,False,isolated_local_neighbourhood,1.263622533455314e-05,3.315091500442971e-05,1.7719304787565213e-05,0.012329916681862165,0.0006126576690260972,0.0007643226749679351,-1.7681327004265058e-06,60,0,0,30,0,0,0,0,0,0
rotor_prefailure_520,completed,tutorials/vpm/rotor_flow/solution/vpm_rotor_000520.h5,WINCKELMANS,2.0,0.012,10,0.12,strang_gamma_x_gamma,0.04132206103531644,70200,32,9370,17.86518920737101,17.86518920737101,False,isolated_local_neighbourhood,3.152237167743862e-05,4.551769828160005e-05,2.279419036447483e-05,0.01637960222566736,0.0009153259912713508,0.0011267420206944809,-6.982844837084137e-06,30,0,0,60,0,0,0,0,0,0
rotor_prefailure_520,completed,tutorials/vpm/rotor_flow/solution/vpm_rotor_000520.h5,WINCKELMANS,2.0,0.012,10,0.12,coupled_rk2,0.017069683992303908,70200,32,9370,17.86518920737101,17.86518920737101,False,isolated_local_neighbourhood,0.00037511800390235676,0.0001790014319611002,3.4632300918588594e-05,0.04569463723324799,0.002404329644921092,0.003207964601584432,-2.2583084237540338e-05,20,0,0,20,0,0,0,0,0,0
rotor_prefailure_520,completed,tutorials/vpm/rotor_flow/solution/vpm_rotor_000520.h5,WINCKELMANS,2.0,0.012,10,0.12,coupled_rk3,0.02425757102901116,70200,32,9370,17.86518920737101,17.86518920737101,False,isolated_local_neighbourhood,2.564289654872917e-05,2.906025068031603e-06,1.9915039064985525e-06,0.0010194309506818273,6.21655390799699e-05,7.316385493414726e-05,-1.3693353195345602e-06,30,0,0,30,0,0,0,0,0,0
rotor_prefailure_520,completed,tutorials/vpm/rotor_flow/solution/vpm_rotor_000520.h5,WINCKELMANS,2.0,0.012,10,0.12,coupled_rk4_reference,0.030292579031083733,70200,32,9370,17.86518920737101,17.86518920737101,False,isolated_local_neighbourhood,3.2191975489906583e-07,4.6652855757198616e-08,1.4642294350239896e-08,1.0242280897739542e-05,5.479419435796749e-07,7.270623599304406e-07,4.4771963904036045e-10,40,0,0,40,0,0,0,0,0,0
rotor_prefailure_520,completed,tutorials/vpm/rotor_flow/solution/vpm_rotor_000520.h5,WINCKELMANS,2.0,0.012,10,0.12,reuse_stage_gradients,0.0209795439732261,70200,32,9370,17.86518920737101,17.86518920737101,False,isolated_local_neighbourhood,0.0007087996277403918,0.0009053033369940194,0.0002409828035253606,0.048344682220990254,0.001535165586681752,0.001658656856719035,0.0002388501463027316,30,30,0,0,0,0,0,0,0,0
rotor_prefailure_520,completed,tutorials/vpm/rotor_flow/solution/vpm_rotor_000520.h5,WINCKELMANS,2.0,0.012,10,0.12,averaged_gradient_exponential,0.04143293300876394,70200,32,9370,17.86518920737101,17.86518920737101,False,isolated_local_neighbourhood,0.0007082330670112846,0.0009041895064736547,0.00024154752728037021,0.04821104913892811,0.0014903038151903906,0.0015317857372482548,0.00024050974860768994,30,30,0,0,0,0,0,0,0,0
rotor_rejected_520,completed,tutorials/vpm/rotor_flow/solution/rejected_state.h5,WINCKELMANS,0.5,0.003,10,0.03,fractional_x_gamma,0.024790074967313558,70200,32,9370,17.86518920737101,17.86518920737101,False,isolated_local_neighbourhood,4.464950514377413e-05,0.00011656888043622054,6.0964977041080624e-05,0.03918742753850328,0.0019398088790100203,0.0021376923257389116,-1.4867402671670745e-05,30,0,0,30,0,0,0,0,0,0
rotor_rejected_520,completed,tutorials/vpm/rotor_flow/solution/rejected_state.h5,WINCKELMANS,0.5,0.003,10,0.03,fractional_gamma_x,0.02427674800856039,70200,32,9370,17.86518920737101,17.86518920737101,False,isolated_local_neighbourhood,4.492639908639281e-05,0.0001171690131604063,6.095194816198766e-05,0.03927187464093583,0.0019378879738160262,0.002146541810580995,1.4521843306591952e-05,30,0,0,30,0,0,0,0,0,0
rotor_rejected_520,completed,tutorials/vpm/rotor_flow/solution/rejected_state.h5,WINCKELMANS,0.5,0.003,10,0.03,parallel_lagged,0.024538020021282136,70200,32,9370,17.86518920737101,17.86518920737101,False,isolated_local_neighbourhood,4.24252741331778e-05,0.0001180781235096734,6.136521800662783e-05,0.0394539773424317,0.0019466872986686381,0.002163592868704129,1.4809732505319598e-05,30,0,0,30,0,0,0,0,0,0
rotor_rejected_520,completed,tutorials/vpm/rotor_flow/solution/rejected_state.h5,WINCKELMANS,0.5,0.003,10,0.03,strang_x_gamma_x,0.03207190701505169,70200,32,9370,17.86518920737101,17.86518920737101,False,isolated_local_neighbourhood,2.363821342025876e-07,7.484195499981713e-07,3.569944068035804e-07,0.0002526520257161064,1.3044668092776037e-05,1.411756854386617e-05,7.332637517012822e-08,60,0,0,30,0,0,0,0,0,0
rotor_rejected_520,completed,tutorials/vpm/rotor_flow/solution/rejected_state.h5,WINCKELMANS,0.5,0.003,10,0.03,strang_gamma_x_gamma,0.04044493898982182,70200,32,9370,17.86518920737101,17.86518920737101,False,isolated_local_neighbourhood,4.1627889632418337e-07,9.830789425142886e-07,4.586254922669038e-07,0.0003173520756834936,1.7899886601075104e-05,2.0804664701298766e-05,-1.7893556827308234e-07,30,0,0,60,0,0,0,0,0,0
rotor_rejected_520,completed,tutorials/vpm/rotor_flow/solution/rejected_state.h5,WINCKELMANS,0.5,0.003,10,0.03,coupled_rk2,0.01647965598385781,70200,32,9370,17.86518920737101,17.86518920737101,False,isolated_local_neighbourhood,5.728550283011605e-06,2.591504719088731e-06,5.321851628817291e-07,0.0006692002072767369,3.156027143108395e-05,4.348360454883947e-05,-1.3508205622713242e-07,20,0,0,20,0,0,0,0,0,0
rotor_rejected_520,completed,tutorials/vpm/rotor_flow/solution/rejected_state.h5,WINCKELMANS,0.5,0.003,10,0.03,coupled_rk3,0.025185507023707032,70200,32,9370,17.86518920737101,17.86518920737101,False,isolated_local_neighbourhood,9.012270948323728e-08,1.2355295742987877e-08,7.913280630579894e-09,3.821833759630347e-06,2.3593494408635425e-07,3.3551388283371845e-07,-4.462730195352984e-09,30,0,0,30,0,0,0,0,0,0
rotor_rejected_520,completed,tutorials/vpm/rotor_flow/solution/rejected_state.h5,WINCKELMANS,0.5,0.003,10,0.03,coupled_rk4_reference,0.034565287991426885,70200,32,9370,17.86518920737101,17.86518920737101,False,isolated_local_neighbourhood,3.094061316436168e-10,6.973013325322711e-11,1.7210495480810314e-11,2.0428813660644129e-07,7.568468751404855e-10,9.444948726021937e-10,6.063372026669448e-12,40,0,0,40,0,0,0,0,0,0
rotor_rejected_520,completed,tutorials/vpm/rotor_flow/solution/rejected_state.h5,WINCKELMANS,0.5,0.003,10,0.03,reuse_stage_gradients,0.024157623993232846,70200,32,9370,17.86518920737101,17.86518920737101,False,isolated_local_neighbourhood,4.3486182740142195e-05,5.9669342031430265e-05,6.41845998254836e-06,0.0026537449927413036,0.00010090872356651479,0.00011513485174058651,5.62850669419985e-06,30,30,0,0,0,0,0,0,0,0
rotor_rejected_520,completed,tutorials/vpm/rotor_flow/solution/rejected_state.h5,WINCKELMANS,0.5,0.003,10,0.03,averaged_gradient_exponential,0.04990180302411318,70200,32,9370,17.86518920737101,17.86518920737101,False,isolated_local_neighbourhood,4.3483974460574315e-05,5.969034003042323e-05,6.418529779902439e-06,0.002617309570724418,0.00010132437853826002,0.00011572950708362699,5.652516553874789e-06,30,30,0,0,0,0,0,0,0,0
rotor_rejected_520,completed,tutorials/vpm/rotor_flow/solution/rejected_state.h5,WINCKELMANS,1.0,0.006,10,0.06,fractional_x_gamma,0.02555865899194032,70200,32,9370,17.86518920737101,17.86518920737101,False,isolated_local_neighbourhood,0.00017575475197032447,0.0004360224902991172,0.00023746877971336737,0.14743442430326464,0.007378883655253397,0.008444210771644685,-8.989558285510357e-05,30,0,0,30,0,0,0,0,0,0
rotor_rejected_520,completed,tutorials/vpm/rotor_flow/solution/rejected_state.h5,WINCKELMANS,1.0,0.006,10,0.06,fractional_gamma_x,0.02542130701476708,70200,32,9370,17.86518920737101,17.86518920737101,False,isolated_local_neighbourhood,0.00017782244118675424,0.0004393309242375717,0.0002378481314837285,0.14778273695938338,0.007422318812610253,0.00838246186448067,8.73765778568432e-05,30,0,0,30,0,0,0,0,0,0
rotor_rejected_520,completed,tutorials/vpm/rotor_flow/solution/rejected_state.h5,WINCKELMANS,1.0,0.006,10,0.06,parallel_lagged,0.025118477002251893,70200,32,9370,17.86518920737101,17.86518920737101,False,isolated_local_neighbourhood,0.00016804240081435125,0.0004451791250598886,0.00024056533949994008,0.14915626375854568,0.007514622603501871,0.008404513889754588,8.79963818560111e-05,30,0,0,30,0,0,0,0,0,0
rotor_rejected_520,completed,tutorials/vpm/rotor_flow/solution/rejected_state.h5,WINCKELMANS,1.0,0.006,10,0.06,strang_x_gamma_x,0.031282562005799264,70200,32,9370,17.86518920737101,17.86518920737101,False,isolated_local_neighbourhood,1.7906542803885677e-06,5.309177297363046e-06,2.665618442561545e-06,0.0019293173298774642,0.00010050823794777373,0.00010389562973174186,3.319617718166568e-07,60,0,0,30,0,0,0,0,0,0
rotor_rejected_520,completed,tutorials/vpm/rotor_flow/solution/rejected_state.h5,WINCKELMANS,1.0,0.006,10,0.06,strang_gamma_x_gamma,0.040831021033227444,70200,32,9370,17.86518920737101,17.86518920737101,False,isolated_local_neighbourhood,3.4011730816256742e-06,7.333758833674759e-06,3.4437507033748307e-06,0.0024804773174243433,0.00014044438128376182,0.00016017488591593432,-1.2570646075889662e-06,30,0,0,60,0,0,0,0,0,0
rotor_rejected_520,completed,tutorials/vpm/rotor_flow/solution/rejected_state.h5,WINCKELMANS,1.0,0.006,10,0.06,coupled_rk2,0.015990096959285438,70200,32,9370,17.86518920737101,17.86518920737101,False,isolated_local_neighbourhood,4.595722006101668e-05,2.0843259379797802e-05,4.245612941998938e-06,0.00524229141406005,0.00029291598854453,0.0003274363538468934,-1.6634974386265757e-06,20,0,0,20,0,0,0,0,0,0
rotor_rejected_520,completed,tutorials/vpm/rotor_flow/solution/rejected_state.h5,WINCKELMANS,1.0,0.006,10,0.06,coupled_rk3,0.02412516699405387,70200,32,9370,17.86518920737101,17.86518920737101,False,isolated_local_neighbourhood,1.478383959800351e-06,1.9204602263771393e-07,1.2803638088396753e-07,5.977701780705831e-05,3.7724316157665874e-06,5.25460069409626e-06,-8.383937995581773e-08,30,0,0,30,0,0,0,0,0,0
rotor_rejected_520,completed,tutorials/vpm/rotor_flow/solution/rejected_state.h5,WINCKELMANS,1.0,0.006,10,0.06,coupled_rk4_reference,0.03320619999431074,70200,32,9370,17.86518920737101,17.86518920737101,False,isolated_local_neighbourhood,9.991071857813939e-09,2.1911891679118437e-09,5.026336166472129e-10,4.0343355072983415e-07,2.205527716048906e-08,2.8568745976805602e-08,1.464339760452382e-10,40,0,0,40,0,0,0,0,0,0
rotor_rejected_520,completed,tutorials/vpm/rotor_flow/solution/rejected_state.h5,WINCKELMANS,1.0,0.006,10,0.06,reuse_stage_gradients,0.024144067021552473,70200,32,9370,17.86518920737101,17.86518920737101,False,isolated_local_neighbourhood,0.00016930289326305331,0.000234944746670667,4.285563148012531e-05,0.010508580300479655,0.00037293822463442197,0.00044573990874117417,4.192513398097774e-05,30,30,0,0,0,0,0,0,0,0
rotor_rejected_520,completed,tutorials/vpm/rotor_flow/solution/rejected_state.h5,WINCKELMANS,1.0,0.006,10,0.06,averaged_gradient_exponential,0.04735091095790267,70200,32,9370,17.86518920737101,17.86518920737101,False,isolated_local_neighbourhood,0.00016928032747346258,0.0002351219350120865,4.292112377309525e-05,0.010264223770895036,0.0003665534318882483,0.0004485798449870214,4.2125785447471515e-05,30,30,0,0,0,0,0,0,0,0
rotor_rejected_520,completed,tutorials/vpm/rotor_flow/solution/rejected_state.h5,WINCKELMANS,2.0,0.012,10,0.12,fractional_x_gamma,0.025335893034934998,70200,32,9370,17.86518920737101,17.86518920737101,False,isolated_local_neighbourhood,0.0006971050651912875,0.0014624478680242835,0.0008031072526779455,0.5236402704365604,0.026771782925161303,0.028671940543946756,-0.0004972771910575988,30,0,0,30,0,0,0,0,0,0
rotor_rejected_520,completed,tutorials/vpm/rotor_flow/solution/rejected_state.h5,WINCKELMANS,2.0,0.012,10,0.12,fractional_gamma_x,0.02641715802019462,70200,32,9370,17.86518920737101,17.86518920737101,False,isolated_local_neighbourhood,0.000705630370518179,0.0014691443160724591,0.0008001569646476774,0.5203646188216469,0.02633249811098994,0.028885242797609005,0.00047738495752978584,30,0,0,30,0,0,0,0,0,0
rotor_rejected_520,completed,tutorials/vpm/rotor_flow/solution/rejected_state.h5,WINCKELMANS,2.0,0.012,10,0.12,parallel_lagged,0.02788161498028785,70200,32,9370,17.86518920737101,17.86518920737101,False,isolated_local_neighbourhood,0.0007618795916146943,0.001491133322457154,0.0007986595269328139,0.52679815014545,0.026139334686282024,0.028769603790233404,0.00045435788397274376,30,0,0,30,0,0,0,0,0,0
rotor_rejected_520,completed,tutorials/vpm/rotor_flow/solution/rejected_state.h5,WINCKELMANS,2.0,0.012,10,0.12,strang_x_gamma_x,0.03551070601679385,70200,32,9370,17.86518920737101,17.86518920737101,False,isolated_local_neighbourhood,1.263622533455314e-05,3.315091500442971e-05,1.7719304787565213e-05,0.012329916681862165,0.0006126576690260972,0.0007643226749679351,-1.7681327004265058e-06,60,0,0,30,0,0,0,0,0,0
rotor_rejected_520,completed,tutorials/vpm/rotor_flow/solution/rejected_state.h5,WINCKELMANS,2.0,0.012,10,0.12,strang_gamma_x_gamma,0.044443412974942476,70200,32,9370,17.86518920737101,17.86518920737101,False,isolated_local_neighbourhood,3.152237167743862e-05,4.551769828160005e-05,2.279419036447483e-05,0.01637960222566736,0.0009153259912713508,0.0011267420206944809,-6.982844837084137e-06,30,0,0,60,0,0,0,0,0,0
rotor_rejected_520,completed,tutorials/vpm/rotor_flow/solution/rejected_state.h5,WINCKELMANS,2.0,0.012,10,0.12,coupled_rk2,0.016700236999895424,70200,32,9370,17.86518920737101,17.86518920737101,False,isolated_local_neighbourhood,0.00037511800390235676,0.0001790014319611002,3.4632300918588594e-05,0.04569463723324799,0.002404329644921092,0.003207964601584432,-2.2583084237540338e-05,20,0,0,20,0,0,0,0,0,0
rotor_rejected_520,completed,tutorials/vpm/rotor_flow/solution/rejected_state.h5,WINCKELMANS,2.0,0.012,10,0.12,coupled_rk3,0.026284792984370142,70200,32,9370,17.86518920737101,17.86518920737101,False,isolated_local_neighbourhood,2.564289654872917e-05,2.906025068031603e-06,1.9915039064985525e-06,0.0010194309506818273,6.21655390799699e-05,7.316385493414726e-05,-1.3693353195345602e-06,30,0,0,30,0,0,0,0,0,0
rotor_rejected_520,completed,tutorials/vpm/rotor_flow/solution/rejected_state.h5,WINCKELMANS,2.0,0.012,10,0.12,coupled_rk4_reference,0.032711377018131316,70200,32,9370,17.86518920737101,17.86518920737101,False,isolated_local_neighbourhood,3.2191975489906583e-07,4.6652855757198616e-08,1.4642294350239896e-08,1.0242280897739542e-05,5.479419435796749e-07,7.270623599304406e-07,4.4771963904036045e-10,40,0,0,40,0,0,0,0,0,0
rotor_rejected_520,completed,tutorials/vpm/rotor_flow/solution/rejected_state.h5,WINCKELMANS,2.0,0.012,10,0.12,reuse_stage_gradients,0.021331908996216953,70200,32,9370,17.86518920737101,17.86518920737101,False,isolated_local_neighbourhood,0.0007087996277403918,0.0009053033369940194,0.0002409828035253606,0.048344682220990254,0.001535165586681752,0.001658656856719035,0.0002388501463027316,30,30,0,0,0,0,0,0,0,0
rotor_rejected_520,completed,tutorials/vpm/rotor_flow/solution/rejected_state.h5,WINCKELMANS,2.0,0.012,10,0.12,averaged_gradient_exponential,0.04054854699643329,70200,32,9370,17.86518920737101,17.86518920737101,False,isolated_local_neighbourhood,0.0007082330670112846,0.0009041895064736547,0.00024154752728037021,0.04821104913892811,0.0014903038151903906,0.0015317857372482548,0.00024050974860768994,30,30,0,0,0,0,0,0,0,0
