flow_time,time_step,x,y,z,Ux,Uy,Uz,omega_x,omega_y,omega_z,Sxx,Sxy,Sxz,Syy,Syz,Szz,dudx,dudy,dudz,dvdx,dvdy,dvdz,dwdx,dwdy,dwdz
0.6,12,-4.5,0.75,0.0,0.9968262,0.0007902766,1.2738906e-06,0.0,0.0,0.0,-0.0021170506,0.00072461826,1.9202594e-06,0.000983238,-1.2393076e-07,0.0011339835,-0.0021170506,0.0007246408,1.7726084e-06,0.00072459574,0.000983238,-7.638938e-08,2.0679104e-06,-1.7147214e-07,0.0011339835
0.6,12,-4.460064,0.75,0.0,0.99674606,0.00081755855,1.3435524e-06,0.0,0.0,0.0,-0.002187752,0.0007559806,1.982139e-06,0.0010146636,-1.2882627e-07,0.0011733295,-0.002187752,0.000755995,1.8314472e-06,0.0007559663,0.0010146636,-8.0142975e-08,2.1328308e-06,-1.7750956e-07,0.0011733295
0.6,12,-4.420128,0.75,0.0,0.9966633,0.000846111,1.3625458e-06,0.0,0.0,0.0,-0.0022614691,0.0007889948,2.046736e-06,0.0010472884,-1.3396598e-07,0.0012143935,-0.0022614691,0.0007890064,1.8927415e-06,0.00078898313,0.0010472884,-8.410153e-08,2.2007307e-06,-1.8383045e-07,0.0012143935
0.6,12,-4.380192,0.75,0.0,0.99657786,0.0008757718,1.3239128e-06,0.0,0.0,0.0,-0.002338224,0.00082374236,2.1140477e-06,0.0010811647,-1.3935625e-07,0.0012572493,-0.002338224,0.0008237523,1.956791e-06,0.00082373247,0.0010811647,-8.829514e-08,2.2713045e-06,-1.9041735e-07,0.0012572493
0.6,12,-4.3402557,0.75,0.0,0.99648947,0.00090674026,1.3153548e-06,0.0,0.0,0.0,-0.002418203,0.00086032297,2.1842761e-06,0.0011164143,-1.4505508e-07,0.0013019947,-0.002418203,0.0008603295,2.0237078e-06,0.0008603164,0.0011164143,-9.2764196e-08,2.3448445e-06,-1.9734598e-07,0.0013019947
0.6,12,-4.3003197,0.75,0.0,0.99639815,0.0009390789,1.313331e-06,0.0,0.0,0.0,-0.0025015976,0.0008988505,2.2575641e-06,0.0011530669,-1.5103339e-07,0.0013487152,-0.0025015976,0.00089886,2.0935142e-06,0.00089884107,0.0011530669,-9.747749e-08,2.4216142e-06,-2.0458928e-07,0.0013487152
0.6,12,-4.2603836,0.75,0.0,0.99630356,0.00097296626,1.2977316e-06,0.0,0.0,0.0,-0.0025885087,0.000939462,2.334229e-06,0.0011911492,-1.5733092e-07,0.0013975649,-0.0025885087,0.00093946524,2.1666158e-06,0.00093945867,0.0011911492,-1.0250167e-07,2.5018423e-06,-2.1216016e-07,0.0013975649
0.6,12,-4.220447,0.75,0.0,0.99620163,0.0010335561,-1.9450188e-05,0.0,0.0,0.0,-0.002679212,0.0009822753,2.4142487e-06,0.0012307378,-1.6396966e-07,0.0014486259,-0.002679212,0.0009823004,2.2429438e-06,0.0009822503,0.0012307378,-1.0784323e-07,2.5855534e-06,-2.200961e-07,0.0014486259
0.6,12,-4.180511,0.75,0.0,0.9961001,0.0010714621,-2.0166559e-05,0.0,0.0,0.0,-0.0027738234,0.0010274469,2.497857e-06,0.0012719367,-1.7096842e-07,0.0015020195,-0.0027738234,0.0010274743,2.3228313e-06,0.0010274197,0.0012719367,-1.1351427e-07,2.6728826e-06,-2.2842256e-07,0.0015020195
0.6,12,-4.140575,0.75,0.0,0.9959724,0.0011203929,-1.7701304e-05,0.0,0.0,0.0,-0.002872567,0.0010751223,2.5853087e-06,0.0013148045,-1.7834171e-07,0.0015578917,-0.002872567,0.0010751381,2.4063781e-06,0.0010751063,0.0013148045,-1.1953372e-07,2.7642393e-06,-2.3714969e-07,0.0015578917
0.6,12,-4.100639,0.75,0.0,0.99586266,0.0011624023,-1.8322073e-05,0.0,0.0,0.0,-0.0029756664,0.0011254454,2.6767452e-06,0.0013594137,-1.8612585e-07,0.0016163362,-0.0029756664,0.001125494,2.4939154e-06,0.0011253967,0.0013594137,-1.2596432e-07,2.8595748e-06,-2.4628736e-07,0.0016163362
0.6,12,-4.060703,0.75,0.0,0.99573,0.0011901909,1.1646307e-06,0.0,0.0,0.0,-0.0030833224,0.0011786013,2.7724313e-06,0.0014058301,-1.943513e-07,0.0016775407,-0.0030833224,0.0011786406,2.5854963e-06,0.0011785618,0.0014058301,-1.3277622e-07,2.9593664e-06,-2.5592638e-07,0.0016775407
0.6,12,-4.0207667,0.75,0.0,0.99561137,0.0012360872,1.0730766e-06,0.0,0.0,0.0,-0.0031957687,0.0012347627,2.8727268e-06,0.0014541666,-2.0304118e-07,0.001741675,-0.0031957687,0.0012347869,2.6816263e-06,0.0012347385,0.0014541666,-1.4007443e-07,3.0638273e-06,-2.6600793e-07,0.001741675
0.6,12,-3.9808307,0.75,0.0,0.99548835,0.0012840491,9.574974e-07,0.0,0.0,0.0,-0.00331328,0.0012941328,2.977894e-06,0.0015044948,-2.1223926e-07,0.0018088807,-0.00331328,0.0012941882,2.78245e-06,0.0012940775,0.0015044948,-1.478308e-07,3.1733377e-06,-2.766477e-07,0.0018088807
0.6,12,-3.9408946,0.75,0.0,0.9953612,0.0013343251,8.4894486e-07,0.0,0.0,0.0,-0.0034361396,0.0013569619,3.0879992e-06,0.0015569219,-2.219743e-07,0.0018793042,-0.0034361396,0.001356989,2.8880613e-06,0.0013569347,0.0015569219,-1.5611482e-07,3.2879373e-06,-2.8783379e-07,0.0018793042
0.6,12,-3.9009585,0.75,0.0,0.9952293,0.0013873884,8.5961824e-07,0.0,0.0,0.0,-0.0035646623,0.0014234384,3.2036169e-06,0.0016115024,-2.3228975e-07,0.001953413,-0.0035646623,0.0014234702,2.9991213e-06,0.0014234066,0.0016115024,-1.6496632e-07,3.4081127e-06,-2.996132e-07,0.001953413
0.6,12,-3.8610225,0.75,0.0,0.9950926,0.0014381349,5.0188396e-06,0.0,0.0,0.0,-0.0036990682,0.0014938297,3.3248077e-06,0.0016683867,-2.432056e-07,0.0020310064,-0.0036990682,0.0014938609,3.1156421e-06,0.0014937985,0.0016683867,-1.7442177e-07,3.5339733e-06,-3.1198942e-07,0.0020310064
0.6,12,-3.8210862,0.75,0.0,0.99495006,0.001495944,5.2122514e-06,0.0,0.0,0.0,-0.0038397252,0.0015683757,3.4520917e-06,0.0017276475,-2.547938e-07,0.0021123486,-0.0038397252,0.001568381,3.2380485e-06,0.0015683705,0.0017276475,-1.845454e-07,3.6661347e-06,-3.250422e-07,0.0021123486
0.6,12,-3.78115,0.75,0.0,0.9948057,0.0015533664,4.0966006e-06,0.0,0.0,0.0,-0.0039868597,0.00164741,3.585883e-06,0.0017894156,-2.6708207e-07,0.0021977818,-0.0039868597,0.0016474043,3.366803e-06,0.0016474156,0.0017894156,-1.9536618e-07,3.8049632e-06,-3.3879797e-07,0.0021977818
0.6,12,-3.741214,0.75,0.0,0.99465215,0.0016171224,4.195811e-06,0.0,0.0,0.0,-0.0041409945,0.0017312453,3.7264663e-06,0.001853822,-2.8015126e-07,0.002287583,-0.0041409945,0.0017312303,3.5022802e-06,0.0017312603,0.001853822,-2.0697789e-07,3.9506526e-06,-3.533246e-07,0.002287583
0.6,12,-3.701278,0.75,0.0,0.9944961,0.0016851673,1.34616e-06,0.0,0.0,0.0,-0.0043024686,0.0018201723,3.8743515e-06,0.0019209621,-2.940341e-07,0.0023819113,-0.0043024686,0.0018201218,3.6448662e-06,0.0018202228,0.0019209621,-2.1941474e-07,4.103837e-06,-3.6865345e-07,0.0023819113
0.6,12,-3.661342,0.75,0.0,0.99433005,0.0017556353,1.3482494e-06,0.0,0.0,0.0,-0.00447174,0.0019146152,4.0299446e-06,0.0019909467,-3.0880875e-07,0.0024811595,-0.00447174,0.0019145532,3.7949335e-06,0.0019146771,0.0019909467,-2.327527e-07,4.2649554e-06,-3.848648e-07,0.0024811595
0.6,12,-3.6214056,0.75,0.0,0.99415785,0.0018295841,1.2742498e-06,0.0,0.0,0.0,-0.004649097,0.0020149546,4.1937965e-06,0.0020639119,-3.2454997e-07,0.0025855221,-0.004649097,0.0020149692,3.9533406e-06,0.00201494,0.0020639119,-2.4709735e-07,4.434253e-06,-4.020026e-07,0.0025855221
0.6,12,-3.5814695,0.75,0.0,0.99397844,0.0019072464,1.3284116e-06,0.0,0.0,0.0,-0.004835059,0.002121567,4.366426e-06,0.0021400403,-3.4135786e-07,0.002695456,-0.004835059,0.0021215389,4.120083e-06,0.0021215952,0.0021400403,-2.6251396e-07,4.6127684e-06,-4.202018e-07,0.002695456
0.6,12,-3.5415335,0.75,0.0,0.99379116,0.001988364,2.5322001e-06,0.0,0.0,0.0,-0.005030217,0.00223496,4.54854e-06,0.0022194374,-3.5924046e-07,0.0028111676,-0.005030217,0.002234956,4.2963557e-06,0.0022349642,0.0022194374,-2.790863e-07,4.800724e-06,-4.393946e-07,0.0028111676
0.6,12,-3.5015974,0.75,0.0,0.9935975,0.0020633184,1.0035717e-05,0.0,0.0,0.0,-0.005234908,0.0023556063,4.7404656e-06,0.0023022743,-3.78331e-07,0.0029331055,-0.005234908,0.002355561,4.4819076e-06,0.0023556515,0.0023022743,-2.96915e-07,4.999024e-06,-4.59747e-07,0.0029331055
0.6,12,-3.4616613,0.75,0.0,0.9933955,0.0021549175,9.620988e-06,0.0,0.0,0.0,-0.0054498888,0.002484057,4.943284e-06,0.002388684,-3.9874817e-07,0.0030616892,-0.0054498888,0.002484017,4.678669e-06,0.0024840971,0.002388684,-3.1613487e-07,5.2078985e-06,-4.8136144e-07,0.0030616892
0.6,12,-3.4217253,0.75,0.0,0.9931936,0.002247785,1.0835245e-05,0.0,0.0,0.0,-0.005675578,0.0026209434,5.1574934e-06,0.0024787912,-4.2060663e-07,0.0031972586,-0.005675578,0.0026208782,4.8863667e-06,0.0026210083,0.0024787912,-3.3690716e-07,5.42862e-06,-5.043061e-07,0.0031972586
0.6,12,-3.3817892,0.75,0.0,0.9929746,0.002348415,1.1196547e-05,0.0,0.0,0.0,-0.0059127393,0.0027668374,5.383968e-06,0.002572877,-4.4400716e-07,0.00334041,-0.0059127393,0.0027667773,5.1060015e-06,0.0027668977,0.002572877,-3.592781e-07,5.6619347e-06,-5.287362e-07,0.00334041
0.6,12,-3.3418531,0.75,0.0,0.992757,0.0024583184,6.4069845e-06,0.0,0.0,0.0,-0.006162006,0.0029224325,5.6235845e-06,0.0026709973,-4.6905467e-07,0.003491489,-0.006162006,0.0029223857,5.3390395e-06,0.0029224793,0.0026709973,-3.834707e-07,5.9081294e-06,-5.5463863e-07,0.003491489
0.6,12,-3.301917,0.75,0.0,0.9925202,0.00257068,6.5774857e-06,0.0,0.0,0.0,-0.00642422,0.003088518,5.8774194e-06,0.0027733932,-4.959195e-07,0.0036511784,-0.00642422,0.003088382,5.5856135e-06,0.0030886543,0.0027733932,-4.096031e-07,6.1692253e-06,-5.822358e-07,0.0036511784
0.6,12,-3.2619808,0.75,0.0,0.9922732,0.0026895017,6.759973e-06,0.0,0.0,0.0,-0.0066997795,0.0032659704,6.146097e-06,0.0028802603,-5.2481005e-07,0.0038198957,-0.0066997795,0.0032657953,5.847138e-06,0.0032661455,0.0028802603,-4.3794623e-07,6.4450555e-06,-6.116739e-07,0.0038198957
0.6,12,-3.2220447,0.75,0.0,0.99201876,0.0028071061,5.1264556e-06,0.0,0.0,0.0,-0.0069897287,0.0034555634,6.4308747e-06,0.0029916961,-5.558768e-07,0.0039990703,-0.0069897287,0.0034552817,6.1244227e-06,0.0034558454,0.0029916961,-4.6867183e-07,6.7373267e-06,-6.4308176e-07,0.0039990703
0.6,12,-3.1821086,0.75,0.0,0.991753,0.0029429372,7.0894343e-06,0.0,0.0,0.0,-0.0072950115,0.003658373,6.7334686e-06,0.0031079734,-5.893032e-07,0.0041881516,-0.0072950115,0.0036580884,6.419158e-06,0.0036586572,0.0031079734,-5.0197326e-07,7.0477786e-06,-6.766332e-07,0.0041881516
0.6,12,-3.1421723,0.75,0.0,0.9914728,0.003083298,7.3081983e-06,0.0,0.0,0.0,-0.0076163737,0.0038753701,7.0546857e-06,0.0032292164,-6.253582e-07,0.004388233,-0.0076163737,0.0038750635,6.732431e-06,0.003875677,0.0032292164,-5.3816115e-07,7.3769406e-06,-7.125552e-07,0.004388233
0.6,12,-3.1022363,0.75,0.0,0.99118024,0.003222559,1.3022474e-05,0.0,0.0,0.0,-0.007955192,0.004107965,7.3963192e-06,0.0033556742,-6.6422245e-07,0.0046002623,-0.007955192,0.0041075237,7.0658307e-06,0.004108407,0.0033556742,-5.774862e-07,7.726808e-06,-7.509587e-07,0.0046002623
0.6,12,-3.0623002,0.75,0.0,0.9908815,0.003388379,1.6095546e-05,0.0,0.0,0.0,-0.008311901,0.0043571237,7.75946e-06,0.003487561,-7.0624884e-07,0.0048250034,-0.008311901,0.004356656,7.4206705e-06,0.0043575917,0.003487561,-6.203173e-07,8.098249e-06,-7.921804e-07,0.0048250034
0.6,12,-3.0223641,0.75,0.0,0.99056345,0.0035547232,1.3086972e-05,0.0,0.0,0.0,-0.00868794,0.0046243197,8.146275e-06,0.0036250143,-7.51626e-07,0.005063524,-0.00868794,0.004623833,7.7988425e-06,0.0046248063,0.0036250143,-6.6692934e-07,8.493708e-06,-8.363226e-07,0.005063524
0.6,12,-2.982428,0.75,0.0,0.99023384,0.0037181177,2.4271212e-05,0.0,0.0,0.0,-0.009084248,0.004911033,8.558256e-06,0.003768235,-8.0084715e-07,0.0053166547,-0.009084248,0.0049105347,8.201735e-06,0.004911531,0.003768235,-7.1785087e-07,8.914777e-06,-8.8384337e-07,0.0053166547
0.6,12,-2.942492,0.75,0.0,0.9898892,0.003910448,2.0793212e-05,0.0,0.0,0.0,-0.009502294,0.005219032,8.998183e-06,0.003917447,-8.542486e-07,0.0055856225,-0.009502294,0.00521836,8.632334e-06,0.0052197035,0.003917447,-7.734795e-07,9.364032e-06,-9.350176e-07,0.0055856225
0.6,12,-2.902556,0.75,0.0,0.98952806,0.0041164416,1.7980969e-05,0.0,0.0,0.0,-0.00994353,0.005550075,9.46766e-06,0.0040727514,-9.121711e-07,0.005871494,-0.00994353,0.0055493587,9.092396e-06,0.005550791,0.0040727514,-8.3426295e-07,9.842923e-06,-9.900793e-07,0.005871494
0.6,12,-2.8626199,0.75,0.0,0.9891515,0.0043150163,8.616789e-06,0.0,0.0,0.0,-0.010409129,0.005906146,9.968968e-06,0.004234262,-9.751477e-07,0.0061755218,-0.010409129,0.0059053637,9.58405e-06,0.005906929,0.004234262,-9.007577e-07,1.0353885e-05,-1.0495378e-06,0.0061755218
0.6,12,-2.8226838,0.75,0.0,0.9887526,0.0045407293,8.764538e-06,0.0,0.0,0.0,-0.0109007405,0.0062894197,1.050605e-05,0.0044021914,-1.0437069e-06,0.0064992574,-0.0109007405,0.0062883305,1.0110875e-05,0.0062905084,0.0044021914,-9.737286e-07,1.09012235e-05,-1.1136852e-06,0.0064992574
0.6,12,-2.7827475,0.75,0.0,0.988335,0.0047812364,9.064918e-06,0.0,0.0,0.0,-0.011419812,0.006702454,1.1080869e-05,0.004576582,-1.1185143e-06,0.006844192,-0.011419812,0.00670136,1.0675504e-05,0.006703548,0.004576582,-1.0538001e-06,1.1486233e-05,-1.1832286e-06,0.006844192
0.6,12,-2.7428114,0.75,0.0,0.9878981,0.0050346465,1.33747035e-05,0.0,0.0,0.0,-0.011968393,0.007147778,1.1696774e-05,0.004757669,-1.200133e-06,0.0072118132,-0.011968393,0.007146457,1.1281058e-05,0.007149099,0.004757669,-1.1417992e-06,1.211249e-05,-1.2584669e-06,0.0072118132
0.6,12,-2.7028756,0.75,0.0,0.98744696,0.0053201537,2.4975952e-05,0.0,0.0,0.0,-0.012548063,0.0076283165,1.2358083e-05,0.0049453476,-1.289356e-06,0.007603954,-0.012548063,0.007626666,1.1931534e-05,0.007629967,0.0049453476,-1.2385567e-06,1.2784633e-05,-1.3401552e-06,0.007603954
0.6,12,-2.662939,0.75,0.0,0.98696935,0.005615829,3.1105843e-05,0.0,0.0,0.0,-0.013161054,0.008147394,1.3068765e-05,0.0051396172,-1.387241e-06,0.008023589,-0.013161054,0.008145594,1.2631015e-05,0.008149194,0.0051396172,-1.3452412e-06,1.3506515e-05,-1.4292408e-06,0.008023589
0.6,12,-2.623003,0.75,0.0,0.98646593,0.005924286,2.852204e-05,0.0,0.0,0.0,-0.013809107,0.008708574,1.3832492e-05,0.005340497,-1.4945845e-06,0.008471071,-0.013809107,0.008706454,1.3383827e-05,0.008710693,0.005340497,-1.4629912e-06,1.4281158e-05,-1.5261777e-06,0.008471071
0.6,12,-2.5830672,0.75,0.0,0.9859507,0.006266001,2.1581016e-05,0.0,0.0,0.0,-0.014494577,0.009315504,1.4654963e-05,0.005547781,-1.6124409e-06,0.008949487,-0.014494577,0.009312797,1.4194725e-05,0.009318211,0.005547781,-1.5929912e-06,1.5115201e-05,-1.6318905e-06,0.008949487
0.6,12,-2.543131,0.75,0.0,0.98539656,0.006625203,2.2435843e-05,0.0,0.0,0.0,-0.015219909,0.009972566,1.554218e-05,0.0057612294,-1.7421323e-06,0.00946121,-0.015219909,0.009969408,1.5070133e-05,0.009975724,0.0057612294,-1.7366933e-06,1.6014226e-05,-1.7475714e-06,0.00946121
0.6,12,-2.5031948,0.75,0.0,0.9848145,0.007008973,2.329758e-05,0.0,0.0,0.0,-0.015989188,0.010684674,1.6499958e-05,0.0059805377,-1.8851774e-06,0.010009173,-0.015989188,0.010681082,1.6015243e-05,0.010688266,0.0059805377,-1.8960599e-06,1.6984675e-05,-1.874295e-06,0.010009173
0.6,12,-2.4632587,0.75,0.0,0.9842065,0.0074189403,1.916296e-05,0.0,0.0,0.0,-0.016801227,0.011457048,1.7534432e-05,0.0062050917,-2.0433258e-06,0.010596539,-0.016801227,0.011452994,1.7038456e-05,0.011461103,0.0062050917,-2.072979e-06,1.8030407e-05,-2.0136727e-06,0.010596539
0.6,12,-2.4233227,0.75,0.0,0.98356366,0.007859643,1.9998548e-05,0.0,0.0,0.0,-0.01766026,0.012295707,1.86549e-05,0.006434278,-2.218229e-06,0.01122654,-0.01766026,0.012291072,1.814586e-05,0.012300342,0.006434278,-2.2695542e-06,1.9163941e-05,-2.1669034e-06,0.01122654
0.6,12,-2.3833866,0.75,0.0,0.9828877,0.008331461,2.0879213e-05,0.0,0.0,0.0,-0.018569272,0.013206966,1.9868014e-05,0.0066673,-2.4121218e-06,0.0119027365,-0.018569272,0.013201543,1.9346464e-05,0.013212389,0.0066673,-2.4883357e-06,2.0389565e-05,-2.3359078e-06,0.0119027365
0.6,12,-2.3434505,0.75,0.0,0.98217756,0.008842269,2.0961506e-05,0.0,0.0,0.0,-0.019531554,0.014198016,2.1185144e-05,0.006903128,-2.6275573e-06,0.012629145,-0.019531554,0.014191954,2.0651085e-05,0.014204077,0.006903128,-2.7322342e-06,2.1719203e-05,-2.5228803e-06,0.012629145
0.6,12,-2.3035145,0.75,0.0,0.9814362,0.00939501,3.0082989e-05,0.0,0.0,0.0,-0.020549439,0.015276875,2.2616243e-05,0.007140266,-2.867435e-06,0.013410538,-0.020549439,0.015270166,2.2069988e-05,0.0152835855,0.007140266,-3.0048022e-06,2.3162498e-05,-2.7300678e-06,0.013410538
0.6,12,-2.2635782,0.75,0.0,0.9806495,0.009984008,3.162292e-05,0.0,0.0,0.0,-0.021626515,0.016453156,2.4174602e-05,0.007376829,-3.1351046e-06,0.014251251,-0.021626515,0.01644649,2.3615963e-05,0.016459823,0.007376829,-3.3097037e-06,2.473324e-05,-2.9605053e-06,0.014251251
0.6,12,-2.223642,0.75,0.0,0.9798214,0.010615449,3.6253623e-05,0.0,0.0,0.0,-0.022766434,0.017735928,2.587231e-05,0.0076111346,-3.4342975e-06,0.015156875,-0.022766434,0.01772826,2.5301979e-05,0.017743597,0.0076111346,-3.651345e-06,2.6442642e-05,-3.2172502e-06,0.015156875
0.6,12,-2.183706,0.75,0.0,0.9789557,0.011306473,3.051387e-05,0.0,0.0,0.0,-0.023972291,0.019136272,2.772656e-05,0.007840161,-3.769929e-06,0.016135518,-0.023972291,0.019127276,2.7144404e-05,0.019145267,0.007840161,-4.0352443e-06,2.830872e-05,-3.5046137e-06,0.016135518
0.6,12,-2.14377,0.75,0.0,0.97803885,0.012044557,3.219942e-05,0.0,0.0,0.0,-0.025246264,0.020666663,2.9754443e-05,0.00806075,-4.1470494e-06,0.017189862,-0.025246264,0.020655947,2.9161616e-05,0.02067738,0.00806075,-4.4674102e-06,3.0347272e-05,-3.8266885e-06,0.017189862
0.6,12,-2.103834,0.75,0.0,0.9770603,0.012870224,3.137081e-05,0.0,0.0,0.0,-0.0265927,0.022340745,3.1976007e-05,0.008269196,-4.571966e-06,0.018328486,-0.0265927,0.022328414,3.137266e-05,0.022353075,0.008269196,-4.955003e-06,3.257936e-05,-4.18893e-06,0.018328486
0.6,12,-2.0638978,0.75,0.0,0.97604126,0.013734085,3.2905213e-05,0.0,0.0,0.0,-0.028014556,0.024174023,3.441386e-05,0.0084603885,-5.051965e-06,0.019558698,-0.028014556,0.024159867,3.380391e-05,0.024188181,0.0084603885,-5.5062583e-06,3.502381e-05,-4.597672e-06,0.019558698
0.6,12,-2.0239615,0.75,0.0,0.9749702,0.014671435,3.498475e-05,0.0,0.0,0.0,-0.029514164,0.02618376,3.7094647e-05,0.008628873,-5.596072e-06,0.0208902,-0.029514164,0.026167417,3.6477348e-05,0.026200103,0.008628873,-6.131178e-06,3.7711947e-05,-5.060966e-06,0.0208902
0.6,12,-1.9840255,0.75,0.0,0.9738431,0.01568005,3.9544902e-05,0.0,0.0,0.0,-0.031094797,0.028389066,4.0048955e-05,0.008767456,-6.2148993e-06,0.022332389,-0.031094797,0.028370952,3.9428534e-05,0.028407179,0.008767456,-6.841743e-06,4.0669376e-05,-5.5880555e-06,0.022332389
0.6,12,-1.9440894,0.75,0.0,0.97266114,0.016835516,4.3137246e-05,0.0,0.0,0.0,-0.032763164,0.030811768,4.331245e-05,0.008867786,-6.9208627e-06,0.023895316,-0.032763164,0.030791396,4.2692103e-05,0.030832138,0.008867786,-7.6514625e-06,4.3932803e-05,-6.190263e-06,0.023895316
0.6,12,-1.9041533,0.75,0.0,0.9714091,0.018034086,4.5795467e-05,0.0,0.0,0.0,-0.034512226,0.033476494,4.6921996e-05,0.008919823,-7.729104e-06,0.025592005,-0.034512226,0.03345593,4.6305155e-05,0.033497054,0.008919823,-8.577381e-06,4.753884e-05,-6.880827e-06,0.025592005
0.6,12,-1.8642173,0.75,0.0,0.9700885,0.01940427,4.4985387e-05,0.0,0.0,0.0,-0.03634645,0.03640916,5.0928902e-05,0.008911328,-8.658297e-06,0.02743456,-0.03634645,0.036386263,5.0321203e-05,0.036432054,0.008911328,-9.639395e-06,5.1536605e-05,-7.6771985e-06,0.02743456
0.6,12,-1.8242812,0.75,0.0,0.9687109,0.020817082,4.6852085e-05,0.0,0.0,0.0,-0.038265403,0.039640453,5.5382887e-05,0.008827549,-9.730522e-06,0.029437266,-0.038265403,0.039612662,5.479295e-05,0.039668243,0.008827549,-1.08609065e-05,5.597283e-05,-8.600138e-06,0.029437266
0.6,12,-1.7843449,0.75,0.0,0.96726173,0.02238887,4.8661186e-05,0.0,0.0,0.0,-0.040267397,0.04320448,6.0355735e-05,0.008650834,-1.0972315e-05,0.031620566,-0.040267397,0.04317299,5.978914e-05,0.043235973,0.008650834,-1.22699585e-05,6.0922324e-05,-9.674673e-06,0.031620566
0.6,12,-1.7444088,0.75,0.0,0.9657356,0.024085632,5.590629e-05,0.0,0.0,0.0,-0.04234873,0.04713875,6.591684e-05,0.0083601475,-1.2417111e-05,0.03399501,-0.04234873,0.04710426,6.5387874e-05,0.04717324,0.0083601475,-1.3899938e-05,6.644582e-05,-1.09342855e-05,0.03399501
0.6,12,-1.7044728,0.75,0.0,0.9640128,0.025982725,5.983963e-05,0.0,0.0,0.0,-0.044503678,0.05148693,7.2166404e-05,0.007929886,-1.4104609e-05,0.036580667,-0.044503678,0.051447686,7.168228e-05,0.051526178,0.007929886,-1.5788528e-05,7.2650524e-05,-1.242069e-05,0.036580667
0.6,12,-1.6645367,0.75,0.0,0.96231234,0.028005388,6.1581406e-05,5.6560694e-38,7.54755e-37,5.2700993e-35,-0.046722088,0.05629684,7.921272e-05,0.0073305797,-1.6082515e-05,0.039400704,-0.046722088,0.05625352,7.878898e-05,0.056340165,0.0073305797,-1.7978104e-05,7.9636455e-05,-1.4186924e-05,0.039400704
0.6,12,-1.6246006,0.75,0.0,0.96047485,0.030210892,6.263242e-05,4.1653276e-31,8.226064e-30,5.736689e-28,-0.04899293,0.061623007,8.719231e-05,0.006524084,-1.8407562e-05,0.042477205,-0.04899293,0.061575517,8.684346e-05,0.061670497,0.006524084,-2.0514892e-05,8.7541164e-05,-1.6300233e-05,0.042477205
0.6,12,-1.5846646,0.75,0.0,0.95858395,0.03264483,6.406356e-05,6.1750503e-25,1.2190908e-23,8.501725e-22,-0.051296674,0.0675262,9.627362e-05,0.0054675387,-2.1147838e-05,0.045837477,-0.051296674,0.06748213,9.601663e-05,0.06757027,0.0054675387,-2.3445467e-05,9.653062e-05,-1.8850209e-05,0.045837477
0.6,12,-1.5447285,0.75,0.0,0.956594,0.035206284,8.350059e-05,1.2463424e-19,2.4607544e-18,1.716096e-16,-0.0536083,0.074070856,0.00010667116,0.0041078674,-2.4379056e-05,0.049509067,-0.0536083,0.074025325,0.00010652948,0.074116394,0.0041078674,-2.6809545e-05,0.00010681285,-2.194857e-05,0.049509067
0.6,12,-1.5047922,0.75,0.0,0.9545391,0.038128853,9.3420604e-05,3.4262938e-15,6.766248e-14,4.718613e-12,-0.055895716,0.08132991,0.00011866266,0.00238206,-2.8178953e-05,0.053522598,-0.055895716,0.081279926,0.0001187049,0.081379905,0.00238206,-3.061988e-05,0.00011862043,-2.5738023e-05,0.053522598
0.6,12,-1.4648561,0.75,0.0,0.95239633,0.041329164,0.00010035963,1.28161275e-11,2.5353405e-10,1.7679472e-08,-0.05811615,0.089386195,0.0001326402,0.00021433741,-3.2594777e-05,0.057910785,-0.05811615,0.089330114,0.00013304374,0.08944227,0.00021433741,-3.4777073e-05,0.00013223666,-3.0412482e-05,0.057910785
0.6,12,-1.4249201,0.75,0.0,0.95016503,0.044751473,0.00010435353,6.488453e-09,1.2994965e-07,9.056383e-06,-0.06020493,0.0983371,0.0001491328,-0.00249277,-3.7479644e-05,0.062717095,-0.06020493,0.09825967,0.00015048998,0.09841453,-0.00249277,-3.8744598e-05,0.00014777563,-3.6214693e-05,0.062717095
0.6,12,-1.384984,0.75,0.0,0.9478387,0.048624568,0.0001086846,4.2610284e-07,9.357458e-06,0.0006494367,-0.061994877,0.10857298,0.00016471333,-0.005945714,-4.1621453e-05,0.0679648,-0.061994877,0.10812811,0.00017272864,0.10901786,-0.005945714,-4.0300674e-05,0.000156698,-4.2942233e-05,0.0679648
0.6,12,-1.345048,0.75,0.0,0.9455007,0.053014293,0.00012368923,2.2932188e-06,0.000112013964,0.007585739,-0.063172795,0.122964986,0.0001398738,-0.010637058,-4.212735e-05,0.073829554,-0.063172795,0.118931815,0.0002020596,0.12699816,-0.010637058,-3.2991265e-05,7.7688e-05,-5.1263436e-05,0.073829554
0.6,12,-1.3051116,0.75,0.0,0.9430539,0.05832323,0.00012384912,-1.51785125e-05,0.00039895193,0.025174659,-0.06404007,0.14410761,3.3355398e-05,-0.016852045,-4.1948333e-05,0.080909394,-0.06404007,0.13120542,0.00024090619,0.15700978,-0.016852045,-1.4332112e-05,-0.00017419539,-6.956456e-05,0.080909394
0.6,12,-1.2651758,0.75,0.0,0.94059545,0.06487967,0.000113734015,-4.2606156e-05,0.00072873506,0.042856462,-0.06514078,0.16739073,-8.800131e-05,-0.024551148,-4.5059667e-05,0.089708306,-0.06514078,0.14571087,0.00028235337,0.1890706,-0.024551148,6.1241434e-07,-0.000458356,-9.073175e-05,0.089708306
0.6,12,-1.2252395,0.75,0.0,0.9381362,0.07261014,9.8351666e-05,-3.7937796e-05,0.00084632804,0.054201223,-0.06588625,0.18950838,-0.00011962287,-0.03382445,-4.3785563e-05,0.09972799,-0.06588625,0.16220738,0.00030736168,0.21680936,-0.03382445,1.1000806e-05,-0.0005466074,-9.857193e-05,0.09972799
0.6,12,-1.1853034,0.75,0.0,0.935694,0.08134126,8.055135e-05,-2.426971e-05,0.00076641364,0.058142707,-0.06567247,0.20982909,-8.450994e-05,-0.045099728,-4.069315e-05,0.1107875,-0.06567247,0.18058147,0.00031002835,0.23907672,-0.045099728,2.1950367e-05,-0.00047904823,-0.00010333667,0.1107875
0.6,12,-1.1453676,0.75,0.0,0.93326634,0.090818375,6.680648e-05,-0.000121435565,0.0005825079,0.0592924,-0.06391104,0.23125404,-1.5594327e-05,-0.058832604,-5.650576e-05,0.12275763,-0.06391104,0.20156005,0.00029437587,0.26094803,-0.058832604,1.4431227e-05,-0.00032556453,-0.00012744275,0.12275763
0.6,12,-1.1054313,0.75,0.0,0.93089145,0.1014256,7.3032475e-05,-0.00017107962,0.000263846,0.06453988,-0.059811965,0.2578438,0.00015089425,-0.07595789,-5.7923324e-05,0.13581695,-0.059811965,0.225528,0.00027317888,0.29015955,-0.07595789,1.1635367e-06,2.8609633e-05,-0.00011701018,0.13581695
0.6,12,-1.065495,0.75,0.0,0.92867446,0.11302132,9.555904e-05,-1.8006524e-05,-2.9694258e-05,0.0598663,-0.053343095,0.28225663,0.00028250512,-0.09652598,-4.2174677e-05,0.14991993,-0.053343095,0.25220835,0.00025511856,0.3123049,-0.09652598,-8.601922e-06,0.00030989168,-7.574743e-05,0.14991993
0.6,12,-1.0255592,0.75,0.0,0.92678195,0.1252084,0.00012165438,5.380341e-05,-5.134778e-05,0.04930646,-0.043804213,0.3064633,0.00024731024,-0.12054265,-3.4235698e-05,0.16439886,-0.043804213,0.2818455,0.00021553527,0.3310811,-0.12054265,-3.52346e-05,0.00027908522,-3.3236796e-05,0.16439886
0.6,12,-0.9856229,0.75,0.0,0.9253083,0.13807823,0.00013662994,8.2150764e-05,0.0001815085,0.032961924,-0.029171782,0.33134133,6.428041e-05,-0.14963862,-1.3047247e-05,0.17885548,-0.029171782,0.31489316,0.00013148432,0.3477895,-0.14963862,-4.062969e-05,-2.9235018e-06,1.4535195e-05,0.17885548
0.6,12,-0.9456868,0.75,0.0,0.92446196,0.15136789,0.00014656196,0.00010759765,0.00046718586,0.0067566885,-0.008567583,0.3539164,-0.00017534762,-0.1848054,2.146236e-05,0.19341576,-0.008567583,0.35047346,6.920422e-05,0.35735932,-0.1848054,2.7902604e-05,-0.00041989947,1.5022116e-05,0.19341576
0.6,12,-0.905751,0.75,0.0,0.9245084,0.16508113,0.00013577567,0.00016502864,0.0009501647,-0.013675885,0.019881926,0.38139105,-0.000496113,-0.22711934,4.9553957e-05,0.20728366,0.019881926,0.38858455,7.0570735e-05,0.37419754,-0.22711934,3.5354693e-05,-0.0010627967,6.375322e-05,0.20728366
0.6,12,-0.8658147,0.75,0.0,0.92576784,0.1795255,9.826832e-05,0.00027322918,0.0015510512,-0.026401585,0.0612789,0.41449457,-0.0008015561,-0.28152367,6.871436e-05,0.22027944,0.0612789,0.42888087,6.387893e-05,0.4001083,-0.28152367,2.4475473e-06,-0.0016669912,0.00013498118,0.22027944
0.6,12,-0.8258784,0.75,0.0,0.9289595,0.19521901,5.585293e-05,0.00030826207,0.0017205597,-0.032278556,0.118120685,0.44935748,-0.00095739367,-0.3514563,5.2857362e-05,0.23336706,0.118120685,0.46756917,-3.2985972e-05,0.4311458,-0.3514563,-4.0633873e-05,-0.0018818014,0.0001463486,0.23336706
0.6,12,-0.78594255,0.75,0.0,0.93476677,0.21262632,3.8620783e-06,0.00011678322,0.0015893595,-0.017220775,0.1923297,0.49059007,-0.0009112239,-0.43865255,2.0860127e-05,0.24633323,0.1923297,0.5022444,-9.695426e-05,0.47893572,-0.43865255,-3.8436352e-05,-0.0017254935,8.0156606e-05,0.24633323
0.6,12,-0.74600625,0.75,0.0,0.94343525,0.23164737,-3.124925e-05,4.5047615e-05,0.0014187684,-0.010109373,0.28923488,0.5224538,-0.0006378712,-0.5504728,0.00020889359,0.26126707,0.28923488,0.5302399,2.0571599e-05,0.51466775,-0.5504728,0.00029716874,-0.0012963141,0.000120618446,0.26126707
0.6,12,-0.7060702,0.75,0.0,0.95650756,0.25169364,-3.85686e-05,0.00024743273,0.0010354168,-0.021414898,0.41228643,0.53127563,-0.00026818828,-0.6856159,0.00058642507,0.27336913,0.41228643,0.54443973,0.00022685049,0.5181116,-0.6856159,0.0008408516,-0.00076322706,0.00033199863,0.27336913
0.6,12,-0.66613436,0.75,0.0,0.9749817,0.27151683,-2.5832065e-05,0.00047884905,0.0009809666,-0.013966383,0.5562632,0.5207054,9.943338e-05,-0.84278136,0.00084382546,0.28652462,0.5562632,0.53108793,0.00074652774,0.51032287,-0.84278136,0.0011381085,-0.000547661,0.00054954237,0.28652462
0.6,12,-0.62619805,0.75,0.0,0.9989206,0.29059178,-1.096545e-05,0.0004966781,0.00077266275,-0.0006294301,0.7261424,0.4629314,0.00016359876,-1.0253984,0.000111033776,0.29920813,0.7261424,0.4677025,0.0007154118,0.45816025,-1.0253984,-0.00036129143,-0.00038821428,0.000583359,0.29920813
0.6,12,-0.5862622,0.75,0.0,1.0301584,0.30623093,2.5052053e-05,0.00015399719,0.00012350574,0.0011561015,0.90735465,0.32997823,-8.672795e-05,-1.2153263,-3.5786623e-05,0.30792242,0.90735465,0.33601108,-0.00017506666,0.32394534,-1.2153263,-0.00040322382,1.6107451e-06,0.00033165058,0.30792242
0.6,12,-0.5463259,0.75,0.0,1.0684137,0.31552896,2.1539192e-05,9.410081e-05,-2.121938e-05,0.00210261,1.0671647,0.11781588,-0.00025053165,-1.3801885,0.0005795134,0.31302318,1.0671647,0.12604056,-0.00048887654,0.1095912,-1.3801885,0.00092191505,-1.2186755e-05,0.00023711172,0.31302318
0.6,12,-0.5063896,0.75,0.0,1.1119813,0.31487814,1.9380706e-05,3.3310407e-05,-7.23281e-06,0.0043216003,1.15939,-0.16998577,-7.523952e-05,-1.4713507,0.0012134229,0.3119365,1.15939,-0.16043116,-7.731243e-05,-0.1795404,-1.4713507,0.0021459241,-7.3166615e-05,0.00028092155,0.3119365
0.6,12,-0.46645403,0.75,0.0,1.1575803,0.3016869,-1.8962484e-05,4.4909593e-06,-4.5173968e-07,0.0013451957,1.1538374,-0.51364005,0.00042587545,-1.4571247,0.0017528691,0.30324608,1.1538374,-0.50030243,0.0010107597,-0.5269776,-1.4571247,0.003092857,-0.00015900884,0.00041288114,0.30324608
0.6,12,-0.4265175,0.75,0.0,1.2007166,0.27458033,-7.2954484e-05,1.0883966e-06,7.1399015e-08,0.0043436205,1.0103443,-0.8634321,0.0012535803,-1.2986231,0.0021748163,0.28826618,1.0103443,-0.8519336,0.0027912739,-0.8749306,-1.2986231,0.0036741716,-0.00028411316,0.0006754611,0.28826618
0.6,12,-0.38658142,0.75,0.0,1.2353126,0.23563443,-0.00011431542,-1.1002066e-05,-2.5040137e-05,0.03930015,0.73473614,-1.1010706,0.0025574267,-1.0006601,0.002536969,0.2659236,0.73473614,-1.1119539,0.005495915,-1.0901873,-1.0006601,0.0038719224,-0.00038106192,0.0012020158,0.2659236
0.6,12,-0.34664536,0.75,0.0,1.2595948,0.19123001,-0.00014765805,-0.00019726562,-0.00028577942,0.08900677,0.49540865,-1.2224581,0.004448154,-0.73415524,0.0018788035,0.23870948,0.49540865,-1.2605238,0.008741452,-1.1843925,-0.73415524,0.0019437668,0.00015485595,0.0018138401,0.23870948
0.6,12,-0.3067093,0.75,0.0,1.2741379,0.14155382,-0.00015400944,-0.00028982203,-0.0004035065,0.06372713,0.22156247,-1.3851217,0.004879539,-0.43070227,-0.0012435324,0.2091671,0.22156247,-1.4084568,0.008574918,-1.3617866,-0.43070227,-0.0036939813,0.0011841597,0.0012069166,0.2091671
0.6,12,-0.26677322,0.75,0.0,1.273899,0.0841938,-0.000103491766,-4.094506e-05,-7.0500195e-05,0.0011884194,-0.23821576,-1.4594308,0.0025368468,0.06532496,-0.003140931,0.17292164,-0.23821576,-1.4511149,0.0039212774,-1.4677467,0.06532496,-0.0065975767,0.0011524161,0.00031571454,0.17292164
0.6,12,-0.22683716,0.75,0.0,1.254532,0.030019622,-6.500256e-05,3.1505777e-05,-1.0628926e-05,0.045774307,-0.6447331,-1.2356625,0.0004741993,0.5162087,-0.0026665376,0.12852457,-0.6447331,-1.2431486,-0.00018263786,-1.2281764,0.5162087,-0.0050951294,0.0011310364,-0.00023794577,0.12852457
0.6,12,-0.18690109,0.75,0.0,1.2235929,-0.009887116,-2.5109039e-06,4.862535e-05,-6.1863255e-05,0.043059487,-0.8060881,-0.85750663,-0.00068314787,0.7251303,-0.0018612108,0.08094789,-0.8060881,-0.8611816,-0.0021820036,-0.8538316,0.7251303,-0.0028814804,0.00081570784,-0.00084094115,0.08094789
0.6,12,-0.14696455,0.75,0.0,1.1909293,-0.038292766,1.5254365e-05,9.268335e-05,-8.803894e-05,-0.10068645,-0.76971453,-0.5392983,-0.0018598608,0.73034734,-0.0012380751,0.039368745,-0.76971453,-0.47934908,-0.0035325265,-0.59924746,0.73034734,-0.0015324521,-0.00018719514,-0.00094369816,0.039368745
0.6,12,-0.10702896,0.75,0.0,1.1614518,-0.056105237,1.4866528e-06,0.0002457679,-8.4282656e-05,-0.12923215,-0.6628253,-0.27236295,-0.0026636012,0.6576556,-0.00025147517,0.005181576,-0.6628253,-0.20606,-0.004475573,-0.3386659,0.6576556,-0.00020418677,-0.00085162953,-0.00029876357,0.005181576
0.6,12,-0.067092896,0.75,0.0,1.1363041,-0.063579105,-2.9745876e-05,0.00028544545,-6.221723e-05,-0.07908589,-0.5206019,-0.05954486,-0.0023292704,0.5402843,0.00056750013,-0.019668752,-0.5206019,-0.01937757,-0.004075014,-0.09971215,0.5402843,0.00094009534,-0.00058352674,0.00019490492,-0.019668752
0.6,12,-0.027156353,0.75,0.0,1.1178741,-0.062086314,-5.8954203e-05,7.078395e-05,-1.3370987e-05,0.012769986,-0.36058053,0.08171344,-0.0016593672,0.39414796,0.0008962258,-0.033538505,-0.36058053,0.08214387,-0.0031504296,0.081282996,0.39414796,0.0015703274,-0.000168305,0.0002221241,-0.033538505
0.6,12,0.012779236,0.75,0.0,1.1056687,-0.05669884,-6.593931e-05,2.8013379e-05,-4.191433e-06,0.02326608,-0.2235694,0.11540883,-0.0008989663,0.26434383,0.0010030722,-0.04075828,-0.2235694,0.112172455,-0.0018654353,0.118645206,0.26434383,0.0019008871,6.7502755e-05,0.00010525744,-0.04075828
0.6,12,0.05271578,0.75,0.0,1.0978912,-0.050204456,-5.5411903e-05,8.0117614e-05,-2.0635625e-05,0.032840375,-0.10625677,0.12460585,-0.00010166863,0.15120111,0.0006022297,-0.044913694,-0.10625677,0.11559714,-0.0003134012,0.13361456,0.15120111,0.0012782854,0.00011006393,-7.382604e-05,-0.044913694
0.6,12,0.092651844,0.75,0.0,1.0960392,-0.04342309,-6.1859595e-05,9.6009084e-05,-4.3953525e-05,0.036076352,0.036403246,0.07921857,0.00039377986,0.009274567,-4.7673126e-05,-0.04564893,0.036403246,0.066757075,0.0007606084,0.09168005,0.009274567,7.72157e-05,2.6951298e-05,-0.00017256195,-0.04564893
0.6,12,0.13258791,0.75,0.0,1.0984299,-0.04078418,-5.6420453e-05,5.155904e-05,-5.007287e-05,0.01309159,0.084463805,-0.039254583,0.00048352248,-0.041436866,-0.00021688982,-0.04300096,0.084463805,-0.04133358,0.0010266453,-0.03717559,-0.041436866,-0.00034320168,-5.960032e-05,-9.057795e-05,-0.04300096
0.6,12,0.17252398,0.75,0.0,1.1008346,-0.04254019,-3.1596544e-05,0.000106748805,-7.240774e-05,0.012728891,0.053712122,-0.11623957,0.00033913797,-0.012805165,-0.00022097872,-0.04089358,0.053712122,-0.11735755,0.00067985186,-0.11512159,-0.012805165,-0.00045506962,-1.5759003e-06,1.3112184e-05,-0.04089358
0.6,12,0.21246004,0.75,0.0,1.1023294,-0.04520721,-6.185932e-06,0.00036601064,-0.000318628,0.06543016,0.030894859,-0.14304747,0.00031534032,0.010344189,-0.00022789265,-0.041225735,0.030894859,-0.1691504,0.00040328238,-0.11694454,0.010344189,-0.0005835422,0.00022739828,0.0001277569,-0.041225735
0.6,12,0.2523961,0.75,0.0,1.1044905,-0.048072074,4.9410184e-05,0.0005606768,-0.0005210864,0.09605802,0.056973647,-0.1646746,0.00026803548,-0.012762502,-0.00023417381,-0.04420703,0.056973647,-0.20689557,0.00030393072,-0.122453615,-0.012762502,-0.00054033555,0.00023214024,7.19879e-05,-0.04420703
0.6,12,0.29233217,0.75,0.0,1.1073453,-0.052880496,7.385443e-05,0.00024902076,-0.0002557486,0.027852125,0.05391807,-0.22031692,0.00014702379,-0.0108863255,-0.00013094564,-0.043026753,0.05391807,-0.2294749,0.00030955934,-0.21115893,-0.0108863255,-0.00031074422,-1.5511769e-05,4.8852948e-05,-0.043026753
0.6,12,0.33226871,0.75,0.0,1.1096748,-0.060002796,0.00010343906,0.00017360465,-0.00023214861,0.015398693,0.025206568,-0.24719518,0.00016069826,0.01444652,5.9476697e-05,-0.03965076,0.025206568,-0.24990454,0.00027100337,-0.24448581,0.01444652,4.1667143e-05,5.039313e-05,7.7286255e-05,-0.03965076
0.6,12,0.3722043,0.75,0.0,1.1118052,-0.06810925,0.00012967095,0.00023885797,-0.00032779225,0.02215139,-0.0015777368,-0.2649141,0.00022741922,0.038755424,0.00013862844,-0.037184425,-0.0015777368,-0.2714344,0.0001986998,-0.2583938,0.038755424,0.00015968972,0.00025613865,0.00011756717,-0.037184425
0.6,12,0.41214037,0.75,0.0,1.1130908,-0.07733948,0.0001669648,8.201541e-05,-6.145604e-05,0.011456511,-0.027910357,-0.2862906,0.00019696828,0.06279495,-0.00015281554,-0.034888614,-0.027910357,-0.2882867,0.00024325028,-0.28429446,0.06279495,-0.0003946802,0.00015068628,8.904912e-05,-0.034888614
0.6,12,0.4520769,0.75,0.0,1.1131587,-0.087726176,0.00018820577,0.00011011644,7.237567e-05,0.0073434794,-0.05465968,-0.30499375,0.0001383859,0.08702046,-0.00016608473,-0.032361973,-0.05465968,-0.30465776,0.00029371184,-0.30532974,0.08702046,-0.00035380322,-1.694004e-05,2.1633747e-05,-0.032361973
0.6,12,0.4920125,0.75,0.0,1.1126642,-0.09943405,0.00020349711,0.00033665536,-0.00023416322,0.011578692,-0.084963456,-0.32213238,0.00022066673,0.1158902,7.2016424e-05,-0.030930955,-0.084963456,-0.3234999,0.00027056536,-0.32076487,0.1158902,0.00011292401,0.00017076811,3.110884e-05,-0.030930955
0.6,12,0.53194904,0.75,0.0,1.1109545,-0.11197302,0.00021934263,0.00021062308,-0.00023770124,0.012923913,-0.12318482,-0.34118032,0.00019215714,0.15486959,0.0002378523,-0.03169257,-0.12318482,-0.34338284,0.0002173393,-0.33897778,0.15486959,0.00043079592,0.00016697496,4.4908684e-05,-0.03169257
0.6,12,0.5718851,0.75,0.0,1.106941,-0.12606639,0.00020875114,8.9708075e-05,-4.4427346e-05,0.0058222134,-0.1717008,-0.36045486,0.0001643559,0.20705765,-8.669599e-05,-0.035363916,-0.1717008,-0.36005643,0.00029798978,-0.36085325,0.20705765,-0.00019376107,3.0722007e-05,2.036908e-05,-0.035363916
0.6,12,0.6118212,0.75,0.0,1.1008104,-0.14089367,0.00020471567,0.00019293276,-0.00030977515,0.00650124,-0.2335454,-0.3674528,0.00040519214,0.2770937,0.00012416368,-0.043559704,-0.2335454,-0.36793026,0.00047714968,-0.3669753,0.2770937,0.00013299567,0.00033323464,0.000115331684,-0.043559704
0.6,12,0.65175724,0.75,0.0,1.0918093,-0.15617543,0.00019357406,6.352595e-05,-7.5296375e-05,0.004602407,-0.30638593,-0.3549916,0.0003472591,0.36347708,0.00028702323,-0.05708217,-0.30638593,-0.35456204,0.00046098954,-0.35542116,0.36347708,0.0004498568,0.00023352868,0.00012418965,-0.05708217
0.6,12,0.6916933,0.75,0.0,1.0794185,-0.17062627,0.00017240217,1.4016298e-05,7.628285e-05,0.0020251765,-0.3806164,-0.31384116,0.00034632487,0.45477626,8.359346e-05,-0.07414521,-0.3806164,-0.3121888,0.00047291198,-0.3154935,0.45477626,0.00013498403,0.00021973776,3.22029e-05,-0.07414521
0.6,12,0.7316294,0.75,0.0,1.0638235,-0.18278874,0.0001503662,9.067278e-06,0.00013179329,0.0030371842,-0.44212526,-0.24184716,0.00027344722,0.53611606,-0.00017135066,-0.09396996,-0.44212526,-0.24147856,0.00039631323,-0.24221575,0.53611606,-0.00024880073,0.0001505812,-9.390061e-05,-0.09396996
0.6,12,0.77156544,0.75,0.0,1.0459908,-0.19159533,0.00011705293,4.372094e-06,9.69858e-05,-0.0013372959,-0.4782594,-0.1511977,0.00012735251,0.59348637,-0.00029708902,-0.11520907,-0.4782594,-0.15013364,0.00018598659,-0.15226176,0.59348637,-0.00039376708,6.871844e-05,-0.00020041094,-0.11520907
0.6,12,0.811502,0.75,0.0,1.0271039,-0.19666748,7.754189e-05,2.8715222e-05,8.345814e-05,-0.0024250546,-0.48682848,-0.04799456,7.248703e-05,0.62142694,-0.00033462775,-0.1345757,-0.48682848,-0.047029447,9.888662e-05,-0.048959676,0.62142694,-0.00045762298,4.6087436e-05,-0.00021163253,-0.1345757
0.6,12,0.85143757,0.75,0.0,1.008586,-0.19760565,5.0487113e-05,5.494057e-05,0.000136664,0.0037024214,-0.46309868,0.057743628,7.93554e-05,0.61348623,-0.00020347528,-0.1503678,-0.46309868,0.056183558,0.00015516997,0.059303697,0.61348623,-0.00023290193,3.5408289e-06,-0.00017404863,-0.1503678
0.6,12,0.89137363,0.75,0.0,0.99114054,-0.1944662,2.3750385e-05,4.1557912e-05,0.00014995511,0.004303379,-0.41478232,0.14355916,7.946353e-05,0.5767011,-5.860515e-05,-0.16189347,-0.41478232,0.14215253,0.00017810475,0.1449658,0.5767011,4.890377e-05,-1.917769e-05,-0.00016611407,-0.16189347
0.6,12,0.9313102,0.75,0.0,0.97598803,-0.18841594,6.853137e-06,3.5362515e-05,8.524081e-05,0.00015578791,-0.3528349,0.20665312,6.387904e-05,0.5217914,-0.00012398916,-0.16893835,-0.3528349,0.20726137,0.00012546671,0.20604487,0.5217914,-6.96967e-05,2.291363e-06,-0.0001782816,-0.16893835
0.6,12,0.97124577,0.75,0.0,0.96329606,-0.18021314,-1.3156765e-05,5.3546446e-05,7.8184494e-05,0.0010924434,-0.2857384,0.25191844,2.4228666e-05,0.45727196,-0.00023390044,-0.17152686,-0.2857384,0.25200075,6.48212e-05,0.25183615,0.45727196,-0.00030353895,-1.6363869e-05,-0.00016426193,-0.17152686
0.6,12,1.0111823,0.75,0.0,0.9529743,-0.170208,-3.7067206e-05,0.00012340877,8.411549e-05,0.0030362736,-0.22093885,0.278806,2.6527388e-05,0.39140618,-0.00025922313,-0.17046654,-0.22093885,0.27772936,8.228997e-05,0.27988264,0.39140618,-0.00040670726,-2.923519e-05,-0.000111738984,-0.17046654
0.6,12,1.0511179,0.75,0.0,0.9453955,-0.15954323,-4.5831228e-05,0.00017032165,7.460814e-05,0.0030686879,-0.1625255,0.28957385,6.157076e-05,0.3288274,-0.0001080749,-0.1663031,-0.1625255,0.28820246,0.000117872085,0.2909452,0.3288274,-0.00014577166,5.269433e-06,-7.037814e-05,-0.1663031
0.6,12,1.0910544,0.75,0.0,0.93987775,-0.14861336,-7.6697805e-05,0.0001307025,4.2373664e-05,0.004008603,-0.11126125,0.2899773,5.009764e-05,0.27141047,-6.0284998e-05,-0.16014828,-0.11126125,0.28816172,6.9162365e-05,0.29179287,0.27141047,-7.247184e-05,3.103291e-05,-4.809815e-05,-0.16014828
0.6,12,1.1309905,0.75,0.0,0.9362061,-0.1376691,-9.699344e-05,0.00014919054,2.3963805e-05,0.00591939,-0.06751076,0.28253913,1.5755784e-05,0.22025283,-0.000100052035,-0.15274313,-0.06751076,0.27973434,1.5558628e-05,0.2853439,0.22025283,-0.0001746012,1.595294e-05,-2.550287e-05,-0.15274313
0.6,12,1.1709266,0.75,0.0,0.93415666,-0.12708251,-0.00011296678,0.00016885286,-6.6947546e-06,0.008416418,-0.031782456,0.26967192,-1.2873234e-06,0.17602484,-0.000110327164,-0.14424677,-0.031782456,0.2655835,-1.8688204e-05,0.27376032,0.17602484,-0.00021714087,1.6113558e-05,-3.5134556e-06,-0.14424677
0.6,12,1.2108626,0.75,0.0,0.9335335,-0.11701616,-0.00013265957,0.00019433998,-3.364592e-05,0.011279951,-0.0033340885,0.2539011,-1.27526955e-05,0.13847241,-0.00010950998,-0.13514039,-0.0033340885,0.24834763,-4.439435e-05,0.25945455,0.13847241,-0.00023345799,1.8888959e-05,1.4438038e-05,-0.13514039
0.6,12,1.2507987,0.75,0.0,0.9336912,-0.10744105,-0.00013612676,0.00017818717,-5.5263346e-05,0.011328102,0.01862157,0.23567703,-2.960553e-05,0.107360564,-0.00010833233,-0.12598224,0.01862157,0.22992308,-7.1415816e-05,0.241431,0.107360564,-0.00023657599,1.2204755e-05,1.9911326e-05,-0.12598224
0.6,12,1.2907348,0.75,0.0,0.93463635,-0.098493986,-0.00013809113,0.00016036135,-8.966628e-05,0.011156248,0.034665674,0.21679047,-4.043406e-05,0.08242809,-0.000113462986,-0.11709637,0.034665674,0.21104878,-8.6494925e-05,0.22253215,0.08242809,-0.00025082962,5.626807e-06,2.390364e-05,-0.11709637
0.6,12,1.3306708,0.75,0.0,0.9362023,-0.09026916,-0.00012786746,0.00016111234,-0.0001957755,0.01454783,0.046190314,0.1998038,3.3981632e-06,0.062253024,-0.00011740639,-0.10844476,0.046190314,0.19238484,-7.444267e-05,0.20722277,0.062253024,-0.00025279686,8.1239e-05,1.798408e-05,-0.10844476
0.6,12,1.3706069,0.75,0.0,0.9381195,-0.08252097,-0.00012621062,0.00014698767,-0.00040197815,0.021421267,0.054187603,0.18561348,0.00011962509,0.045767464,-0.000100886966,-0.09995565,0.054187603,0.17485303,-4.010832e-05,0.19637392,0.045767464,-0.00022263096,0.0002793585,2.0857027e-05,-0.09995565
0.6,12,1.410543,0.75,0.0,0.9401904,-0.0751763,-0.000113782575,0.00012354643,-0.00065824325,0.029358042,0.05843417,0.17405686,0.00021571977,0.033170573,-7.879675e-06,-0.09160653,0.05843417,0.15944679,-9.766914e-05,0.18866692,0.033170573,-7.372516e-05,0.0005291087,5.796581e-05,-0.09160653
0.6,12,1.450479,0.75,0.0,0.9423753,-0.06811255,-9.450386e-05,9.742151e-05,-0.0007278879,0.030123418,0.060350433,0.1616778,0.00016903627,0.023140775,9.781847e-05,-0.08349305,0.060350433,0.14662392,-0.0002817638,0.17673166,0.023140775,0.00012454015,0.0006198363,7.109679e-05,-0.08349305
0.6,12,1.4904156,0.75,0.0,0.9446141,-0.061651915,-7.866742e-05,3.987357e-05,-0.00052166835,0.021975126,0.06480485,0.1462974,5.8074947e-05,0.011441054,5.2325064e-05,-0.07624667,0.06480485,0.1341512,-0.0003683228,0.1584436,0.011441054,0.00014415203,0.0004844727,-3.9501898e-05,-0.07624667
0.6,12,1.5303512,0.75,0.0,0.94694567,-0.055745065,-6.432268e-05,3.4655282e-06,-0.00048549272,0.02054682,0.060151085,0.13430887,1.1584809e-05,0.009144677,-0.00018133817,-0.06929659,0.060151085,0.12194513,-0.000516194,0.1466726,0.009144677,-0.00041393435,0.0005393636,5.125801e-05,-0.06929659
0.6,12,1.5702877,0.75,0.0,0.9491249,-0.05035345,-5.156066e-05,2.3143604e-05,-0.00040325135,0.017300406,0.060788155,0.12101969,-9.033314e-05,0.0019811098,-0.00020131418,-0.06276926,0.060788155,0.11139248,-0.00061410776,0.1306469,0.0019811098,-0.00039318897,0.00043344148,-9.439401e-06,-0.06276926
0.6,12,1.6102238,0.75,0.0,0.95144075,-0.045410562,-4.1880492e-05,7.932902e-05,-0.0003397628,0.03322643,0.0615132,0.11555342,-1.09921675e-05,-0.004429691,-8.4258056e-05,-0.05708429,0.0615132,0.09899986,-0.00030013305,0.13210697,-0.004429691,-0.00011803946,0.0002781487,-5.0476647e-05,-0.05708429
0.6,12,1.6501598,0.75,0.0,0.9536275,-0.039946325,-2.7663798e-05,0.0001296551,-0.00045022555,0.053884264,0.05631998,0.11485858,0.00013973765,-0.0058678426,-9.624085e-05,-0.05045319,0.05631998,0.088425696,-7.1367125e-05,0.14129147,-0.0058678426,-0.00019652932,0.00035084243,4.0476207e-06,-0.05045319
0.6,12,1.6900959,0.75,0.0,0.9557067,-0.035306446,-2.2660239e-05,4.0439612e-05,-0.00015534276,0.018246023,0.05157373,0.090755016,-4.6642683e-05,-0.0066929082,-4.906072e-05,-0.044881895,0.05157373,0.0816652,-8.615678e-05,0.099844836,-0.0066929082,-0.00013588156,-7.1285826e-06,3.776012e-05,-0.044881895
0.6,12,1.730032,0.75,0.0,0.9575795,-0.03208503,-2.7167669e-05,-3.9112865e-06,-0.00034685837,-0.007728322,0.04874691,0.07363278,-0.00021100209,-0.0075050043,4.5562883e-06,-0.04124374,0.04874691,0.07620357,-0.00045093035,0.07106198,-0.0075050043,-8.904285e-05,2.8926184e-05,9.8155426e-05,-0.04124374
0.6,12,1.7699685,0.75,0.0,0.9594012,-0.029865457,-1.8651668e-05,-2.4337218e-05,-0.00098198,-0.027958985,0.047684383,0.058297668,-0.0003983638,-0.00897934,-7.134745e-05,-0.038706657,0.047684383,0.07036171,-0.0013447031,0.046233624,-0.00897934,-0.00030865392,0.00054797553,0.00016595902,-0.038706657
0.6,12,1.8099041,0.75,0.0,0.9611536,-0.028492233,9.799442e-06,-3.4432298e-05,-0.0011378039,-0.032510944,0.045401398,0.047999162,-0.00076114776,-0.008036049,-0.00015084493,-0.037366595,0.045401398,0.06376522,-0.0023250948,0.032233104,-0.008036049,-0.00037849136,0.00080279924,7.6801494e-05,-0.037366595
0.6,12,1.8498402,0.75,0.0,0.9627973,-0.02728618,3.451172e-05,-2.9051265e-05,-0.0006270683,-0.019972749,0.04200749,0.046437345,-0.00097106583,-0.005502862,-5.989913e-05,-0.0365055,0.04200749,0.057418395,-0.0024095762,0.035456296,-0.005502862,-8.009193e-06,0.0004674445,-0.000111789064,-0.0365055
0.6,12,1.8897767,0.75,0.0,0.96433395,-0.025826316,5.4054864e-05,-1.3923274e-05,-0.00017072992,-0.0066183093,0.03981672,0.047517054,-0.0007220245,-0.0047124317,0.00011020979,-0.035105046,0.03981672,0.052013088,-0.0015254723,0.04302102,-0.0047124317,0.00041433028,8.1423284e-05,-0.0001939107,-0.035105046
0.6,12,1.9297123,0.75,0.0,0.9658083,-0.024144279,5.210006e-05,-2.297279e-06,-1.9651075e-05,-0.0008939831,0.038649555,0.04624413,-0.00033033936,-0.0055515063,0.00010916938,-0.033099014,0.038649555,0.047405243,-0.0005890729,0.045083012,-0.0055515063,0.00037488312,-7.160583e-05,-0.00015654437,-0.033099014
0.6,12,1.9696484,0.75,0.0,0.9672885,-0.022474956,4.6235295e-05,-6.745741e-08,-5.3126496e-07,-2.5182073e-05,0.03758178,0.042956457,-0.00013781991,-0.0066460394,3.071636e-05,-0.030936487,0.03758178,0.04329951,-0.00019148628,0.0426134,-0.0066460394,0.0001666603,-8.415352e-05,-0.000105227584,-0.030936487
0.6,12,2.009585,0.75,0.0,0.96867996,-0.020940986,3.7716774e-05,-2.8311212e-10,-2.1984974e-09,-1.04928716e-07,0.036319796,0.03944148,-7.535794e-05,-0.0074432623,-2.8529066e-06,-0.028876623,0.036319796,0.039587412,-8.233605e-05,0.039295554,-0.0074432623,7.2542774e-05,-6.837983e-05,-7.824859e-05,-0.028876623
0.6,12,2.049521,0.75,0.0,0.9700225,-0.019505579,2.6850024e-05,-1.6869676e-13,-1.2914674e-12,-6.196342e-11,0.03490383,0.036191516,-5.098639e-05,-0.007940375,-1.1372442e-05,-0.026964424,0.03490383,0.03625519,-4.7679547e-05,0.03612784,-0.007940375,4.084452e-05,-5.429323e-05,-6.35894e-05,-0.026964424
0.6,12,2.0894566,0.75,0.0,0.97130793,-0.018190062,2.3015973e-05,-1.7056241e-17,-1.2155083e-16,-5.9841713e-15,0.03342476,0.033244345,-3.870566e-05,-0.00823019,-1.15428265e-05,-0.025194827,0.03342476,0.033267844,-3.3051303e-05,0.033220846,-0.00823019,3.065174e-05,-4.436002e-05,-5.3737393e-05,-0.025194827
0.6,12,2.129393,0.75,0.0,0.97255933,-0.016978525,1.784416e-05,-4.866933e-22,-2.9270971e-21,-1.5381648e-19,0.031932954,0.030581659,-3.1491178e-05,-0.008375385,-9.334549e-06,-0.02355817,0.031932954,0.030585147,-2.5423735e-05,0.03057817,-0.008375385,2.7456283e-05,-3.755862e-05,-4.612538e-05,-0.02355817
0.6,12,2.1693292,0.75,0.0,0.97375655,-0.015857112,2.3379504e-05,-1.2201848e-26,-1.1360875e-25,-2.4634998e-24,0.03045869,0.028170697,-2.6824608e-05,-0.008414808,-6.7317487e-06,-0.022044607,0.03045869,0.028164903,-2.0862164e-05,0.028176494,-0.008414808,2.6353617e-05,-3.278705e-05,-3.9817114e-05,-0.022044607
0.6,12,2.2092648,0.75,0.0,0.97486794,-0.014822946,9.805623e-06,-3.6969658e-29,-4.078931e-28,-5.6955465e-27,0.029019069,0.02598381,-2.3603017e-05,-0.008375696,-4.334115e-06,-0.02064354,0.029019069,0.025972528,-1.7900604e-05,0.025995094,-0.008375696,2.5741989e-05,-2.9305429e-05,-3.441022e-05,-0.02064354
0.6,12,2.2492018,0.75,0.0,0.9759322,-0.013873442,1.22712445e-05,-3.8538387e-31,-3.4701673e-30,-5.185025e-29,0.027623823,0.023993947,-2.1289128e-05,-0.008277947,-2.2890063e-06,-0.019345665,0.027623823,0.02398013,-1.5912141e-05,0.024007762,-0.008277947,2.5125106e-05,-2.6666114e-05,-2.9703118e-05,-0.019345665
0.6,12,2.2891374,0.75,0.0,0.9769479,-0.013003135,1.3707189e-05,-1.1216563e-32,-9.936293e-32,-1.4927012e-30,0.026280707,0.022180714,-1.9594627e-05,-0.008136739,-6.1442825e-07,-0.018143447,0.026280707,0.022166075,-1.4590719e-05,0.022195352,-0.008136739,2.4357869e-05,-2.4598536e-05,-2.5586725e-05,-0.018143447
0.6,12,2.3290734,0.75,0.0,0.9779096,-0.012170095,1.9372103e-05,-4.815225e-35,-4.2636585e-34,-6.405824e-33,0.024992876,0.020524248,-1.8338207e-05,-0.007963614,7.056851e-07,-0.017028619,0.024992876,0.020509858,-1.3750853e-05,0.020538641,-0.007963614,2.3402845e-05,-2.292556e-05,-2.1991475e-05,-0.017028619
0.6,12,2.36901,0.75,0.0,0.97883385,-0.011366714,1.731181e-05,-2.8253728e-38,-2.5015731e-37,-3.7584728e-36,0.023763262,0.01900988,-1.7389866e-05,-0.0077681164,1.6973117e-06,-0.015994776,0.023763262,0.01899616,-1.3254728e-05,0.019023603,-0.0077681164,2.2260854e-05,-2.1525004e-05,-1.886623e-05,-0.015994776
0.6,12,2.4089456,0.75,0.0,0.97970986,-0.010681839,1.5700667e-05,0.0,0.0,0.0,0.022592118,0.01762319,-1.6648e-05,-0.00755704,2.395067e-06,-0.015035083,0.022592118,0.017610306,-1.29865775e-05,0.017636076,-0.00755704,2.0954614e-05,-2.0309424e-05,-1.616448e-05,-0.015035083
0.6,12,2.4488816,0.75,0.0,0.9805387,-0.0100502595,1.8900675e-05,0.0,0.0,0.0,0.02147865,0.016352125,-1.6031072e-05,-0.007335519,2.8387694e-06,-0.01414319,0.02147865,0.016340436,-1.2849078e-05,0.01636381,-0.007335519,1.9519515e-05,-1.9213065e-05,-1.3841976e-05,-0.01414319
0.6,12,2.4888182,0.75,0.0,0.9813284,-0.009455653,1.7731294e-05,0.0,0.0,0.0,0.020422036,0.015186038,-1.5478405e-05,-0.0071079656,3.0730794e-06,-0.013314177,0.020422036,0.015175615,-1.2764252e-05,0.01519646,-0.0071079656,1.8000312e-05,-1.8192559e-05,-1.1854153e-05,-0.013314177
0.6,12,2.5287542,0.75,0.0,0.9820779,-0.00891822,7.056202e-06,0.0,0.0,0.0,0.019420825,0.014115449,-1.4947078e-05,-0.006877641,3.1441882e-06,-0.012543154,0.019420825,0.014105408,-1.2675601e-05,0.01412549,-0.006877641,1.644533e-05,-1.7218554e-05,-1.0156954e-05,-0.012543154
0.6,12,2.5686898,0.75,0.0,0.9827936,-0.008402499,5.652758e-06,0.0,0.0,0.0,0.01847254,0.0131314285,-1.4410444e-05,-0.0066468227,3.095231e-06,-0.011825532,0.01847254,0.013122142,-1.2546825e-05,0.013140714,-0.0066468227,1.48995205e-05,-1.6274063e-05,-8.709058e-06,-0.011825532
0.6,12,2.6086264,0.75,0.0,0.9834728,-0.007924243,5.0672406e-06,0.0,0.0,0.0,0.017574253,0.012226656,-1.3855522e-05,-0.0064174226,2.963986e-06,-0.011156841,0.017574253,0.012218256,-1.2359606e-05,0.012235057,-0.0064174226,1.3400898e-05,-1.535144e-05,-7.472926e-06,-0.011156841
0.6,12,2.6485624,0.75,0.0,0.98411703,-0.007490673,1.5305468e-05,0.0,0.0,0.0,0.016724797,0.011393494,-1.3279112e-05,-0.006190927,2.7817143e-06,-0.010533578,0.016724797,0.011386146,-1.2108482e-05,0.011400842,-0.006190927,1.1979003e-05,-1.4449743e-05,-6.4155743e-06,-0.010533578
0.6,12,2.688498,0.75,0.0,0.98472995,-0.0070715686,1.44947735e-05,0.0,0.0,0.0,0.015920555,0.010626047,-1.2683935e-05,-0.005968359,2.5722284e-06,-0.009952263,0.015920555,0.010619267,-1.1797245e-05,0.010632827,-0.005968359,1.0653456e-05,-1.3570625e-05,-5.5089995e-06,-0.009952263
0.6,12,2.728435,0.75,0.0,0.985315,-0.006684283,1.3634533e-05,0.0,0.0,0.0,0.015160049,0.009918285,-1.2076808e-05,-0.0057506827,2.353423e-06,-0.009409391,0.015160049,0.009912222,-1.1434726e-05,0.0099243475,-0.0057506827,9.435827e-06,-1.27188905e-05,-4.7289814e-06,-0.009409391
0.6,12,2.7683706,0.75,0.0,0.9858679,-0.0063157775,8.818178e-06,0.0,0.0,0.0,0.014440471,0.0092652505,-1.1465155e-05,-0.005538413,2.13726e-06,-0.008902036,0.014440471,0.009259983,-1.1032229e-05,0.009270518,-0.005538413,8.330189e-06,-1.1898081e-05,-4.0556693e-06,-0.008902036
0.6,12,2.8083067,0.75,0.0,0.9863949,-0.0059700175,7.9794563e-07,0.0,0.0,0.0,0.013760067,0.0086618215,-1.0856355e-05,-0.0053319517,1.9310764e-06,-0.008427992,0.013760067,0.008656899,-1.0600862e-05,0.008666743,-0.0053319517,7.335509e-06,-1.1111849e-05,-3.4733562e-06,-0.008427992
0.6,12,2.8482432,0.75,0.0,0.9869033,-0.005657837,-3.4512593e-06,0.0,0.0,0.0,0.013116073,0.008104223,-1.0257483e-05,-0.0051318808,1.7396968e-06,-0.007984351,0.013116073,0.008099735,-1.0151977e-05,0.008108711,-0.0051318808,6.4471456e-06,-1.0362989e-05,-2.967752e-06,-0.007984351
0.6,12,2.8881788,0.75,0.0,0.9873841,-0.005359858,-2.7063707e-06,0.0,0.0,0.0,0.012506821,0.007588176,-9.673779e-06,-0.004938042,1.5649645e-06,-0.007568893,0.012506821,0.00758423,-9.694236e-06,0.0075921225,-0.004938042,5.6581694e-06,-9.65332e-06,-2.5282404e-06,-0.007568893
0.6,12,2.928115,0.75,0.0,0.9878401,-0.0050749946,4.6923788e-06,0.0,0.0,0.0,0.011930298,0.0071104467,-9.109905e-06,-0.0047508986,1.4077402e-06,-0.0071795215,0.011930298,0.0071068294,-9.235743e-06,0.007114064,-0.0047508986,4.9606547e-06,-8.984066e-06,-2.1451742e-06,-0.0071795215
0.6,12,2.9680514,0.75,0.0,0.9882808,-0.0048210723,7.1004097e-06,0.0,0.0,0.0,0.0113845905,0.006667615,-8.568666e-06,-0.0045701386,1.2673279e-06,-0.006814462,0.0113845905,0.0066643674,-8.782465e-06,0.0066708624,-0.0045701386,4.3457117e-06,-8.354867e-06,-1.8110558e-06,-0.006814462
0.6,12,3.0079875,0.75,0.0,0.988695,-0.0045691635,1.6346423e-06,0.0,0.0,0.0,0.010867688,0.0062568933,-8.052164e-06,-0.004395934,1.1426939e-06,-0.0064719245,0.010867688,0.006253802,-8.339071e-06,0.006259985,-0.004395934,3.804781e-06,-7.765257e-06,-1.5193931e-06,-0.0064719245
0.6,12,3.047923,0.75,0.0,0.98909575,-0.0043432307,2.3162816e-06,0.0,0.0,0.0,0.010378246,0.0058757467,-7.561681e-06,-0.004228097,1.0327142e-06,-0.006150216,0.010378246,0.0058728717,-7.909111e-06,0.0058786212,-0.004228097,3.3298331e-06,-7.2142507e-06,-1.2644048e-06,-0.006150216
0.6,12,3.0878596,0.75,0.0,0.9894739,-0.0041380483,-6.926087e-06,0.0,0.0,0.0,0.009914596,0.0055216434,-7.0974e-06,-0.0040668715,9.3578365e-07,-0.005847974,0.009914596,0.005519019,-7.4947384e-06,0.005524268,-0.0040668715,2.9132584e-06,-6.7000615e-06,-1.0416911e-06,-0.005847974
0.6,12,3.1277957,0.75,0.0,0.9898404,-0.003936087,-6.7065166e-06,0.0,0.0,0.0,0.009475224,0.005192398,-6.659324e-06,-0.0039117173,8.504512e-07,-0.0055637145,0.009475224,0.0051899506,-7.0975384e-06,0.005194846,-0.0039117173,2.5479058e-06,-6.2211093e-06,-8.4700326e-07,-0.0055637145
0.6,12,3.1677313,0.75,0.0,0.99018985,-0.0037659071,1.1052735e-05,0.0,0.0,0.0,0.009058842,0.0048861206,-6.2469885e-06,-0.0037626768,7.753945e-07,-0.0052962103,0.009058842,0.004883901,-6.718523e-06,0.0048883404,-0.0037626768,2.2277259e-06,-5.775454e-06,-6.7693696e-07,-0.0052962103
0.6,12,3.2076683,0.75,0.0,0.99052286,-0.0035850622,8.604309e-06,0.0,0.0,0.0,0.008663941,0.0046009375,-5.859686e-06,-0.003619593,7.09322e-07,-0.0050444254,0.008663941,0.004598837,-6.357926e-06,0.004603038,-0.003619593,1.9471365e-06,-5.3614463e-06,-5.284925e-07,-0.0050444254
0.6,12,3.247604,0.75,0.0,0.99084306,-0.0034161366,8.120813e-06,0.0,0.0,0.0,0.008289299,0.004335234,-5.496353e-06,-0.003482261,6.5101125e-07,-0.0048072254,0.008289299,0.004333451,-6.015833e-06,0.004337017,-0.003482261,1.7011495e-06,-4.9768732e-06,-3.99127e-07,-0.0048072254
0.6,12,3.28754,0.75,0.0,0.9911487,-0.0032539929,6.9620955e-06,0.0,0.0,0.0,0.007933988,0.0040874407,-5.1559023e-06,-0.0033505259,5.995625e-07,-0.0045835157,0.007933988,0.0040857447,-5.692004e-06,0.004089137,-0.0033505259,1.4855331e-06,-4.6198006e-06,-2.8640804e-07,-0.0045835157
0.6,12,3.3274755,0.75,0.0,0.9914403,-0.0031020404,8.497272e-06,0.0,0.0,0.0,0.0075967144,0.003856254,-4.837292e-06,-0.0032241384,5.5398215e-07,-0.00437257,0.0075967144,0.0038545735,-5.385988e-06,0.0038579346,-0.0032241384,1.2963467e-06,-4.2885968e-06,-1.8838239e-07,-0.00437257
0.6,12,3.367412,0.75,0.0,0.9917228,-0.002962505,7.748978e-06,0.0,0.0,0.0,0.0072763423,0.0036403593,-4.5391275e-06,-0.003103004,5.1347337e-07,-0.0041734185,0.0072763423,0.0036387825,-5.0970434e-06,0.0036419362,-0.003103004,1.1303152e-06,-3.9812116e-06,-1.03368514e-07,-0.0041734185
0.6,12,3.4073482,0.75,0.0,0.9919917,-0.0028251146,7.830889e-06,0.0,0.0,0.0,0.006972152,0.0034386157,-4.260379e-06,-0.0029868146,4.7741753e-07,-0.003985327,0.006972152,0.0034371626,-4.8246634e-06,0.0034400688,-0.0029868146,9.846085e-07,-3.6960937e-06,-2.9773437e-08,-0.003985327
0.6,12,3.4472837,0.75,0.0,0.9922494,-0.0027035004,5.975676e-06,0.0,0.0,0.0,0.006683038,0.003249979,-3.9996703e-06,-0.0028754587,4.4521457e-07,-0.00380759,0.006683038,0.0032485968,-4.567859e-06,0.0032513614,-0.0028754587,8.566461e-07,-3.4314812e-06,3.3782985e-08,-0.00380759
0.6,12,3.4872208,0.75,0.0,0.99249727,-0.0025839545,5.594193e-06,0.0,0.0,0.0,0.006408198,0.0030735,-3.7559912e-06,-0.0027687482,4.1629661e-07,-0.003639541,0.006408198,0.0030721822,-4.326063e-06,0.003074818,-0.0027687482,7.441563e-07,-3.1859197e-06,8.843692e-08,-0.003639541
0.6,12,3.5271568,0.75,0.0,0.99272853,-0.0024649536,-2.7477786e-06,0.0,0.0,0.0,0.006146913,0.002908252,-3.5283679e-06,-0.0026664592,3.9028532e-07,-0.0034805592,0.006146913,0.0029070275,-4.098399e-06,0.0029094764,-0.0026664592,6.452799e-07,-2.9583366e-06,1.3529075e-07,-0.0034805592
0.6,12,3.567092,0.75,0.0,0.992955,-0.0023606974,-9.099752e-07,0.0,0.0,0.0,0.005898458,0.0027534289,-3.315531e-06,-0.0025684193,3.6680007e-07,-0.003330047,0.005898458,0.002752262,-3.8840703e-06,0.0027545958,-0.0025684193,5.5830714e-07,-2.746992e-06,1.7529297e-07,-0.003330047
0.6,12,3.607029,0.75,0.0,0.99317366,-0.0022660985,-4.6892064e-06,0.0,0.0,0.0,0.00566191,0.002608262,-3.116616e-06,-0.0024744612,3.4549726e-07,-0.0031875595,0.00566191,0.0026071386,-3.6823135e-06,0.0026093854,-0.0024744612,4.81836e-07,-2.5509187e-06,2.0915849e-07,-0.0031875595
0.6,12,3.646965,0.75,0.0,0.9933785,-0.0021637287,3.1638808e-06,0.0,0.0,0.0,0.0054368847,0.002472092,-2.9305652e-06,-0.0023844123,3.2614602e-07,-0.0030524754,0.0054368847,0.0024710128,-3.4924244e-06,0.002473171,-0.0023844123,4.1457903e-07,-2.3687057e-06,2.37713e-07,-0.0030524754
0.6,12,3.686901,0.75,0.0,0.993581,-0.0020726658,3.0092347e-06,0.0,0.0,0.0,0.0052224626,0.002344265,-2.7566657e-06,-0.0022981013,3.0843606e-07,-0.0029243769,0.0052224626,0.0023432402,-3.3136082e-06,0.0023452903,-0.0022981013,3.5530087e-07,-2.1997234e-06,2.6157124e-07,-0.0029243769
0.6,12,3.7268372,0.75,0.0,0.9937743,-0.0019917663,5.946896e-06,0.0,0.0,0.0,0.0050182547,0.0022242796,-2.5939107e-06,-0.0022154215,2.9224503e-07,-0.0028028828,0.0050182547,0.0022232945,-3.1452787e-06,0.0022252647,-0.0022154215,3.0318648e-07,-2.0425427e-06,2.813036e-07,-0.0028028828
0.6,12,3.7667732,0.75,0.0,0.9939612,-0.0019096475,5.769358e-06,0.0,0.0,0.0,0.0048236577,0.0021114782,-2.4417727e-06,-0.0021361313,2.773283e-07,-0.0026875774,0.0048236577,0.002110528,-2.9867297e-06,0.0021124287,-0.0021361313,2.5730995e-07,-1.8968157e-06,2.9734662e-07,-0.0026875774
0.6,12,3.8067093,0.75,0.0,0.9941413,-0.0018316504,4.9472446e-06,0.0,0.0,0.0,0.0046380204,0.0020054108,-2.2992851e-06,-0.0020601244,2.6363097e-07,-0.0025780445,0.0046380204,0.0020044926,-2.8374106e-06,0.0020063291,-0.0020601244,2.1695823e-07,-1.7611595e-06,3.1030368e-07,-0.0025780445
0.6,12,3.8466454,0.75,0.0,0.99431413,-0.0017571959,4.8523457e-06,0.0,0.0,0.0,0.004461223,0.001905597,-2.1659705e-06,-0.0019872035,2.509178e-07,-0.0024740372,0.004461223,0.0019047431,-2.6966866e-06,0.0019064511,-0.0019872035,1.8140646e-07,-1.6352544e-06,3.2042914e-07,-0.0024740372
0.6,12,3.8865814,0.75,0.0,0.9944808,-0.0016877836,5.5501014e-06,0.0,0.0,0.0,0.004292437,0.0018116325,-2.0409436e-06,-0.00191732,2.3912602e-07,-0.002375147,0.004292437,0.001810833,-2.5640218e-06,0.0018124321,-0.00191732,1.5012597e-07,-1.5178654e-06,3.2812608e-07,-0.002375147
0.6,12,3.9265175,0.75,0.0,0.9946392,-0.0016169809,1.4406617e-06,0.0,0.0,0.0,0.0041313507,0.0017231094,-1.9239142e-06,-0.0018502946,2.2818435e-07,-0.002281096,0.0041313507,0.0017223295,-2.4389415e-06,0.0017238893,-0.0018502946,1.22676e-07,-1.4088866e-06,3.336927e-07,-0.002281096
0.6,12,3.9664536,0.75,0.0,0.9947931,-0.0015533117,1.4297116e-06,0.0,0.0,0.0,0.003977649,0.0016396919,-1.8141545e-06,-0.0017860399,2.1797803e-07,-0.0021916188,0.003977649,0.0016389383,-2.3209516e-06,0.0016404453,-0.0017860399,9.852711e-08,-1.3073575e-06,3.3742893e-07,-0.0021916188
0.6,12,4.0063896,0.75,0.0,0.9949417,-0.0014962376,-3.328678e-06,0.0,0.0,0.0,0.0038307493,0.0015610348,-1.7112509e-06,-0.0017243555,2.0840963e-07,-0.0021064407,0.0038307493,0.0015603064,-2.2096094e-06,0.0015617632,-0.0017243555,7.7298985e-08,-1.2128925e-06,3.3952028e-07,-0.0021064407
0.6,12,4.0463257,0.75,0.0,0.99508333,-0.0014351587,5.8741387e-07,0.0,0.0,0.0,0.0036905033,0.0014868337,-1.6148e-06,-0.0016651816,1.9948563e-07,-0.0020253728,0.0036905033,0.0014861677,-2.1044802e-06,0.0014874998,-0.0016651816,5.870624e-08,-1.1251198e-06,3.4026502e-07,-0.0020253728
0.6,12,4.0862617,0.75,0.0,0.995221,-0.001383923,5.5241658e-06,0.0,0.0,0.0,0.0035564129,0.0014167712,-1.5241951e-06,-0.0016083855,1.9104796e-07,-0.0019481264,0.0035564129,0.0014161147,-2.0051718e-06,0.0014174278,-0.0016083855,4.2395918e-08,-1.0432185e-06,3.397e-07,-0.0019481264
0.6,12,4.126198,0.75,0.0,0.9953539,-0.0013315659,5.3192734e-06,0.0,0.0,0.0,0.003428291,0.0013506266,-1.4391194e-06,-0.0015538881,1.8316048e-07,-0.001874438,0.003428291,0.0013499683,-1.9113345e-06,0.0013512849,-0.0015538881,2.8138366e-08,-9.669042e-07,3.381826e-07,-0.001874438
0.6,12,4.166134,0.75,0.0,0.9954994,-0.0012979573,2.4642632e-05,0.0,0.0,0.0,0.0033057567,0.0012881125,-1.3592485e-06,-0.0015015593,1.7572067e-07,-0.0018042078,0.0033057567,0.0012874914,-1.8226472e-06,0.0012887334,-0.0015015593,1.567763e-08,-8.9584967e-07,3.357637e-07,-0.0018042078
0.6,12,4.206071,0.75,0.0,0.99564224,-0.0012414908,2.7791079e-05,0.0,0.0,0.0,0.0031885407,0.0012290112,-1.2841473e-06,-0.0014513183,1.6867463e-07,-0.0017372089,0.0031885407,0.0012283878,-1.7387865e-06,0.0012296345,-0.0014513183,4.8115663e-09,-8.29508e-07,3.325377e-07,-0.0017372089
0.6,12,4.246006,0.75,0.0,0.9957598,-0.0011960054,2.6782089e-05,0.0,0.0,0.0,0.0030762644,0.0011731312,-1.2135588e-06,-0.0014030649,1.6203671e-07,-0.0016733066,0.0030762644,0.0011725128,-1.6594163e-06,0.0011737494,-0.0014030649,-4.647523e-09,-7.6770135e-07,3.2872094e-07,-0.0016733066
0.6,12,4.285942,0.75,0.0,0.99587584,-0.0011277925,4.4643743e-06,0.0,0.0,0.0,0.0029689607,0.0011202323,-1.1471709e-06,-0.0013567086,1.5572799e-07,-0.0016122522,0.0029689607,0.001119653,-1.5842767e-06,0.0011208116,-0.0013567086,-1.2852126e-08,-7.1006525e-07,3.243081e-07,-0.0016122522
0.6,12,4.325879,0.75,0.0,0.99598503,-0.001087171,4.246222e-06,0.0,0.0,0.0,0.002866108,0.0010701553,-1.0847331e-06,-0.0013121957,1.4977174e-07,-0.0015539393,0.002866108,0.0010695887,-1.5131399e-06,0.001070722,-0.0013121957,-1.9939968e-08,-6.5632634e-07,3.1948343e-07,-0.0015539393
0.6,12,4.365814,0.75,0.0,0.99609065,-0.0010482381,4.0448963e-06,0.0,0.0,0.0,0.0027676125,0.001022703,-1.0259779e-06,-0.0012694127,1.441009e-07,-0.0014982386,0.0027676125,0.0010221843,-1.4457468e-06,0.0010232218,-0.0012694127,-2.6077334e-08,-6.06209e-07,3.1427913e-07,-0.0014982386
0.6,12,4.4057503,0.75,0.0,0.99619246,-0.0010110997,3.872805e-06,0.0,0.0,0.0,0.0026732357,0.0009777539,-9.705808e-07,-0.0012282752,1.3871158e-07,-0.0014450018,0.0026732357,0.0009772369,-1.3818371e-06,0.0009782708,-0.0012282752,-3.130881e-08,-5.593245e-07,3.0873198e-07,-0.0014450018
0.6,12,4.4456873,0.75,0.0,0.996291,-0.000975632,3.800686e-06,0.0,0.0,0.0,0.0025827773,0.0009351322,-9.184612e-07,-0.001188741,1.3360335e-07,-0.0013940723,0.0025827773,0.0009346202,-1.3212563e-06,0.0009356442,-0.001188741,-3.579547e-08,-5.1566616e-07,3.0300217e-07,-0.0013940723
0.6,12,4.4856234,0.75,0.0,0.996386,-0.00094167143,3.8258627e-06,0.0,0.0,0.0,0.0024960395,0.0008947096,-8.692814e-07,-0.001150714,1.2873099e-07,-0.0013453664,0.0024960395,0.000894219,-1.2637732e-06,0.00089520024,-0.001150714,-3.958077e-08,-4.7478954e-07,2.9704273e-07,-0.0013453664
0.6,12,4.5255585,0.75,0.0,0.99647796,-0.00090926787,3.5467792e-06,0.0,0.0,0.0,0.0024128526,0.00085634727,-8.2290967e-07,-0.0011141615,1.2407881e-07,-0.0012987482,0.0024128526,0.0008558626,-1.209239e-06,0.00085683184,-0.0011141615,-4.2767418e-08,-4.3658034e-07,2.9092504e-07,-0.0012987482
0.6,12,4.5654955,0.75,0.0,0.9965667,-0.00087798777,3.3393862e-06,0.0,0.0,0.0,0.002333088,0.0008199308,-7.792068e-07,-0.0010789972,1.1964903e-07,-0.0012541119,0.002333088,0.00081947044,-1.157422e-06,0.0008203911,-0.0010789972,-4.5441865e-08,-4.0099155e-07,2.8473994e-07,-0.0012541119
0.6,12,4.6054316,0.75,0.0,0.9966526,-0.0008483025,3.095734e-06,0.0,0.0,0.0,0.0022564873,0.0007853637,-7.3790386e-07,-0.0010451339,1.1541139e-07,-0.0012113696,0.0022564873,0.00078493124,-1.1082138e-06,0.00078579615,-0.0010451339,-4.7648495e-08,-3.6759388e-07,2.7847128e-07,-0.0012113696
0.6,12,4.6453667,0.75,0.0,0.9967357,-0.00081974216,2.9614635e-06,0.0,0.0,0.0,0.0021829787,0.00075249485,-6.9897203e-07,-0.0010125823,1.1137068e-07,-0.0011704213,0.0021829787,0.0007520606,-1.0614411e-06,0.0007529291,-0.0010125823,-4.9399837e-08,-3.3650295e-07,2.721412e-07,-0.0011704213
0.6,12,4.6853037,0.75,0.0,0.9968161,-0.00079234166,2.735602e-06,0.0,0.0,0.0,0.0021124505,0.00072126696,-6.622022e-07,-0.0009812274,1.0750994e-07,-0.0011311847,0.0021124505,0.00072085223,-1.0169924e-06,0.0007216817,-0.0009812274,-5.081738e-08,-3.0741197e-07,2.6583726e-07,-0.0011311847
0.6,12,4.7252398,0.75,0.0,0.9968938,-0.0007660931,2.616509e-06,0.0,0.0,0.0,0.0020446386,0.000691569,-6.27399e-07,-0.00095107284,1.03814834e-07,-0.0010935769,0.0020446386,0.0006911635,-9.746891e-07,0.0006919745,-0.00095107284,-5.190331e-08,-2.801089e-07,2.5953298e-07,-0.0010935769
0.6,12,4.765176,0.75,0.0,0.99696916,-0.00074075547,2.694728e-06,0.0,0.0,0.0,0.0019794777,0.00066332,-5.9456727e-07,-0.00092200394,1.0027911e-07,-0.0010575182,0.0019794777,0.0006629348,-9.344649e-07,0.0006637052,-0.00092200394,-5.272017e-08,-2.546697e-07,2.532784e-07,-0.0010575182
0.6,12,4.805112,0.75,0.0,0.99704045,-0.00071577023,9.62544e-07,0.0,0.0,0.0,0.0019168861,0.0006364418,-5.6355515e-07,-0.00089399825,9.687911e-08,-0.0010229159,0.0019168861,0.0006360648,-8.961563e-07,0.0006368188,-0.00089399825,-5.3263175e-08,-2.3095404e-07,2.470214e-07,-0.0010229159
0.6,12,4.845048,0.75,0.0,0.99711066,-0.00069417735,-3.2587053e-07,0.0,0.0,0.0,0.001856706,0.0006108479,-5.342009e-07,-0.0008670334,9.363366e-08,-0.0009896934,0.001856706,0.0006104756,-8.5967247e-07,0.0006112202,-0.0008670334,-5.359984e-08,-2.0872936e-07,2.4086717e-07,-0.0009896934
0.6,12,4.884984,0.75,0.0,0.9971776,-0.00067086914,1.1679642e-06,0.0,0.0,0.0,0.0017988416,0.0005864743,-5.06417e-07,-0.0008410535,9.053845e-08,-0.00095779623,0.0017988416,0.0005861176,-8.24978e-07,0.000586831,-0.0008410535,-5.372451e-08,-1.8785599e-07,2.348014e-07,-0.00095779623
0.6,12,4.92492,0.75,0.0,0.9972435,-0.00065120694,2.1467058e-06,0.0,0.0,0.0,0.0017431737,0.00056324643,-4.801082e-07,-0.00081599684,8.754136e-08,-0.00092718774,0.0017431737,0.0005628982,-7.9183735e-07,0.0005635947,-0.00081599684,-5.370846e-08,-1.683791e-07,2.2879118e-07,-0.00092718774
0.6,12,4.964856,0.75,0.0,0.99730796,-0.0006307379,2.014457e-06,0.0,0.0,0.0,0.0016896199,0.00054111035,-4.5519542e-07,-0.00079185824,8.468592e-08,-0.0008977928,0.0016896199,0.00054077216,-7.6027806e-07,0.00054144853,-0.00079185824,-5.3532197e-08,-1.5011278e-07,2.2290403e-07,-0.0008977928
0.6,12,5.004792,0.75,0.0,0.9973705,-0.00061090646,1.9182955e-06,0.0,0.0,0.0,0.0016380531,0.00052001385,-4.3166742e-07,-0.00076856744,8.1939305e-08,-0.00086952583,0.0016380531,0.000519692,-7.3017475e-07,0.00052033574,-0.00076856744,-5.323071e-08,-1.331601e-07,2.1710932e-07,-0.00086952583
0.6,12,5.0447283,0.75,0.0,0.9974311,-0.0005918663,1.8362631e-06,0.0,0.0,0.0,0.0015884598,0.0004998734,-4.093282e-07,-0.0007461029,7.929609e-08,-0.00084237504,0.0015884598,0.00049953745,-7.014736e-07,0.00050020945,-0.0007461029,-5.2822543e-08,-1.1718283e-07,2.1141473e-07,-0.00084237504
0.6,12,5.0846643,0.75,0.0,0.9974898,-0.0005735484,1.7268693e-06,0.0,0.0,0.0,0.0015407174,0.00048068273,-3.8816927e-07,-0.0007244509,7.6771016e-08,-0.00081627,0.0015407174,0.0004803704,-6.740482e-07,0.00048099508,-0.0007244509,-5.230479e-08,-1.02290336e-07,2.0584682e-07,-0.00081627
0.6,12,5.1246004,0.75,0.0,0.9975468,-0.0005559459,1.6540587e-06,0.0,0.0,0.0,0.0014946818,0.00046234697,-3.6808268e-07,-0.0007035402,7.4332476e-08,-0.0007911522,0.0014946818,0.0004620314,-6.4785735e-07,0.00046266255,-0.0007035402,-5.1723116e-08,-8.830799e-08,2.0038807e-07,-0.0007911522
0.6,12,5.1645374,0.75,0.0,0.9976021,-0.00053901353,1.6294057e-06,0.0,0.0,0.0,0.0014503554,0.00044484733,-3.4908382e-07,-0.00068336725,7.198582e-08,-0.0007669991,0.0014503554,0.000444544,-6.22887e-07,0.00044515068,-0.00068336725,-5.1078135e-08,-7.5280646e-08,1.9504978e-07,-0.0007669991
0.6,12,5.2044725,0.75,0.0,0.9976563,-0.0005225769,1.5645116e-06,0.0,0.0,0.0,0.001407638,0.00042813114,-3.3100667e-07,-0.0006639212,6.973788e-08,-0.000743747,0.001407638,0.00042783815,-5.989989e-07,0.00042842416,-0.0006639212,-5.035245e-08,-6.301447e-08,1.8982821e-07,-0.000743747
0.6,12,5.2444086,0.75,0.0,0.9977084,-0.00050688966,1.4977359e-06,0.0,0.0,0.0,0.0013664699,0.000412161,-3.1390096e-07,-0.00064511475,6.757653e-08,-0.00072137156,0.0013664699,0.000411882,-5.761687e-07,0.00041244,-0.00064511475,-4.9589307e-08,-5.163322e-08,1.8474236e-07,-0.00072137156
0.6,12,5.2843456,0.75,0.0,0.9977595,-0.0004918754,1.3420076e-06,0.0,0.0,0.0,0.0013267908,0.00039689435,-2.9767446e-07,-0.00062696694,6.549014e-08,-0.00069983053,0.0013267908,0.00039662074,-5.543556e-07,0.00039716798,-0.00062696694,-4.8787335e-08,-4.099332e-08,1.7976762e-07,-0.00069983053
0.6,12,5.3242807,0.75,0.0,0.9978091,-0.00047718486,1.245061e-06,0.0,0.0,0.0,0.0012884932,0.00038230087,-2.822319e-07,-0.000609439,6.348468e-08,-0.0006790722,0.0012884932,0.00038203996,-5.3348737e-07,0.00038256182,-0.000609439,-4.7948376e-08,-3.0976416e-08,1.7491773e-07,-0.0006790722
0.6,12,5.364217,0.75,0.0,0.9978574,-0.0004632658,1.2408208e-06,0.0,0.0,0.0,0.0012516121,0.00036834506,-2.6757948e-07,-0.00059251254,6.156668e-08,-0.0006590895,0.0012516121,0.0003680869,-5.135128e-07,0.0003686032,-0.00059251254,-4.7077073e-08,-2.1646137e-08,1.7021044e-07,-0.0006590895
0.6,12,5.404154,0.75,0.0,0.99790365,-0.0004497631,1.18657e-06,0.0,0.0,0.0,0.001215989,0.00035499292,-2.5365978e-07,-0.0005761399,5.9702714e-08,-0.0006398285,0.001215989,0.00035474237,-4.9442156e-07,0.00035524345,-0.0005761399,-4.619248e-08,-1.2897972e-08,1.6559791e-07,-0.0006398285
0.6,12,5.44409,0.75,0.0,0.9979486,-0.00043673956,1.1306358e-06,0.0,0.0,0.0,0.0011815991,0.00034221174,-2.404363e-07,-0.0005603265,5.7914356e-08,-0.0006212692,0.0011815991,0.0003419622,-4.7612164e-07,0.00034246125,-0.0005603265,-4.5291117e-08,-4.75096e-09,1.6111983e-07,-0.0006212692
0.6,12,5.484025,0.75,0.0,0.99799234,-0.00042418804,1.0790327e-06,0.0,0.0,0.0,0.0011484021,0.00032998173,-2.2788895e-07,-0.00054505456,5.61838e-08,-0.00060337136,0.0011484021,0.00032973642,-4.5862012e-07,0.00033022702,-0.00054505456,-4.4381224e-08,2.84222e-09,1.5674883e-07,-0.00060337136
0.6,12,5.523962,0.75,0.0,0.99803483,-0.0004120867,1.0196095e-06,0.0,0.0,0.0,0.0011163593,0.00031827058,-2.1594859e-07,-0.0005302738,5.4529192e-08,-0.00058611634,0.0011163593,0.0003180378,-4.4183747e-07,0.00031850336,-0.0005302738,-4.3462727e-08,9.9403e-09,1.5252111e-07,-0.00058611634
0.6,12,5.563898,0.75,0.0,0.9980762,-0.00040041216,9.726919e-07,0.0,0.0,0.0,0.0010854318,0.00030704704,-2.0457196e-07,-0.00051599584,5.2929224e-08,-0.00056945847,0.0010854318,0.00030681957,-4.2578037e-07,0.0003072745,-0.00051599584,-4.2543537e-08,1.6636458e-08,1.4840198e-07,-0.00056945847
0.6,12,5.603834,0.75,0.0,0.9981163,-0.00038914627,9.283223e-07,0.0,0.0,0.0,0.0010555411,0.0002962966,-1.9376904e-07,-0.00050216506,5.138417e-08,-0.0005533982,0.0010555411,0.00029606794,-4.1036122e-07,0.00029652525,-0.00050216506,-4.161379e-08,2.282313e-08,1.4438213e-07,-0.0005533982
0.6,12,5.64377,0.75,0.0,0.9981555,-0.00037827014,8.8684925e-07,0.0,0.0,0.0,0.0010266916,0.00028599286,-1.8349972e-07,-0.00048880064,4.9896023e-08,-0.00053788605,0.0010266916,0.0002857773,-3.9559615e-07,0.00028620844,-0.00048880064,-4.069622e-08,2.8596704e-08,1.4048827e-07,-0.00053788605
0.6,12,5.6837063,0.75,0.0,0.9981935,-0.00036774378,7.260235e-07,0.0,0.0,0.0,0.0009987812,0.00027611357,-1.7371312e-07,-0.00047588343,4.8462475e-08,-0.00052292534,0.0009987812,0.00027590606,-3.8142187e-07,0.00027632105,-0.00047588343,-3.9777763e-08,3.399563e-08,1.3670271e-07,-0.00052292534
0.6,12,5.7236423,0.75,0.0,0.99823046,-0.00035765357,5.7229295e-07,0.0,0.0,0.0,0.0009718053,0.0002666408,-1.6438725e-07,-0.00046336759,4.7077833e-08,-0.00050847087,0.0009718053,0.00026643125,-3.678316e-07,0.00026685031,-0.00046336759,-3.887104e-08,3.9057102e-08,1.330267e-07,-0.00050847087
0.6,12,5.7635784,0.75,0.0,0.99826646,-0.00034782643,6.450009e-07,0.0,0.0,0.0,0.0009457507,0.0002575579,-1.555349e-07,-0.0004512564,4.5737877e-08,-0.00049451255,0.0009457507,0.00025735857,-3.5479457e-07,0.00025775726,-0.0004512564,-3.7970818e-08,4.372476e-08,1.2944658e-07,-0.00049451255
0.6,12,5.8035145,0.75,0.0,0.9983015,-0.00033836244,6.002949e-07,0.0,0.0,0.0,0.0009205275,0.00024884252,-1.4711026e-07,-0.00043952808,4.4447088e-08,-0.00048100445,0.0009205275,0.0002486509,-3.4229262e-07,0.0002490341,-0.00043952808,-3.707762e-08,4.807212e-08,1.259718e-07,-0.00048100445
0.6,12,5.8434505,0.75,0.0,0.9983356,-0.00032926947,6.7218207e-07,0.0,0.0,0.0,0.0008961398,0.00024046851,-1.3907159e-07,-0.00042817707,4.3203485e-08,-0.00046797888,0.0008961398,0.00024027619,-3.3028442e-07,0.00024066083,-0.00042817707,-3.6193512e-08,5.214125e-08,1.2260048e-07,-0.00046797888
0.6,12,5.8833866,0.75,0.0,0.99836886,-0.00032043853,6.4151214e-07,0.0,0.0,0.0,0.00087255647,0.00023243218,-1.3141683e-07,-0.00041717797,4.1996103e-08,-0.00045538647,0.00087255647,0.0002322413,-3.1874748e-07,0.00023262305,-0.00041717797,-3.5331272e-08,5.5913826e-08,1.1932347e-07,-0.00045538647
0.6,12,5.9233227,0.75,0.0,0.9984012,-0.00031189146,6.0914317e-07,0.0,0.0,0.0,0.00084974064,0.0002247181,-1.2414358e-07,-0.0004065306,4.083534e-08,-0.00044321246,0.00084974064,0.00022453295,-3.0767677e-07,0.00022490323,-0.0004065306,-3.4476603e-08,5.938962e-08,1.16147284e-07,-0.00044321246
0.6,12,5.9632587,0.75,0.0,0.99843264,-0.00030363357,5.797873e-07,0.0,0.0,0.0,0.0008276458,0.00021730937,-1.171767e-07,-0.0003962112,3.9709406e-08,-0.00043144592,0.0008276458,0.00021713028,-2.970268e-07,0.00021748846,-0.0003962112,-3.363701e-08,6.26734e-08,1.13055826e-07,-0.00043144592
0.6,12,6.003195,0.75,0.0,0.99846333,-0.0002956424,5.5116016e-07,0.0,0.0,0.0,0.0008062539,0.00021018856,-1.105379e-07,-0.0003862092,3.862726e-08,-0.00042005663,0.0008062539,0.00021001179,-2.8678255e-07,0.00021036535,-0.0003862092,-3.2810938e-08,6.570676e-08,1.1006546e-07,-0.00042005663
0.6,12,6.043131,0.75,0.0,0.99849313,-0.00028790874,5.211771e-07,0.0,0.0,0.0,0.0007855638,0.00020334561,-1.04245714e-07,-0.00037652548,3.7575294e-08,-0.0004090445,0.0007855638,0.00020317381,-2.76958e-07,0.0002035174,-0.00037652548,-3.2001566e-08,6.8466555e-08,1.07152154e-07,-0.0004090445
0.6,12,6.083067,0.75,0.0,0.9985223,-0.00028042984,4.9434544e-07,0.0,0.0,0.0,0.00076552166,0.00019676951,-9.8228554e-08,-0.00036712506,3.6560287e-08,-0.00039839142,0.00076552166,0.0001966025,-2.6751212e-07,0.00019693653,-0.00036712506,-3.1207804e-08,7.105502e-08,1.0432838e-07,-0.00039839142
0.6,12,6.123004,0.75,0.0,0.99855065,-0.0002731958,4.672812e-07,0.0,0.0,0.0,0.0007460997,0.00019044321,-9.2491504e-08,-0.00035802257,3.558337e-08,-0.00038808424,0.0007460997,0.00019027712,-2.5841308e-07,0.00019060931,-0.00035802257,-3.0428094e-08,7.3430066e-08,1.01594836e-07,-0.00038808424
0.6,12,6.162939,0.75,0.0,0.99857825,-0.00026614865,3.6149285e-07,0.0,0.0,0.0,0.0007272852,0.00018435818,-8.702316e-08,-0.00034919524,3.463444e-08,-0.00037810366,0.0007272852,0.00018419752,-2.4966315e-07,0.00018451887,-0.00034919524,-2.966376e-08,7.5616825e-08,9.893264e-08,-0.00037810366
0.6,12,6.202875,0.75,0.0,0.99860525,-0.00025936915,3.397611e-07,0.0,0.0,0.0,0.0007090741,0.0001785063,-8.18178e-08,-0.00034063018,3.37146e-08,-0.000368439,0.0007090741,0.00017834871,-2.412564e-07,0.00017866389,-0.00034063018,-2.8916961e-08,7.762079e-08,9.634616e-08,-0.000368439
0.6,12,6.242812,0.75,0.0,0.9986315,-0.0002527938,3.2505733e-07,0.0,0.0,0.0,0.00069140847,0.0001728748,-7.68254e-08,-0.00033232503,3.2826616e-08,-0.00035908044,0.00069140847,0.00017272045,-2.331535e-07,0.00017302917,-0.00033232503,-2.8192353e-08,7.95027e-08,9.3845586e-08,-0.00035908044
0.6,12,6.2827473,0.75,0.0,0.9986571,-0.00024639914,3.71598e-07,0.0,0.0,0.0,0.0006742978,0.0001674555,-7.2097365e-08,-0.0003242686,3.1969524e-08,-0.00035001934,0.0006742978,0.00016730498,-2.2536018e-07,0.00016760599,-0.0003242686,-2.7475265e-08,8.116545e-08,9.1414314e-08,-0.00035001934
0.6,12,6.3226833,0.75,0.0,0.9986821,-0.00024015736,9.944924e-08,0.0,0.0,0.0,0.0006576924,0.0001622366,-6.756042e-08,-0.000316454,3.1137485e-08,-0.0003412392,0.0006576924,0.00016208904,-2.1786398e-07,0.00016238417,-0.000316454,-2.6780663e-08,8.274315e-08,8.905563e-08,-0.0003412392
0.6,12,6.3626204,0.75,0.0,0.99870646,-0.00023426952,-1.4039612e-07,0.0,0.0,0.0,0.00064159144,0.00015721266,-6.3248144e-08,-0.00030886984,3.0330668e-08,-0.0003327322,0.00064159144,0.00015706843,-2.1063872e-07,0.0001573569,-0.00030886984,-2.6102157e-08,8.414243e-08,8.676349e-08,-0.0003327322
0.6,12,6.4025564,0.75,0.0,0.9987313,-0.00022818835,-1.7778295e-07,0.0,0.0,0.0,0.0006259853,0.00015237421,-5.911954e-08,-0.00030150922,2.9554617e-08,-0.00032448999,0.0006259853,0.00015223667,-2.0367284e-07,0.00015251176,-0.00030150922,-2.5430625e-08,8.543376e-08,8.4539856e-08,-0.00032448999
0.6,12,6.4424915,0.75,0.0,0.9987545,-0.00022253991,2.8213094e-09,0.0,0.0,0.0,0.0006108503,0.00014771236,-5.518455e-08,-0.0002943659,2.8796695e-08,-0.00031650145,0.0006108503,0.00014757308,-1.96968e-07,0.00014785165,-0.0002943659,-2.4786553e-08,8.65989e-08,8.237994e-08,-0.00031650145
0.6,12,6.4824276,0.75,0.0,0.99877715,-0.00021720129,2.1674903e-07,0.0,0.0,0.0,0.0005961702,0.00014321884,-5.1436075e-08,-0.000287423,2.8063955e-08,-0.00030875485,0.0005961702,0.00014308814,-1.9050954e-07,0.00014334955,-0.000287423,-2.415635e-08,8.763739e-08,8.028426e-08,-0.00030875485
0.6,12,6.5223646,0.75,0.0,0.9988003,-0.00021165716,2.0545937e-07,0.0,0.0,0.0,0.00058192125,0.00013888982,-4.7850556e-08,-0.00028068313,2.73551e-08,-0.00030124403,0.00058192125,0.00013875855,-1.8428344e-07,0.00013902111,-0.00028068313,-2.3535454e-08,8.8582325e-08,7.8245655e-08,-0.00030124403
0.6,12,6.5622997,0.75,0.0,0.9988218,-0.00020658865,2.497913e-07,0.0,0.0,0.0,0.0005680974,0.00013471687,-4.44251e-08,-0.00027414388,2.6670333e-08,-0.0002939632,0.0005680974,0.00013459034,-1.7827512e-07,0.0001348434,-0.00027414388,-2.29354e-08,8.9424915e-08,7.6276066e-08,-0.0002939632
0.6,12,6.602236,0.75,0.0,0.9988428,-0.0002016371,2.3166928e-07,0.0,0.0,0.0,0.0005546688,0.00013069205,-4.1160735e-08,-0.00026778667,2.6006566e-08,-0.00028689663,0.0005546688,0.00013056846,-1.724908e-07,0.00013081564,-0.00026778667,-2.234658e-08,9.016933e-08,7.435971e-08,-0.00028689663
0.6,12,6.642173,0.75,0.0,0.9988634,-0.00019683599,2.1596313e-07,0.0,0.0,0.0,0.0005416409,0.00012680865,-3.8034862e-08,-0.00026160607,2.536038e-08,-0.00028004168,0.0005416409,0.00012668755,-1.6691001e-07,0.00012692975,-0.00026160607,-2.1776767e-08,9.084029e-08,7.249753e-08,-0.00028004168
0.6,12,6.682109,0.75,0.0,0.9988834,-0.00019217121,1.9838257e-07,0.0,0.0,0.0,0.0005289954,0.0001230625,-3.507061e-08,-0.0002556059,2.4735378e-08,-0.000273387,0.0005289954,0.00012294241,-1.615271e-07,0.0001231826,-0.0002556059,-2.122358e-08,9.138588e-08,7.0694334e-08,-0.000273387
0.6,12,6.722044,0.75,0.0,0.99890304,-0.00018764481,1.8476896e-07,0.0,0.0,0.0,0.0005167002,0.000119449935,-3.221574e-08,-0.00024977708,2.4129477e-08,-0.0002669307,0.0005167002,0.00011933056,-1.5633253e-07,0.00011956931,-0.00024977708,-2.0681666e-08,9.190105e-08,6.894062e-08,-0.0002669307
0.6,12,6.761981,0.75,0.0,0.9989222,-0.00018324945,1.7077465e-07,0.0,0.0,0.0,0.0005047639,0.000115962364,-2.9506133e-08,-0.00024410077,2.3541535e-08,-0.00026065955,0.0005047639,0.000115847135,-1.5132929e-07,0.00011607759,-0.00024410077,-2.01545e-08,9.231702e-08,6.723757e-08,-0.00026065955
0.6,12,6.801917,0.75,0.0,0.9989409,-0.0001789889,1.5503721e-07,0.0,0.0,0.0,0.0004931634,0.00011259755,-2.6907301e-08,-0.00023860477,2.2970998e-08,-0.00025457537,0.0004931634,0.00011248084,-1.4649153e-07,0.00011271425,-0.00023860477,-1.9640092e-08,9.267693e-08,6.5582086e-08,-0.00025457537
0.6,12,6.841853,0.75,0.0,0.9989592,-0.00017484157,1.3995759e-07,0.0,0.0,0.0,0.0004819032,0.00010934773,-2.4430157e-08,-0.00023324479,2.2417915e-08,-0.00024867093,0.0004819032,0.0001092369,-1.4182261e-07,0.00010945857,-0.00023324479,-1.9138023e-08,9.2962296e-08,6.397385e-08,-0.00024867093
0.6,12,6.881789,0.75,0.0,0.99897707,-0.00017082207,1.2932242e-07,0.0,0.0,0.0,0.0004709484,0.000106209496,-2.206339e-08,-0.0002280355,2.188117e-08,-0.0002429279,0.0004709484,0.00010609956,-1.3731398e-07,0.00010631943,-0.0002280355,-1.8654157e-08,9.31872e-08,6.24165e-08,-0.0002429279
0.6,12,6.9217253,0.75,0.0,0.9989946,-0.0001668837,9.206292e-08,0.0,0.0,0.0,0.00046031162,0.00010318002,-1.9807086e-08,-0.00022297168,2.1359718e-08,-0.00023734258,0.00046031162,0.00010307383,-1.3295839e-07,0.000103286206,-0.00022297168,-1.8176287e-08,9.334422e-08,6.089572e-08,-0.00023734258
0.6,12,6.9616613,0.75,0.0,0.99901164,-0.0001630872,8.06037e-08,0.0,0.0,0.0,0.00044996274,0.000100251724,-1.7645526e-08,-0.00021804543,2.0851388e-08,-0.00023192664,0.00044996274,0.00010014744,-1.287631e-07,0.00010035601,-0.00021804543,-1.7719513e-08,9.347205e-08,5.9422288e-08,-0.00023192664
0.6,12,7.0015974,0.75,0.0,0.9990284,-0.00015936833,1.0348018e-07,0.0,0.0,0.0,0.00043990946,9.742361e-05,-1.5580977e-08,-0.00021325111,2.0363716e-08,-0.0002266633,0.00043990946,9.73205e-05,-1.2470537e-07,9.752672e-05,-0.00021325111,-1.726782e-08,9.354341e-08,5.799525e-08,-0.0002266633
0.6,12,7.0415335,0.75,0.0,0.99904466,-0.00015578483,9.0829985e-08,0.0,0.0,0.0,0.00043013634,9.469052e-05,-1.36173774e-08,-0.00020858737,1.9887713e-08,-0.00022154943,0.00043013634,9.458936e-05,-1.2078289e-07,9.4791685e-05,-0.00020858737,-1.683128e-08,9.354813e-08,5.6606705e-08,-0.00022154943
0.6,12,7.0814695,0.75,0.0,0.99906063,-0.00015232175,8.736956e-08,0.0,0.0,0.0,0.00042062093,9.204744e-05,-1.17376935e-08,-0.0002040473,1.9425448e-08,-0.0002165761,0.00042062093,9.194847e-05,-1.1699661e-07,9.2146416e-05,-0.0002040473,-1.6405192e-08,9.352122e-08,5.5256088e-08,-0.0002165761
0.6,12,7.1214056,0.75,0.0,0.99907625,-0.00014891154,9.283581e-08,0.0,0.0,0.0,0.00041137286,8.949381e-05,-9.945442e-09,-0.00019962917,1.897525e-08,-0.00021174461,0.00041137286,8.939664e-05,-1.1333585e-07,8.959098e-05,-0.00019962917,-1.5992109e-08,9.344497e-08,5.394261e-08,-0.00021174461
0.6,12,7.1613417,0.75,0.0,0.9990915,-0.00014561856,8.0709945e-08,0.0,0.0,0.0,0.00040237745,8.702358e-05,-8.232384e-09,-0.00019533177,1.8538978e-08,-0.00020704589,0.00040237745,8.692872e-05,-1.0979153e-07,8.711844e-05,-0.00019533177,-1.5589034e-08,9.332676e-08,5.266699e-08,-0.00020704589
0.6,12,7.2012777,0.75,0.0,0.9991064,-0.00014241468,7.022091e-08,0.0,0.0,0.0,0.0003936263,8.463405e-05,-6.5899037e-09,-0.00019114558,1.8116108e-08,-0.00020247622,0.0003936263,8.45399e-05,-1.06373996e-07,8.47282e-05,-0.00019114558,-1.5196418e-08,9.319419e-08,5.1428636e-08,-0.00020247622
0.6,12,7.241214,0.75,0.0,0.999121,-0.00013927619,4.9384788e-08,0.0,0.0,0.0,0.0003850985,8.2324936e-05,-5.0328843e-09,-0.00018707101,1.77037e-08,-0.00019803001,0.0003850985,8.223234e-05,-1.0306633e-07,8.241753e-05,-0.00018707101,-1.4815483e-08,9.300056e-08,5.0222884e-08,-0.00019803001
0.6,12,7.28115,0.75,0.0,0.99913526,-0.00013623628,1.5583751e-08,0.0,0.0,0.0,0.0003768069,8.008935e-05,-3.5404923e-09,-0.00018310608,1.730308e-08,-0.00019370524,0.0003768069,8.000241e-05,-9.986756e-08,8.017627e-05,-0.00018310608,-1.4445279e-08,9.278658e-08,4.9051437e-08,-0.00019370524
0.6,12,7.321086,0.75,0.0,0.99914926,-0.00013330806,-1.6439756e-09,0.0,0.0,0.0,0.00036873313,7.79266e-05,-2.1112498e-09,-0.00017923949,1.691209e-08,-0.00018949651,0.00036873313,7.784054e-05,-9.677287e-08,7.8012665e-05,-0.00017923949,-1.4086014e-08,9.255037e-08,4.791019e-08,-0.00018949651
0.6,12,7.361023,0.75,0.0,0.9991629,-0.00013042455,1.1304195e-08,0.0,0.0,0.0,0.00036088223,7.5833435e-05,-7.616521e-10,-0.00017547637,1.6534916e-08,-0.00018540272,0.00036088223,7.574896e-05,-9.3785424e-08,7.591791e-05,-0.00017547637,-1.37342955e-08,9.226212e-08,4.680413e-08,-0.00018540272
0.6,12,7.400958,0.75,0.0,0.9991763,-0.00012763696,4.1663313e-09,0.0,0.0,0.0,0.00035323118,7.380764e-05,5.431069e-10,-0.00017181004,1.6167013e-08,-0.00018141982,0.00035323118,7.372449e-05,-9.0889124e-08,7.389079e-05,-0.00017181004,-1.3394498e-08,9.197534e-08,4.5728523e-08,-0.00018141982
0.6,12,7.440894,0.75,0.0,0.99918944,-0.00012491422,-5.1665765e-09,0.0,0.0,0.0,0.00034577973,7.184476e-05,1.7884076e-09,-0.00016824059,1.5808277e-08,-0.0001775432,0.00034577973,7.176363e-05,-8.808181e-08,7.19259e-05,-0.00016824059,-1.3063435e-08,9.165863e-08,4.467999e-08,-0.0001775432
0.6,12,7.480831,0.75,0.0,0.99920225,-0.00012226474,-1.250487e-08,0.0,0.0,0.0,0.00033852214,6.994536e-05,2.9671625e-09,-0.00016475914,1.5461186e-08,-0.00017377133,0.00033852214,6.9865186e-05,-8.538147e-08,7.002553e-05,-0.00016475914,-1.2738317e-08,9.13158e-08,4.3660688e-08,-0.00017377133
0.6,12,7.520767,0.75,0.0,0.9992148,-0.00011969097,-1.9595333e-08,0.0,0.0,0.0,0.00033145497,6.810538e-05,4.0776484e-09,-0.00016136756,1.5123504e-08,-0.00017009683,0.00033145497,6.802713e-05,-8.275911e-08,6.8183625e-05,-0.00016136756,-1.2424244e-08,9.0914405e-08,4.2671253e-08,-0.00017009683
0.6,12,7.5607023,0.75,0.0,0.99922717,-0.00011716179,-1.5948038e-07,0.0,0.0,0.0,0.0003245687,6.632223e-05,5.1648996e-09,-0.00015806244,1.479262e-08,-0.00016651631,0.0003245687,6.624544e-05,-8.021913e-08,6.6399014e-05,-0.00015806244,-1.2119637e-08,9.054893e-08,4.1704876e-08,-0.00016651631
0.6,12,7.6006393,0.75,0.0,0.9992392,-0.00011473606,-1.8504716e-07,0.0,0.0,0.0,0.00031786194,6.459624e-05,6.189378e-09,-0.000154839,1.4472926e-08,-0.00016303314,0.00031786194,6.451898e-05,-7.7761534e-08,6.46735e-05,-0.000154839,-1.1821484e-08,9.014029e-08,4.0767336e-08,-0.00016303314
0.6,12,7.6405754,0.75,0.0,0.99925107,-0.00011232983,-3.623728e-08,0.0,0.0,0.0,0.0003113363,6.292212e-05,7.17127e-09,-0.000151704,1.4161147e-08,-0.00015963783,0.0003113363,6.2847306e-05,-7.537983e-08,6.299692e-05,-0.000151704,-1.1534805e-08,8.972237e-08,3.98571e-08,-0.00015963783
0.6,12,7.6805105,0.75,0.0,0.99926263,-0.0001100149,-4.0046146e-08,0.0,0.0,0.0,0.0003049673,6.1300874e-05,8.097132e-09,-0.00014864135,1.38575285e-08,-0.00015633294,0.0003049673,6.122674e-05,-7.307787e-08,6.1375016e-05,-0.00014864135,-1.12514185e-08,8.9272135e-08,3.8966476e-08,-0.00015633294
0.6,12,7.7204475,0.75,0.0,0.99927396,-0.000107756554,-2.7413385e-08,0.0,0.0,0.0,0.00029876374,5.9728474e-05,8.988131e-09,-0.00014565306,1.35612845e-08,-0.00015311097,0.00029876374,5.9655784e-05,-7.0850454e-08,5.9801165e-05,-0.00014565306,-1.097944e-08,8.882672e-08,3.810201e-08,-0.00015311097
0.6,12,7.7603836,0.75,0.0,0.99928504,-0.00010556163,-3.4806632e-08,0.0,0.0,0.0,0.0002927129,5.8205107e-05,9.839134e-09,-0.00014274253,1.3272244e-08,-0.00014997023,0.0002927129,5.8133555e-05,-6.8687996e-08,5.8276662e-05,-0.00014274253,-1.0713376e-08,8.8366264e-08,3.7257863e-08,-0.00014997023
0.6,12,7.8003197,0.75,0.0,0.9992959,-0.00010342029,-4.281859e-08,0.0,0.0,0.0,0.00028681132,5.6727527e-05,1.0641838e-08,-0.00013990102,1.2994249e-08,-0.00014691295,0.00028681132,5.665762e-05,-6.6592825e-08,5.6797435e-05,-0.00013990102,-1.0453026e-08,8.78765e-08,3.6441524e-08,-0.00014691295
0.6,12,7.8402557,0.75,0.0,0.99930656,-0.0001013232,-4.9801237e-08,0.0,0.0,0.0,0.00028105726,5.529511e-05,1.1412858e-08,-0.00013713061,1.2720648e-08,-0.00014393081,0.00028105726,5.5225977e-05,-6.45657e-08,5.5364246e-05,-0.00013713061,-1.0200186e-08,8.739141e-08,3.564148e-08,-0.00014393081
0.6,12,7.880192,0.75,0.0,0.999317,-9.928551e-05,-5.4429243e-08,0.0,0.0,0.0,0.00027545035,5.3905707e-05,1.2145897e-08,-0.00013442853,1.2454937e-08,-0.00014102508,0.00027545035,5.3838106e-05,-6.2599256e-08,5.3973312e-05,-0.00013442853,-9.956783e-09,8.689105e-08,3.4866655e-08,-0.00014102508
0.6,12,7.920128,0.75,0.0,0.99932724,-9.7294316e-05,-5.923014e-08,0.0,0.0,0.0,0.00026997956,5.255804e-05,1.28395286e-08,-0.0001317896,1.2198116e-08,-0.00013818924,0.00026997956,5.2490905e-05,-6.070002e-08,5.2625175e-05,-0.0001317896,-9.7173e-09,8.6379075e-08,3.4113533e-08,-0.00013818924
0.6,12,7.960064,0.75,0.0,0.99933726,-9.536113e-05,-6.353496e-08,0.0,0.0,0.0,0.00026464232,5.1250572e-05,1.3501637e-08,-0.00012921539,1.1943831e-08,-0.00013542462,0.00026464232,5.1185038e-05,-5.8851228e-08,5.131611e-05,-0.00012921539,-9.483504e-09,8.58545e-08,3.3371165e-08,-0.00013542462
0.6,12,8.0,0.75,0.0,0.9993471,-9.3470066e-05,-7.241809e-08,0.0,0.0,0.0,0.0002594403,4.9981674e-05,1.4133333e-08,-0.00012670805,1.1699958e-08,-0.00013273461,0.0002594403,4.9916955e-05,-5.706117e-08,5.0046394e-05,-0.00012670805,-9.257168e-09,8.5327834e-08,3.2657084e-08,-0.00013273461
