time,step,total_kinetic_energy,total_enstrophy,test_filtered_enstrophy,kinetic_energy_rate,kinetic_energy_rate_source,viscous_kinetic_energy_rate,total_helicity,vortex_strength_magnitude_sum,net_vortex_strength_x,net_vortex_strength_y,net_vortex_strength_z,linear_impulse_x,linear_impulse_y,linear_impulse_z,angular_impulse_x,angular_impulse_y,angular_impulse_z,n_particles_total,max_vortex_strength_magnitude,mean_eddy_viscosity,max_eddy_viscosity,mean_effective_viscosity,max_effective_viscosity,invariant_projection_correction_ratio,mean_core_radius,mean_overlap_ratio,max_overlap_ratio,vorticity_divergence_error,vortex_strength_misalignment_degrees,n_stabilization_events,n_regularization_events,last_stabilization_mechanism,stabilization_vortex_strength_error,stabilization_vortex_strength_growth,stabilization_vorticity_growth,max_stabilization_vorticity_growth,stretching_viscosity_feedback_coefficient
0.0,0,27.29905891418457,2166.537109375,1764.71630859375,0.0,direct_energy_backward_difference,-3.6608917713165283,2.993037924170494e-07,40.68050765991211,0.0,-4.98257577419281e-07,-7.621129043400288e-07,19.7867374420166,-2.3725442588329315e-07,-3.6641313272411935e-07,-4.040253909209923e-09,-0.052751123905181885,-0.08417404443025589,17544,0.009341532364487648,0.0009457584237679839,0.0016988308634608984,0.001992955803871155,0.002746028359979391,0.0,0.07000000029802322,0.4930420531255615,0.5677772011030455,1.33041698016314e-07,3.9363502401910804,0,0,none,0.0,0.0,0.0,0.0,0.0
0.03899296106,5,27.23816680908203,2121.737060546875,1736.42578125,-1.5616178778739576,direct_energy_backward_difference,-3.510213613510132,-0.0015913340030238032,40.671417236328125,9.733220213092864e-05,-0.006242884788662195,0.00026343230274505913,19.794551849365234,0.0012473964598029852,-0.0010203730780631304,6.219124043127522e-05,-0.04913993179798126,-0.08523129671812057,17544,0.009765233844518661,0.0009169827681034803,0.001717868959531188,0.001964180264621973,0.0027650664560496807,0.0,0.07223334112210981,0.4608465452687018,0.5618683611363346,0.060766462822200856,4.874608690726703,0,0,none,0.0,0.0,0.0,0.0,0.0
0.07798592212,10,27.14214324951172,2070.172607421875,1701.437744140625,-2.462587014680862,direct_energy_backward_difference,-3.352867364883423,0.017180509865283966,40.65911102294922,0.007247477304190397,-0.01627592369914055,0.001761396648362279,19.799339294433594,0.0033323790412396193,-0.00010291708167642355,-0.0024510121438652277,-0.0437488928437233,-0.08514195680618286,17544,0.010334453545510769,0.000884014880284667,0.0016179444501176476,0.0019312122603878379,0.002665142063051462,0.0,0.07450906400739929,0.4231803576723657,0.5572235642280086,0.051711738697717405,6.281203625731276,0,0,none,0.0,0.0,0.0,0.0,0.0
0.11697888318,15,26.974164962768555,2016.083740234375,1662.9954833984375,-4.307913073969664,direct_energy_backward_difference,-3.219160556793213,0.02653772197663784,40.66786193847656,0.010951661504805088,-0.03276890143752098,0.013888144865632057,19.783164978027344,0.0050878883339464664,0.004345246125012636,-0.004027492366731167,-0.037180203944444656,-0.08902420103549957,17544,0.010740719735622406,0.0008491910411976278,0.001469972194172442,0.0018963885959237814,0.0025171698071062565,0.0,0.07665329294494105,0.3945120110072128,0.5619919724089805,0.039825497540283195,7.592486616163376,0,0,none,0.0,0.0,0.0,0.0,0.0
0.15597184424,20,26.853506088256836,1971.76220703125,1632.3245849609375,-3.0943757855695098,direct_energy_backward_difference,-3.0794267654418945,0.04189189150929451,40.67300796508789,0.012266517616808414,-0.05099103972315788,0.025883326306939125,19.769298553466797,0.006272200495004654,0.006768263876438141,-0.004395870957523584,-0.030277200043201447,-0.0926530733704567,17544,0.010974735021591187,0.0008149849600158632,0.0014677081489935517,0.001862182398326695,0.0025149057619273663,0.0,0.07867841417886354,0.3908652204082565,0.5683297860318346,0.05428155193822921,8.595007851971596,0,0,none,0.0,0.0,0.0,0.0,0.0
0.1949648053,25,26.719345092773438,1924.3592529296875,1598.97705078125,-3.440646512506697,direct_energy_backward_difference,-2.9674744606018066,0.05315082520246506,40.687137603759766,0.01442745141685009,-0.06888041645288467,0.03979146480560303,19.75128173828125,0.006288173142820597,0.009139101952314377,-0.004895614925771952,-0.02468966133892536,-0.09662055224180222,17544,0.011030062101781368,0.0007902296492829919,0.0014438747894018888,0.0018374272622168064,0.0024910722859203815,0.0,0.08053242271435666,0.3915980886391086,0.5644357695078226,0.048473741068258684,9.195610144572614,0,0,none,0.0,0.0,0.0,0.0,0.0
0.23395776636,30,26.61840057373047,1881.3138427734375,1568.6646728515625,-2.5887882402067746,direct_energy_backward_difference,-2.85853910446167,0.007236745208501816,40.67538070678711,0.01599687896668911,-0.07998630404472351,0.04952177777886391,19.74526596069336,0.00556543655693531,0.006137235090136528,-0.005883439909666777,-0.02053980343043804,-0.0982968658208847,17544,0.011079073883593082,0.0007620929973199964,0.0013747232733294368,0.0018092903774231672,0.0024219206534326077,0.0,0.08232915509964403,0.38546899042691174,0.5583443934395785,0.04091182156415216,9.54860371166415,0,0,none,0.0,0.0,0.0,0.0,0.0
0.27295072742,35,26.53202247619629,1840.9727783203125,1540.09814453125,-2.2152228296093335,direct_energy_backward_difference,-2.7545812129974365,0.06496480107307434,40.6644172668457,0.019336216151714325,-0.08914032578468323,0.05396316573023796,19.74288558959961,0.003488341812044382,0.0036709513515233994,-0.006370293442159891,-0.017322445288300514,-0.09875801205635071,17544,0.011121821589767933,0.0007330964435823262,0.0012783283600583673,0.0017802937654778361,0.0023255259729921818,0.0,0.08405859887173567,0.37895627071602733,0.5504825694994028,0.037821675120096494,9.613143962718532,0,0,none,0.0,0.0,0.0,0.0,0.0
0.31194368848,40,26.4294376373291,1798.9730224609375,1509.8665771484375,-2.6308553153820813,direct_energy_backward_difference,-2.681825876235962,0.036631494760513306,40.66811752319336,0.01982237957417965,-0.0946454256772995,0.05888800695538521,19.731252670288086,0.0017417059279978275,0.0024830505717545748,-0.006667964160442352,-0.017143039032816887,-0.09879059344530106,17544,0.011079291813075542,0.0007140756933949888,0.0012997955782338977,0.0017612731317058206,0.0023469929583370686,0.0,0.08572653475197561,0.37551360547635027,0.6141296818757324,0.03323072037376624,9.8613006753671,0,0,none,0.0,0.0,0.0,0.0,0.0
0.35093664954,45,26.361106872558594,1761.1326904296875,1482.73681640625,-1.7523871722735953,direct_energy_backward_difference,-2.594240427017212,0.005328596569597721,40.6523323059082,0.021328838542103767,-0.10525407642126083,0.06285504251718521,19.729555130004883,-0.000805141287855804,-0.0031576701439917088,-0.00718327471986413,-0.012332389131188393,-0.09792143851518631,17544,0.011016962118446827,0.0006934060365892947,0.0012747675646096468,0.0017406035913154483,0.0023219650611281395,0.0,0.08734864473930652,0.3718934194786663,0.5889167009323645,0.034048864514753086,9.848456185206732,0,0,none,0.0,0.0,0.0,0.0,0.0
0.3899296106,50,26.299983978271484,1724.2850341796875,1456.21142578125,-1.5675366175207157,direct_energy_backward_difference,-2.525613307952881,0.12756790220737457,40.63109588623047,0.019109386950731277,-0.11388501524925232,0.06937993317842484,19.72812271118164,-0.0007110786973498762,-0.007052270229905844,-0.005613551940768957,-0.009368269704282284,-0.09739872813224792,17544,0.010969366878271103,0.000674927665386349,0.001262866542674601,0.0017221252201125026,0.0023100641556084156,0.0,0.08891834251920668,0.36675834645242444,0.6550293726936823,0.035534508443293436,9.976435418444385,0,0,none,0.0,0.0,0.0,0.0,0.0
0.42892257166,55,26.251571655273438,1689.1844482421875,1430.8282470703125,-1.2415657001157963,direct_energy_backward_difference,-2.4526305198669434,0.02411394566297531,40.60947036743164,0.019601035863161087,-0.11930613219738007,0.07490520924329758,19.727903366088867,-0.004412862006574869,-0.011246919631958008,-0.006562042981386185,-0.007665589451789856,-0.09687409549951553,17544,0.010853832587599754,0.0006510240491479635,0.0013074709568172693,0.001698221662081778,0.002354668453335762,0.0,0.09044263330048287,0.3588647155116501,0.6630434980654826,0.030437126092628903,9.938429665744275,0,0,none,0.0,0.0,0.0,0.0,0.0
0.46791553272,60,26.193641662597656,1654.784912109375,1405.6385498046875,-1.485652566539946,direct_energy_backward_difference,-2.381382465362549,-0.072018101811409,40.596290588378906,0.02069181017577648,-0.12898856401443481,0.07954777777194977,19.72174644470215,-0.007455011829733849,-0.01741045154631138,-0.008652067743241787,-0.0021644579246640205,-0.09512335062026978,17544,0.010622048750519753,0.0006324756541289389,0.0013325056061148643,0.0016796730924397707,0.002379703102633357,0.0,0.0918904448622847,0.3516084658785885,0.6364186433662007,0.03330774737368037,9.978190495871614,0,0,none,0.0,0.0,0.0,0.0,0.0
0.50690849378,65,26.156204223632812,1620.765869140625,1380.6141357421875,-0.9601076180707921,direct_energy_backward_difference,-2.327693223953247,0.17284484207630157,40.56936264038086,0.020700795575976372,-0.13891907036304474,0.08280204236507416,19.7210636138916,-0.007101810537278652,-0.02567015215754509,-0.006078192964196205,0.002913048258051276,-0.092623271048069,17544,0.01060437224805355,0.000621677958406508,0.0012803011341020465,0.0016688754549250007,0.0023274985142052174,0.0,0.09334597884343128,0.34597454935751015,0.6277992496635982,0.035626494455718395,10.020866654154185,0,0,none,0.0,0.0,0.0,0.0,0.0
0.54590145484,70,26.11863899230957,1588.7852783203125,1356.8956298828125,-0.9633849367181719,direct_energy_backward_difference,-2.2668421268463135,0.12575851380825043,40.54600524902344,0.02151738665997982,-0.14987386763095856,0.09475286304950714,19.715496063232422,-0.010632961057126522,-0.03198021650314331,-0.006969859823584557,0.0064964392222464085,-0.09348765760660172,17544,0.010651322081685066,0.0006028647185303271,0.0011957696406170726,0.0016500622732564807,0.0022429670207202435,0.0,0.09476554550092907,0.33972789426004313,0.5631006788595334,0.031244611774755737,9.940700583578717,0,0,none,0.0,0.0,0.0,0.0,0.0
0.5848944159,75,26.08846664428711,1557.741943359375,1333.8995361328125,-0.7737896072071448,direct_energy_backward_difference,-2.2044835090637207,-0.06314658373594284,40.520076751708984,0.019022531807422638,-0.16280663013458252,0.09603624790906906,19.70941734313965,-0.01565971039235592,-0.04041295871138573,-0.008261675015091896,0.01289023831486702,-0.09280814975500107,17544,0.010464455932378769,0.0005864404374733567,0.001215777243487537,0.0016336380504071712,0.0022629746235907078,0.0,0.09612607587310641,0.3328034946873217,0.5483968202586622,0.03475979228463834,9.900073853781377,0,0,none,0.0,0.0,0.0,0.0,0.0
0.62388737696,80,26.073760986328125,1527.3170166015625,1311.3297119140625,-0.3771362204669767,direct_energy_backward_difference,-2.163517951965332,0.07476657629013062,40.48957824707031,0.01798321306705475,-0.1789894551038742,0.10506696999073029,19.705371856689453,-0.01857161894440651,-0.052026331424713135,-0.006353373173624277,0.019409237429499626,-0.0926576629281044,17544,0.010547203943133354,0.0005744885420426726,0.0012139673344790936,0.0016216860385611653,0.0022611648309975863,0.0,0.09744013398478034,0.32724201902125183,0.602170628898188,0.035072993426901414,9.96338543324937,0,0,none,0.0,0.0,0.0,0.0,0.0
0.66288033802,85,26.07330322265625,1499.518310546875,1290.4937744140625,-0.011739648886131536,direct_energy_backward_difference,-2.1025164127349854,0.08725112676620483,40.449989318847656,0.018975669518113136,-0.19077806174755096,0.11565413326025009,19.70207977294922,-0.023367028683423996,-0.06216009333729744,-0.006511001847684383,0.023330368101596832,-0.09307645261287689,17544,0.010601186193525791,0.0005569725180976093,0.0012514259433373809,0.001604170072823763,0.0022986233234405518,0.0,0.09876211502831778,0.3228906389323306,0.6124858555392363,0.038530674780497175,10.103240197720481,0,0,none,0.0,0.0,0.0,0.0,0.0
0.70187329908,90,26.062702178955078,1469.9215087890625,1267.937744140625,-0.2718707021213303,direct_energy_backward_difference,-2.04807186126709,0.007144570350646973,40.41749572753906,0.016971439123153687,-0.20324812829494476,0.12706197798252106,19.693695068359375,-0.03225453570485115,-0.07205045223236084,-0.006865095812827349,0.0302147064357996,-0.09698532521724701,17544,0.010519093833863735,0.0005490605835802853,0.0011919663520529866,0.001596258021891117,0.002239163964986801,0.0,0.10011340206088919,0.31720510789829437,0.5870344747979842,0.0329929717075339,10.347279652181442,0,0,none,0.0,0.0,0.0,0.0,0.0
0.74086626014,95,26.056915283203125,1440.718017578125,1245.5699462890625,-0.1484087280021795,direct_energy_backward_difference,-2.0314762592315674,0.07609467208385468,40.37761306762695,0.016539258882403374,-0.22196133434772491,0.1325705349445343,19.68125343322754,-0.03963102400302887,-0.0856463760137558,-0.00586382020264864,0.0383174829185009,-0.0985589474439621,17544,0.010588893666863441,0.0005445085116662085,0.0012128468370065093,0.0015917060663923621,0.00226004421710968,0.0,0.10152139631259254,0.3112310680424405,0.5171161327025541,0.03232834758772243,10.475860497440397,0,0,none,0.0,0.0,0.0,0.0,0.0
0.7798592212,100,26.063034057617188,1416.006591796875,1226.7125244140625,0.15691997344462533,direct_energy_backward_difference,-1.9431922435760498,0.08726999163627625,40.33833312988281,0.01417671237140894,-0.2347135990858078,0.14533329010009766,19.669084548950195,-0.04843653738498688,-0.10095515847206116,-0.005578804295510054,0.04553469270467758,-0.1023038700222969,17544,0.010548737831413746,0.0005158335552550852,0.001263949554413557,0.001563030993565917,0.0023111470509320498,0.0,0.10282885991555,0.30598328608925873,0.5372570716926175,0.03814569789808143,10.675614496266219,0,0,none,0.0,0.0,0.0,0.0,0.0
0.81885218226,105,26.076974868774414,1389.2144775390625,1206.2794189453125,0.3575212237863975,direct_energy_backward_difference,-1.9144303798675537,0.0068811774253845215,40.30060577392578,0.0159386545419693,-0.2479049265384674,0.15639275312423706,19.658044815063477,-0.05688771978020668,-0.1134575679898262,-0.006998666562139988,0.054438646882772446,-0.10546347498893738,17544,0.010373077355325222,0.000513621955178678,0.0012616566382348537,0.001560819335281849,0.0023088541347533464,0.0,0.10401801438768582,0.30097962150576374,0.6079477921298374,0.03226982549775839,10.75052352328572,0,0,none,0.0,0.0,0.0,0.0,0.0
0.85784514332,110,26.12394905090332,1363.2762451171875,1186.4287109375,1.2046836365318678,direct_energy_backward_difference,-1.8953802585601807,0.1714877337217331,40.24784469604492,0.017302662134170532,-0.26544371247291565,0.1751626878976822,19.654388427734375,-0.06866766512393951,-0.12972551584243774,-0.005700116511434317,0.0657157450914383,-0.11297345906496048,17544,0.01033768244087696,0.0005079354741610587,0.0012617846950888634,0.0015551329124718904,0.002308982191607356,0.0,0.10519370562628394,0.2953093840482115,0.6007184408816881,0.0356364002207166,10.83983899667095,0,0,none,0.0,0.0,0.0,0.0,0.0
0.89683810438,115,26.171674728393555,1341.2454833984375,1169.4169921875,1.223956226786597,direct_energy_backward_difference,-1.8104888200759888,0.1625741869211197,40.19028091430664,0.017736289650201797,-0.2927514910697937,0.20094631612300873,19.651901245117188,-0.08964831382036209,-0.15453164279460907,-0.00779020506888628,0.0833214744925499,-0.1290116012096405,17544,0.010364445857703686,0.0004765255143865943,0.0011857317294925451,0.001523723010905087,0.002232929226011038,0.0,0.10638630288583853,0.29023725608060336,0.5439998720777933,0.036657248955326835,11.033095032275396,0,0,none,0.0,0.0,0.0,0.0,0.0
0.93583106544,120,26.178369522094727,1317.4788818359375,1150.808837890625,0.17169236495967372,direct_energy_backward_difference,-1.7755475044250488,0.057901088148355484,40.15372085571289,0.019243760034441948,-0.3161783218383789,0.21218907833099365,19.64112091064453,-0.10877297818660736,-0.18128016591072083,-0.009301905520260334,0.10467466711997986,-0.1438140571117401,17544,0.010334593243896961,0.0004744676989503205,0.0011484429705888033,0.001521665253676474,0.002195640467107296,0.0,0.10762137103599878,0.285370078607082,0.5528927940380947,0.033493331475659825,11.341968739996753,0,0,none,0.0,0.0,0.0,0.0,0.0
0.9748240265,125,26.167743682861328,1294.052490234375,1132.4423828125,-0.27250659976932906,direct_energy_backward_difference,-1.741302728652954,0.18700361251831055,40.12416076660156,0.01689576916396618,-0.3392079174518585,0.22390635311603546,19.62755012512207,-0.12121560424566269,-0.20803768932819366,-0.008972905576229095,0.12783972918987274,-0.15246368944644928,17544,0.01033759769052267,0.00046909807133488357,0.001187478075735271,0.001516295480541885,0.002234675455838442,0.0,0.10890371913308633,0.2819439939552317,0.5445524321587396,0.037671421043875344,11.549851771538748,0,0,none,0.0,0.0,0.0,0.0,0.0
1.01381698756,130,26.147817611694336,1273.843505859375,1116.748779296875,-0.5110171329725673,direct_energy_backward_difference,-1.6886235475540161,0.1155490055680275,40.10302734375,0.017994780093431473,-0.3701535165309906,0.2433813512325287,19.619617462158203,-0.1398596316576004,-0.24224741756916046,-0.010181170888245106,0.15980984270572662,-0.16833244264125824,17544,0.0104058887809515,0.00044984486885368824,0.0010980042861774564,0.001497042365372181,0.002145201899111271,0.0,0.11011622597901274,0.27852752661369473,0.5228783262940644,0.034600634736294426,11.643416198218326,0,0,none,0.0,0.0,0.0,0.0,0.0
1.05280994862,135,26.123809814453125,1256.22412109375,1103.275146484375,-0.6156956688739086,direct_energy_backward_difference,-1.6587871313095093,0.09129834920167923,40.08918380737305,0.01624075137078762,-0.3991515040397644,0.27434104681015015,19.617666244506836,-0.17160607874393463,-0.27907848358154297,-0.013969293795526028,0.19421257078647614,-0.20044317841529846,17544,0.010448777116835117,0.0004433791327755898,0.0010451951529830694,0.001490576658397913,0.002092392649501562,0.0,0.11116218231864719,0.27556637156893343,0.5212846842717673,0.03672733480504653,11.507420361829343,0,0,none,0.0,0.0,0.0,0.0,0.0
1.09180290968,140,26.085168838500977,1240.97314453125,1091.7510986328125,-0.9909731116005811,direct_energy_backward_difference,-1.629799246788025,0.1273689717054367,40.08079528808594,0.01902111992239952,-0.43537667393684387,0.30158618092536926,19.62397003173828,-0.20743560791015625,-0.3228916823863983,-0.015672577545046806,0.2397831380367279,-0.23880106210708618,17544,0.010467177256941795,0.0004291801305953413,0.0010731670772656798,0.0014763775980100036,0.0021203644573688507,0.0,0.1121193531240692,0.27267774906616504,0.5434235375718565,0.03904414544254735,11.45960423073809,0,0,none,0.0,0.0,0.0,0.0,0.0
1.13079587074,145,26.001676559448242,1225.574951171875,1079.9619140625,-2.1412141264230016,direct_energy_backward_difference,-1.6142908334732056,0.1312393844127655,40.08922576904297,0.014731316827237606,-0.46512290835380554,0.3224472999572754,19.63071060180664,-0.2389264553785324,-0.37071359157562256,-0.01718640886247158,0.2914138436317444,-0.2723425626754761,17544,0.01050407811999321,0.0004232731298543513,0.0010635879589244723,0.001470470568165183,0.002110785339027643,0.0,0.1130456159611577,0.26927397644536666,0.5643421620553527,0.036223334545085396,11.417206391132932,0,0,none,0.0,0.0,0.0,0.0,0.0
1.1697888318,150,25.866073608398438,1210.9798583984375,1068.6622314453125,-3.4776264064980165,direct_energy_backward_difference,-1.587011694908142,0.13990019261837006,40.120758056640625,0.012871974147856236,-0.49070990085601807,0.34400269389152527,19.632596969604492,-0.27187684178352356,-0.41876524686813354,-0.0197126641869545,0.3461912274360657,-0.30848824977874756,17544,0.010616960003972054,0.000414428737713024,0.0010522110387682915,0.0014616262633353472,0.002099408535286784,0.0,0.11400240250322517,0.26610836406255983,0.5779518480738779,0.03465771917578257,11.452762331098958,0,0,none,0.0,0.0,0.0,0.0,0.0
1.20878179286,155,25.703889846801758,1196.8050537109375,1057.70654296875,-4.159308685152723,direct_energy_backward_difference,-1.577203392982483,0.09515534341335297,40.16429138183594,0.014001148752868176,-0.5059683322906494,0.3640977144241333,19.63314437866211,-0.30584514141082764,-0.45945778489112854,-0.023027032613754272,0.3914511799812317,-0.3469932973384857,17544,0.010634236969053745,0.0004097146447747946,0.0010675330413505435,0.0014569121412932873,0.0021147304214537144,0.0,0.1149740049291047,0.26328930268962925,0.5447883013674929,0.035752872625300254,11.505646699493594,0,0,none,0.0,0.0,0.0,0.0,0.0
1.24777475392,160,25.53848648071289,1183.444091796875,1047.4876708984375,-4.241877548985181,direct_energy_backward_difference,-1.5690466165542603,-0.077144555747509,40.21453857421875,0.01229089591652155,-0.5271239876747131,0.38130611181259155,19.63702392578125,-0.3400616943836212,-0.5066959261894226,-0.025962693616747856,0.4484104812145233,-0.3891860246658325,17544,0.01075398363173008,0.00040679911035113037,0.0010722596198320389,0.0014539965195581317,0.0021194571163505316,0.0,0.11592764269375415,0.2605158966551093,0.492454867462471,0.03651570034286844,11.449107802200094,0,0,none,0.0,0.0,0.0,0.0,0.0
1.28676771498,165,25.38738250732422,1173.381103515625,1039.98779296875,-3.875160266904625,direct_energy_backward_difference,-1.5290859937667847,-0.016389397904276848,40.257904052734375,0.013918546959757805,-0.5508597493171692,0.4007532596588135,19.644245147705078,-0.3784145414829254,-0.5565813183784485,-0.028643442317843437,0.5118581056594849,-0.4406837821006775,17544,0.011014602147042751,0.0003919269656762481,0.0010084479581564665,0.0014391244621947408,0.002055645454674959,0.0,0.11682594698253718,0.25795360895155606,0.5122960075649421,0.03415269534070735,11.427909441164946,0,0,none,0.0,0.0,0.0,0.0,0.0
1.32576067604,170,25.251060485839844,1162.5633544921875,1031.876708984375,-3.4960674382899817,direct_energy_backward_difference,-1.5216120481491089,0.108720563352108,40.29703903198242,0.015889348462224007,-0.5825751423835754,0.42091104388237,19.65449333190918,-0.4216880798339844,-0.616721510887146,-0.029002616181969643,0.5951387882232666,-0.501128077507019,17544,0.011186091229319572,0.00039046446909196675,0.0009683746029622853,0.001437661936506629,0.002015572041273117,0.0,0.11765922967733529,0.2558617247520112,0.5042267145546124,0.034611496020836706,11.303197396831843,0,0,none,0.0,0.0,0.0,0.0,0.0
1.3647536371,175,25.100706100463867,1150.2686767578125,1022.419677734375,-3.8559365918536064,direct_energy_backward_difference,-1.5200012922286987,0.08600417524576187,40.34299087524414,0.01370200701057911,-0.6055298447608948,0.43411731719970703,19.661724090576172,-0.4580826461315155,-0.6757529377937317,-0.030991222709417343,0.6844499707221985,-0.5558980107307434,17544,0.011301274411380291,0.0003857612609863281,0.0010552742751315236,0.0014329587575048208,0.002102471888065338,0.0,0.11847196227450024,0.25417253439518417,0.4823085886098099,0.033884774553425645,11.085996963114063,0,0,none,0.0,0.0,0.0,0.0,0.0
1.40374659816,180,24.943843841552734,1139.96875,1014.423583984375,-4.022835266851444,direct_energy_backward_difference,-1.4747711420059204,0.06024701148271561,40.38875961303711,0.01297232136130333,-0.6163550019264221,0.4487248361110687,19.664329528808594,-0.49472424387931824,-0.7242242693901062,-0.03220430016517639,0.7606964111328125,-0.6132034659385681,17544,0.011483615264296532,0.0003649503050837666,0.0010569889564067125,0.001412147656083107,0.0021041864529252052,0.0,0.11931771628356488,0.2525380066173081,0.4888781720257701,0.03517356291065835,10.998651492785621,0,0,none,0.0,0.0,0.0,0.0,0.0
1.44273955922,185,24.786745071411133,1128.8038330078125,1005.6795654296875,-4.028900752109255,direct_energy_backward_difference,-1.4559805393218994,0.03865482285618782,40.43667221069336,0.012595291249454021,-0.6262611746788025,0.46998560428619385,19.662490844726562,-0.5401944518089294,-0.7672520279884338,-0.033787671476602554,0.8277587890625,-0.6869608759880066,17544,0.01162797212600708,0.00036122804158367217,0.0010796005371958017,0.0014084256254136562,0.0021267980337142944,0.0,0.1201584879517032,0.2513180775313255,0.4735018530392466,0.03473505136233247,10.994577327374502,0,0,none,0.0,0.0,0.0,0.0,0.0
1.48173252028,190,24.648088455200195,1116.5390625,996.0772094726562,-3.5559396476092524,direct_energy_backward_difference,-1.457176685333252,-0.11265166103839874,40.47751998901367,0.012091796845197678,-0.6434448957443237,0.4863722622394562,19.664560317993164,-0.5853978395462036,-0.8161984086036682,-0.038976650685071945,0.9079405665397644,-0.7651183009147644,17544,0.01170635037124157,0.0003619392809923738,0.0010638352250680327,0.0014091366901993752,0.0021110326051712036,0.0,0.12102099184993259,0.25009540501470434,0.4664817348435961,0.03829728962029297,10.989865043424555,0,0,none,0.0,0.0,0.0,0.0,0.0
1.52072548134,195,24.521717071533203,1106.28662109375,988.0653076171875,-3.2408768206276966,direct_energy_backward_difference,-1.4246610403060913,-0.14217038452625275,40.51456832885742,0.010717403143644333,-0.6645911931991577,0.49816256761550903,19.66705894470215,-0.6239980459213257,-0.876309335231781,-0.04179127514362335,1.0139518976211548,-0.8344250321388245,17544,0.011792524717748165,0.00034653450711630285,0.000988833955489099,0.001393732032738626,0.00203603133559227,0.0,0.12185257178851447,0.2482592543893304,0.4793879049792728,0.038385244716415905,10.973054748555164,0,0,none,0.0,0.0,0.0,0.0,0.0
1.5597184424,200,24.4118709564209,1096.8291015625,980.709716796875,-2.817075495838347,direct_energy_backward_difference,-1.3958122730255127,0.12482542544603348,40.54350280761719,0.0117872329428792,-0.6835013031959534,0.5142317414283752,19.671463012695312,-0.66550612449646,-0.9364701509475708,-0.037497397512197495,1.124199628829956,-0.9103804230690002,17544,0.011852139607071877,0.00033526550396345556,0.0009399555274285376,0.0013824630295857787,0.0019871529657393694,0.0,0.12266541383455551,0.24658649241397648,0.4539539843417724,0.03664619241817773,10.96045320035767,0,0,none,0.0,0.0,0.0,0.0,0.0
1.59871140346,205,24.304340362548828,1085.6256103515625,971.884033203125,-2.7576924385559822,direct_energy_backward_difference,-1.396335482597351,0.2516007721424103,40.57037353515625,0.013891825452446938,-0.7015594840049744,0.5286868810653687,19.675151824951172,-0.7085850238800049,-0.9929367899894714,-0.03528705984354019,1.2300634384155273,-0.9949045181274414,17544,0.011942042037844658,0.0003369935730006546,0.0009417462279088795,0.0013841910986229777,0.0019889436662197113,0.0,0.12347858800050389,0.24524805273925274,0.4297845454957091,0.03681955399802983,10.84844857911012,0,0,none,0.0,0.0,0.0,0.0,0.0
