time,step,surface,wing_uid,segment_uid,station_id,half,span_index,span_coordinate,span_coordinate_absolute,min_span_edge,max_span_edge,chord_index,chord_fraction,panel_chord,panel_circulation,pressure_jump_coefficient,panel_force_x,panel_force_y,panel_force_z,span_coordinate_normalized
0.0,0,blade_0,blade_0_RotorFlow_OpenVSP_Blade_0,RotorFlow_OpenVSP_Blade_0_segment_0,blade_0_RotorFlow_OpenVSP_Blade_0:RotorFlow_OpenVSP_Blade_0_segment_0:orig:0,orig,0,1.1065503358840942,1.1065503358840942,0.9848407506942749,1.2279489040374756,0,0.08333330601453781,0.09896692633628845,-1.9698845148086548,-5.686992645263672,0.13064756989479065,-0.06841987371444702,-3.553945541381836,-0.9514419688809288
0.0,0,blade_0,blade_0_RotorFlow_OpenVSP_Blade_0,RotorFlow_OpenVSP_Blade_0_segment_0,blade_0_RotorFlow_OpenVSP_Blade_0:RotorFlow_OpenVSP_Blade_0_segment_0:orig:0,orig,0,1.1065503358840942,1.1065503358840942,0.9848407506942749,1.2279489040374756,1,0.24999992549419403,0.09896694868803024,-0.6315187215805054,-1.8231735229492188,0.3622347414493561,-0.04612027108669281,-0.3835487365722656,-0.9514419688809288
0.0,0,blade_0,blade_0_RotorFlow_OpenVSP_Blade_0,RotorFlow_OpenVSP_Blade_0_segment_0,blade_0_RotorFlow_OpenVSP_Blade_0:RotorFlow_OpenVSP_Blade_0_segment_0:orig:0,orig,0,1.1065503358840942,1.1065503358840942,0.9848407506942749,1.2279489040374756,2,0.4166666269302368,0.09896694868803024,-0.22321729362010956,-0.6444209218025208,0.13958154618740082,-0.011696376837790012,-0.11729194968938828,-0.9514419688809288
0.0,0,blade_0,blade_0_RotorFlow_OpenVSP_Blade_0,RotorFlow_OpenVSP_Blade_0_segment_0,blade_0_RotorFlow_OpenVSP_Blade_0:RotorFlow_OpenVSP_Blade_0_segment_0:orig:0,orig,0,1.1065503358840942,1.1065503358840942,0.9848407506942749,1.2279489040374756,3,0.5833332538604736,0.09896696358919144,0.05725498124957085,0.16529320180416107,-0.03546205535531044,0.00147423823364079,0.03208542242646217,-0.9514419688809288
0.0,0,blade_0,blade_0_RotorFlow_OpenVSP_Blade_0,RotorFlow_OpenVSP_Blade_0_segment_0,blade_0_RotorFlow_OpenVSP_Blade_0:RotorFlow_OpenVSP_Blade_0_segment_0:orig:0,orig,0,1.1065503358840942,1.1065503358840942,0.9848407506942749,1.2279489040374756,4,0.7499999403953552,0.09896694868803024,0.3776841461658478,1.0903615951538086,-0.2087709903717041,-0.001054666587151587,0.27107858657836914,-0.9514419688809288
0.0,0,blade_0,blade_0_RotorFlow_OpenVSP_Blade_0,RotorFlow_OpenVSP_Blade_0_segment_0,blade_0_RotorFlow_OpenVSP_Blade_0:RotorFlow_OpenVSP_Blade_0_segment_0:orig:0,orig,0,1.1065503358840942,1.1065503358840942,0.9848407506942749,1.2279489040374756,5,0.9166666865348816,0.09896695613861084,1.0475611686706543,3.0242738723754883,-0.23734040558338165,-0.03302919119596481,1.549756646156311,-0.9514419688809288
0.0,0,blade_0,blade_0_RotorFlow_OpenVSP_Blade_0,RotorFlow_OpenVSP_Blade_0_segment_1,blade_0_RotorFlow_OpenVSP_Blade_0:RotorFlow_OpenVSP_Blade_0_segment_1:orig:0,orig,0,1.3330210447311401,1.3330210447311401,1.2117727994918823,1.454651117324829,0,0.0833333358168602,0.09711327403783798,-2.3598761558532715,-6.942926406860352,-0.04575156420469284,0.05875128135085106,-4.741015911102295,-0.8610877727787731
0.0,0,blade_0,blade_0_RotorFlow_OpenVSP_Blade_0,RotorFlow_OpenVSP_Blade_0_segment_1,blade_0_RotorFlow_OpenVSP_Blade_0:RotorFlow_OpenVSP_Blade_0_segment_1:orig:0,orig,0,1.3330210447311401,1.3330210447311401,1.2117727994918823,1.454651117324829,1,0.25,0.09711327403783798,-0.8124791383743286,-2.3903722763061523,0.3645295798778534,-0.026948507875204086,-0.49179986119270325,-0.8610877727787731
0.0,0,blade_0,blade_0_RotorFlow_OpenVSP_Blade_0,RotorFlow_OpenVSP_Blade_0_segment_1,blade_0_RotorFlow_OpenVSP_Blade_0:RotorFlow_OpenVSP_Blade_0_segment_1:orig:0,orig,0,1.3330210447311401,1.3330210447311401,1.2117727994918823,1.454651117324829,2,0.4166666865348816,0.09711327403783798,-0.29538312554359436,-0.8690385222434998,0.1448252946138382,-0.007155704777687788,-0.15359589457511902,-0.8610877727787731
0.0,0,blade_0,blade_0_RotorFlow_OpenVSP_Blade_0,RotorFlow_OpenVSP_Blade_0_segment_1,blade_0_RotorFlow_OpenVSP_Blade_0:RotorFlow_OpenVSP_Blade_0_segment_1:orig:0,orig,0,1.3330210447311401,1.3330210447311401,1.2117727994918823,1.454651117324829,3,0.5833333730697632,0.09711327403783798,0.08452724665403366,0.24868527054786682,-0.0405590683221817,0.0008076743688434362,0.04851021245121956,-0.8610877727787731
0.0,0,blade_0,blade_0_RotorFlow_OpenVSP_Blade_0,RotorFlow_OpenVSP_Blade_0_segment_1,blade_0_RotorFlow_OpenVSP_Blade_0:RotorFlow_OpenVSP_Blade_0_segment_1:orig:0,orig,0,1.3330210447311401,1.3330210447311401,1.2117727994918823,1.454651117324829,4,0.7500000596046448,0.09711325913667679,0.5078409910202026,1.4941052198410034,-0.20979222655296326,-0.003459775587543845,0.3946516215801239,-0.8610877727787731
0.0,0,blade_0,blade_0_RotorFlow_OpenVSP_Blade_0,RotorFlow_OpenVSP_Blade_0_segment_1,blade_0_RotorFlow_OpenVSP_Blade_0:RotorFlow_OpenVSP_Blade_0_segment_1:orig:0,orig,0,1.3330210447311401,1.3330210447311401,1.2117727994918823,1.454651117324829,5,0.9166666865348816,0.09711328893899918,1.3102937936782837,3.8549787998199463,-0.14008237421512604,-0.03107272833585739,2.215654134750366,-0.8610877727787731
0.0,0,blade_0,blade_0_RotorFlow_OpenVSP_Blade_0,RotorFlow_OpenVSP_Blade_0_segment_2,blade_0_RotorFlow_OpenVSP_Blade_0:RotorFlow_OpenVSP_Blade_0_segment_2:orig:0,orig,0,1.5599141120910645,1.5599141120910645,1.4389476776123047,1.681581974029541,0,0.08333335816860199,0.09523905813694,-2.487189531326294,-7.461493015289307,-0.11049462854862213,0.14062947034835815,-5.238050937652588,-0.7705650698348616
0.0,0,blade_0,blade_0_RotorFlow_OpenVSP_Blade_0,RotorFlow_OpenVSP_Blade_0_segment_2,blade_0_RotorFlow_OpenVSP_Blade_0:RotorFlow_OpenVSP_Blade_0_segment_2:orig:0,orig,0,1.5599141120910645,1.5599141120910645,1.4389476776123047,1.681581974029541,1,0.2499999701976776,0.09523905813694,-0.8680932521820068,-2.6042532920837402,0.3168393075466156,-0.01034825574606657,-0.5171059370040894,-0.7705650698348616
0.0,0,blade_0,blade_0_RotorFlow_OpenVSP_Blade_0,RotorFlow_OpenVSP_Blade_0_segment_2,blade_0_RotorFlow_OpenVSP_Blade_0:RotorFlow_OpenVSP_Blade_0_segment_2:orig:0,orig,0,1.5599141120910645,1.5599141120910645,1.4389476776123047,1.681581974029541,2,0.4166666865348816,0.09523908793926239,-0.31668710708618164,-0.9500514268875122,0.1259760856628418,-0.0029219933785498142,-0.1603391170501709,-0.7705650698348616
0.0,0,blade_0,blade_0_RotorFlow_OpenVSP_Blade_0,RotorFlow_OpenVSP_Blade_0_segment_2,blade_0_RotorFlow_OpenVSP_Blade_0:RotorFlow_OpenVSP_Blade_0_segment_2:orig:0,orig,0,1.5599141120910645,1.5599141120910645,1.4389476776123047,1.681581974029541,3,0.5833333730697632,0.0952390730381012,0.09467562288045883,0.2840239405632019,-0.036662839353084564,0.00010174153430853039,0.05355936288833618,-0.7705650698348616
0.0,0,blade_0,blade_0_RotorFlow_OpenVSP_Blade_0,RotorFlow_OpenVSP_Blade_0_segment_2,blade_0_RotorFlow_OpenVSP_Blade_0:RotorFlow_OpenVSP_Blade_0_segment_2:orig:0,orig,0,1.5599141120910645,1.5599141120910645,1.4389476776123047,1.681581974029541,4,0.7500000596046448,0.0952390730381012,0.5491086840629578,1.6473090648651123,-0.1811397522687912,-0.004739774856716394,0.43043509125709534,-0.7705650698348616
0.0,0,blade_0,blade_0_RotorFlow_OpenVSP_Blade_0,RotorFlow_OpenVSP_Blade_0_segment_2,blade_0_RotorFlow_OpenVSP_Blade_0:RotorFlow_OpenVSP_Blade_0_segment_2:orig:0,orig,0,1.5599141120910645,1.5599141120910645,1.4389476776123047,1.681581974029541,5,0.9166666865348816,0.0952390655875206,1.3902987241744995,4.170853614807129,-0.08836846053600311,-0.026673274114727974,2.4533791542053223,-0.7705650698348616
0.0,0,blade_0,blade_0_RotorFlow_OpenVSP_Blade_0,RotorFlow_OpenVSP_Blade_0_segment_3,blade_0_RotorFlow_OpenVSP_Blade_0:RotorFlow_OpenVSP_Blade_0_segment_3:orig:0,orig,0,1.7870111465454102,1.7870111465454102,1.6662507057189941,1.9086257219314575,0,0.08333337306976318,0.09335548430681229,-2.5222537517547607,-7.719352722167969,-0.1263556331396103,0.18813876807689667,-5.441925048828125,-0.6799609908801557
0.0,0,blade_0,blade_0_RotorFlow_OpenVSP_Blade_0,RotorFlow_OpenVSP_Blade_0_segment_3,blade_0_RotorFlow_OpenVSP_Blade_0:RotorFlow_OpenVSP_Blade_0_segment_3:orig:0,orig,0,1.7870111465454102,1.7870111465454102,1.6662507057189941,1.9086257219314575,1,0.2499999701976776,0.09335548430681229,-0.8833550214767456,-2.7035064697265625,0.2687717378139496,0.00012186567619210109,-0.517938494682312,-0.6799609908801557
0.0,0,blade_0,blade_0_RotorFlow_OpenVSP_Blade_0,RotorFlow_OpenVSP_Blade_0_segment_3,blade_0_RotorFlow_OpenVSP_Blade_0:RotorFlow_OpenVSP_Blade_0_segment_3:orig:0,orig,0,1.7870111465454102,1.7870111465454102,1.6662507057189941,1.9086257219314575,2,0.4166666269302368,0.09335548430681229,-0.3221725523471832,-0.9860084652900696,0.1066460981965065,-0.0002636369608808309,-0.15887999534606934,-0.6799609908801557
0.0,0,blade_0,blade_0_RotorFlow_OpenVSP_Blade_0,RotorFlow_OpenVSP_Blade_0_segment_3,blade_0_RotorFlow_OpenVSP_Blade_0:RotorFlow_OpenVSP_Blade_0_segment_3:orig:0,orig,0,1.7870111465454102,1.7870111465454102,1.6662507057189941,1.9086257219314575,3,0.5833333134651184,0.09335552901029587,0.09805499762296677,0.3000969886779785,-0.031505949795246124,-0.0003545813087839633,0.05434310436248779,-0.6799609908801557
0.0,0,blade_0,blade_0_RotorFlow_OpenVSP_Blade_0,RotorFlow_OpenVSP_Blade_0_segment_3,blade_0_RotorFlow_OpenVSP_Blade_0:RotorFlow_OpenVSP_Blade_0_segment_3:orig:0,orig,0,1.7870111465454102,1.7870111465454102,1.6662507057189941,1.9086257219314575,4,0.75,0.09335549920797348,0.5608547329902649,1.7164945602416992,-0.15266726911067963,-0.005360690876841545,0.43730276823043823,-0.6799609908801557
0.0,0,blade_0,blade_0_RotorFlow_OpenVSP_Blade_0,RotorFlow_OpenVSP_Blade_0_segment_3,blade_0_RotorFlow_OpenVSP_Blade_0:RotorFlow_OpenVSP_Blade_0_segment_3:orig:0,orig,0,1.7870111465454102,1.7870111465454102,1.6662507057189941,1.9086257219314575,5,0.9166667461395264,0.09335549175739288,1.4112532138824463,4.3191375732421875,-0.06006233021616936,-0.02330060489475727,2.5363922119140625,-0.6799609908801557
0.0,0,blade_0,blade_0_RotorFlow_OpenVSP_Blade_0,RotorFlow_OpenVSP_Blade_0_segment_4,blade_0_RotorFlow_OpenVSP_Blade_0:RotorFlow_OpenVSP_Blade_0_segment_4:orig:0,orig,0,2.014214038848877,2.014214038848877,1.8936259746551514,2.135728597640991,0,0.08333329111337662,0.09146729111671448,-2.51724910736084,-7.863072872161865,-0.12278856337070465,0.2151113897562027,-5.505486011505127,-0.589314678203892
0.0,0,blade_0,blade_0_RotorFlow_OpenVSP_Blade_0,RotorFlow_OpenVSP_Blade_0_segment_4,blade_0_RotorFlow_OpenVSP_Blade_0:RotorFlow_OpenVSP_Blade_0_segment_4:orig:0,orig,0,2.014214038848877,2.014214038848877,1.8936259746551514,2.135728597640991,1,0.24999992549419403,0.09146735072135925,-0.8825081586837769,-2.75666880607605,0.22751520574092865,0.006492840591818094,-0.5104849338531494,-0.589314678203892
0.0,0,blade_0,blade_0_RotorFlow_OpenVSP_Blade_0,RotorFlow_OpenVSP_Blade_0_segment_4,blade_0_RotorFlow_OpenVSP_Blade_0:RotorFlow_OpenVSP_Blade_0_segment_4:orig:0,orig,0,2.014214038848877,2.014214038848877,1.8936259746551514,2.135728597640991,2,0.41666656732559204,0.09146735072135925,-0.3217117190361023,-1.0049229860305786,0.0901154950261116,0.0013410738902166486,-0.155214324593544,-0.589314678203892
0.0,0,blade_0,blade_0_RotorFlow_OpenVSP_Blade_0,RotorFlow_OpenVSP_Blade_0_segment_4,blade_0_RotorFlow_OpenVSP_Blade_0:RotorFlow_OpenVSP_Blade_0_segment_4:orig:0,orig,0,2.014214038848877,2.014214038848877,1.8936259746551514,2.135728597640991,3,0.5833332538604736,0.09146736562252045,0.0986623540520668,0.3081890940666199,-0.02677239291369915,-0.0006285870913416147,0.053686004132032394,-0.589314678203892
0.0,0,blade_0,blade_0_RotorFlow_OpenVSP_Blade_0,RotorFlow_OpenVSP_Blade_0_segment_4,blade_0_RotorFlow_OpenVSP_Blade_0:RotorFlow_OpenVSP_Blade_0_segment_4:orig:0,orig,0,2.014214038848877,2.014214038848877,1.8936259746551514,2.135728597640991,4,0.7499999403953552,0.09146732836961746,0.5610015392303467,1.7523869276046753,-0.12849992513656616,-0.00564897945150733,0.43415847420692444,-0.589314678203892
0.0,0,blade_0,blade_0_RotorFlow_OpenVSP_Blade_0,RotorFlow_OpenVSP_Blade_0_segment_4,blade_0_RotorFlow_OpenVSP_Blade_0:RotorFlow_OpenVSP_Blade_0_segment_4:orig:0,orig,0,2.014214038848877,2.014214038848877,1.8936259746551514,2.135728597640991,5,0.9166666269302368,0.09146735072135925,1.407973289489746,4.3980512619018555,-0.04337611421942711,-0.02093723602592945,2.553339958190918,-0.589314678203892
0.0,0,blade_0,blade_0_RotorFlow_OpenVSP_Blade_0,RotorFlow_OpenVSP_Blade_0_segment_5,blade_0_RotorFlow_OpenVSP_Blade_0:RotorFlow_OpenVSP_Blade_0_segment_5:orig:0,orig,0,2.241475820541382,2.241475820541382,2.1210439205169678,2.3628644943237305,0,0.0833333283662796,0.08957679569721222,-2.4925105571746826,-7.950115203857422,-0.11217901110649109,0.23004992306232452,-5.496325492858887,-0.49864487064198704
0.0,0,blade_0,blade_0_RotorFlow_OpenVSP_Blade_0,RotorFlow_OpenVSP_Blade_0_segment_5,blade_0_RotorFlow_OpenVSP_Blade_0:RotorFlow_OpenVSP_Blade_0_segment_5:orig:0,orig,0,2.241475820541382,2.241475820541382,2.1210439205169678,2.3628644943237305,1,0.2499999701976776,0.08957679569721222,-0.8741431832313538,-2.788168430328369,0.19305561482906342,0.010385260917246342,-0.5001586079597473,-0.49864487064198704
0.0,0,blade_0,blade_0_RotorFlow_OpenVSP_Blade_0,RotorFlow_OpenVSP_Blade_0_segment_5,blade_0_RotorFlow_OpenVSP_Blade_0:RotorFlow_OpenVSP_Blade_0_segment_5:orig:0,orig,0,2.241475820541382,2.241475820541382,2.1210439205169678,2.3628644943237305,2,0.4166666269302368,0.08957679569721222,-0.3185741603374481,-1.0161246061325073,0.07636468857526779,0.0023166018072515726,-0.15107601881027222,-0.49864487064198704
0.0,0,blade_0,blade_0_RotorFlow_OpenVSP_Blade_0,RotorFlow_OpenVSP_Blade_0_segment_5,blade_0_RotorFlow_OpenVSP_Blade_0:RotorFlow_OpenVSP_Blade_0_segment_5:orig:0,orig,0,2.241475820541382,2.241475820541382,2.1210439205169678,2.3628644943237305,3,0.5833333134651184,0.0895768254995346,0.09799972176551819,0.3125799596309662,-0.02272251807153225,-0.0007910992135293782,0.052547287195920944,-0.49864487064198704
0.0,0,blade_0,blade_0_RotorFlow_OpenVSP_Blade_0,RotorFlow_OpenVSP_Blade_0_segment_5,blade_0_RotorFlow_OpenVSP_Blade_0:RotorFlow_OpenVSP_Blade_0_segment_5:orig:0,orig,0,2.241475820541382,2.241475820541382,2.1210439205169678,2.3628644943237305,4,0.75,0.08957679569721222,0.5558276772499084,1.7728687524795532,-0.10853035002946854,-0.005763741210103035,0.42726626992225647,-0.49864487064198704
0.0,0,blade_0,blade_0_RotorFlow_OpenVSP_Blade_0,RotorFlow_OpenVSP_Blade_0_segment_5,blade_0_RotorFlow_OpenVSP_Blade_0:RotorFlow_OpenVSP_Blade_0_segment_5:orig:0,orig,0,2.241475820541382,2.241475820541382,2.1210439205169678,2.3628644943237305,5,0.9166666269302368,0.08957680314779282,1.3931292295455933,4.443526744842529,-0.03280803933739662,-0.019262848421931267,2.538616895675659,-0.49864487064198704
0.0,0,blade_0,blade_0_RotorFlow_OpenVSP_Blade_0,RotorFlow_OpenVSP_Blade_0_segment_6,blade_0_RotorFlow_OpenVSP_Blade_0:RotorFlow_OpenVSP_Blade_0_segment_6:orig:0,orig,0,2.46877121925354,2.46877121925354,2.3484878540039062,2.590019702911377,0,0.08333335816860199,0.0876849889755249,-2.457092761993408,-8.006233215332031,-0.0996420755982399,0.23777985572814941,-5.446802616119385,-0.4079616510198576
0.0,0,blade_0,blade_0_RotorFlow_OpenVSP_Blade_0,RotorFlow_OpenVSP_Blade_0_segment_6,blade_0_RotorFlow_OpenVSP_Blade_0:RotorFlow_OpenVSP_Blade_0_segment_6:orig:0,orig,0,2.46877121925354,2.46877121925354,2.3484878540039062,2.590019702911377,1,0.2500000298023224,0.08768492937088013,-0.8618476390838623,-2.8082611560821533,0.16428014636039734,0.012776130810379982,-0.48893266916275024,-0.4079616510198576
0.0,0,blade_0,blade_0_RotorFlow_OpenVSP_Blade_0,RotorFlow_OpenVSP_Blade_0_segment_6,blade_0_RotorFlow_OpenVSP_Blade_0:RotorFlow_OpenVSP_Blade_0_segment_6:orig:0,orig,0,2.46877121925354,2.46877121925354,2.3484878540039062,2.590019702911377,2,0.4166666865348816,0.08768495917320251,-0.31406229734420776,-1.0233464241027832,0.06491738557815552,0.0029147888999432325,-0.1469786912202835,-0.4079616510198576
0.0,0,blade_0,blade_0_RotorFlow_OpenVSP_Blade_0,RotorFlow_OpenVSP_Blade_0_segment_6,blade_0_RotorFlow_OpenVSP_Blade_0:RotorFlow_OpenVSP_Blade_0_segment_6:orig:0,orig,0,2.46877121925354,2.46877121925354,2.3484878540039062,2.590019702911377,3,0.5833333134651184,0.08768495917320251,0.09668923169374466,0.3150539994239807,-0.019309137016534805,-0.0008864012197591364,0.051260389387607574,-0.4079616510198576
0.0,0,blade_0,blade_0_RotorFlow_OpenVSP_Blade_0,RotorFlow_OpenVSP_Blade_0_segment_6,blade_0_RotorFlow_OpenVSP_Blade_0:RotorFlow_OpenVSP_Blade_0_segment_6:orig:0,orig,0,2.46877121925354,2.46877121925354,2.3484878540039062,2.590019702911377,4,0.75,0.08768495172262192,0.547908365726471,1.7853147983551025,-0.0919356495141983,-0.005783208645880222,0.4188868999481201,-0.4079616510198576
0.0,0,blade_0,blade_0_RotorFlow_OpenVSP_Blade_0,RotorFlow_OpenVSP_Blade_0_segment_6,blade_0_RotorFlow_OpenVSP_Blade_0:RotorFlow_OpenVSP_Blade_0_segment_6:orig:0,orig,0,2.46877121925354,2.46877121925354,2.3484878540039062,2.590019702911377,5,0.9166666269302368,0.08768495172262192,1.372138500213623,4.471001625061035,-0.025610698387026787,-0.018029889091849327,2.50724720954895,-0.4079616510198576
0.0,0,blade_0,blade_0_RotorFlow_OpenVSP_Blade_0,RotorFlow_OpenVSP_Blade_0_segment_7,blade_0_RotorFlow_OpenVSP_Blade_0:RotorFlow_OpenVSP_Blade_0_segment_7:orig:0,orig,0,2.696087121963501,2.696087121963501,2.575948476791382,2.8171868324279785,0,0.08333341032266617,0.08579239994287491,-2.415454149246216,-8.044182777404785,-0.08726606518030167,0.2410540133714676,-5.373447895050049,-0.31727025099220113
0.0,0,blade_0,blade_0_RotorFlow_OpenVSP_Blade_0,RotorFlow_OpenVSP_Blade_0_segment_7,blade_0_RotorFlow_OpenVSP_Blade_0:RotorFlow_OpenVSP_Blade_0_segment_7:orig:0,orig,0,2.696087121963501,2.696087121963501,2.575948476791382,2.8171868324279785,1,0.25000011920928955,0.08579234033823013,-0.8473113179206848,-2.8218014240264893,0.14009372889995575,0.014236527495086193,-0.4775331914424896,-0.31727025099220113
0.0,0,blade_0,blade_0_RotorFlow_OpenVSP_Blade_0,RotorFlow_OpenVSP_Blade_0_segment_7,blade_0_RotorFlow_OpenVSP_Blade_0:RotorFlow_OpenVSP_Blade_0_segment_7:orig:0,orig,0,2.696087121963501,2.696087121963501,2.575948476791382,2.8171868324279785,2,0.416666716337204,0.08579234033823013,-0.30877572298049927,-1.0283160209655762,0.05531971529126167,0.003280959092080593,-0.14305812120437622,-0.31727025099220113
0.0,0,blade_0,blade_0_RotorFlow_OpenVSP_Blade_0,RotorFlow_OpenVSP_Blade_0_segment_7,blade_0_RotorFlow_OpenVSP_Blade_0:RotorFlow_OpenVSP_Blade_0_segment_7:orig:0,orig,0,2.696087121963501,2.696087121963501,2.575948476791382,2.8171868324279785,3,0.5833333730697632,0.08579234033823013,0.09501884132623672,0.3164413273334503,-0.01643146201968193,-0.0009404228767380118,0.04994393512606621,-0.31727025099220113
0.0,0,blade_0,blade_0_RotorFlow_OpenVSP_Blade_0,RotorFlow_OpenVSP_Blade_0_segment_7,blade_0_RotorFlow_OpenVSP_Blade_0:RotorFlow_OpenVSP_Blade_0_segment_7:orig:0,orig,0,2.696087121963501,2.696087121963501,2.575948476791382,2.8171868324279785,4,0.75,0.08579235523939133,0.5384383797645569,1.793161392211914,-0.07813383638858795,-0.0057478612288832664,0.40993571281433105,-0.31727025099220113
0.0,0,blade_0,blade_0_RotorFlow_OpenVSP_Blade_0,RotorFlow_OpenVSP_Blade_0_segment_7,blade_0_RotorFlow_OpenVSP_Blade_0:RotorFlow_OpenVSP_Blade_0_segment_7:orig:0,orig,0,2.696087121963501,2.696087121963501,2.575948476791382,2.8171868324279785,5,0.9166666865348816,0.08579234033823013,1.3475996255874634,4.487912178039551,-0.02054152823984623,-0.01708095893263817,2.4664578437805176,-0.31727025099220113
0.0,0,blade_0,blade_0_RotorFlow_OpenVSP_Blade_0,RotorFlow_OpenVSP_Blade_0_segment_8,blade_0_RotorFlow_OpenVSP_Blade_0:RotorFlow_OpenVSP_Blade_0_segment_8:orig:0,orig,0,2.9234161376953125,2.9234161376953125,2.8034205436706543,3.0443618297576904,0,0.08333335816860199,0.08389932662248611,-2.3699727058410645,-8.070804595947266,-0.07582972943782806,0.24148514866828918,-5.285280704498291,-0.22657361930984724
0.0,0,blade_0,blade_0_RotorFlow_OpenVSP_Blade_0,RotorFlow_OpenVSP_Blade_0_segment_8,blade_0_RotorFlow_OpenVSP_Blade_0:RotorFlow_OpenVSP_Blade_0_segment_8:orig:0,orig,0,2.9234161376953125,2.9234161376953125,2.8034205436706543,3.0443618297576904,1,0.2500000298023224,0.08389929682016373,-0.8314090967178345,-2.8313164710998535,0.11960914731025696,0.015103989280760288,-0.46621769666671753,-0.22657361930984724
0.0,0,blade_0,blade_0_RotorFlow_OpenVSP_Blade_0,RotorFlow_OpenVSP_Blade_0_segment_8,blade_0_RotorFlow_OpenVSP_Blade_0:RotorFlow_OpenVSP_Blade_0_segment_8:orig:0,orig,0,2.9234161376953125,2.9234161376953125,2.8034205436706543,3.0443618297576904,2,0.4166666865348816,0.08389926701784134,-0.3030183017253876,-1.0319119691848755,0.04720670357346535,0.003500133054330945,-0.1393263190984726,-0.22657361930984724
0.0,0,blade_0,blade_0_RotorFlow_OpenVSP_Blade_0,RotorFlow_OpenVSP_Blade_0_segment_8,blade_0_RotorFlow_OpenVSP_Blade_0:RotorFlow_OpenVSP_Blade_0_segment_8:orig:0,orig,0,2.9234161376953125,2.9234161376953125,2.8034205436706543,3.0443618297576904,3,0.5833333730697632,0.08389929682016373,0.09313447773456573,0.31716418266296387,-0.013994120061397552,-0.0009684015531092882,0.04863908514380455,-0.22657361930984724
0.0,0,blade_0,blade_0_RotorFlow_OpenVSP_Blade_0,RotorFlow_OpenVSP_Blade_0_segment_8,blade_0_RotorFlow_OpenVSP_Blade_0:RotorFlow_OpenVSP_Blade_0_segment_8:orig:0,orig,0,2.9234161376953125,2.9234161376953125,2.8034205436706543,3.0443618297576904,4,0.7499999403953552,0.08389928936958313,0.528029203414917,1.7981735467910767,-0.06650691479444504,-0.005679367575794458,0.40076199173927307,-0.22657361930984724
0.0,0,blade_0,blade_0_RotorFlow_OpenVSP_Blade_0,RotorFlow_OpenVSP_Blade_0_segment_8,blade_0_RotorFlow_OpenVSP_Blade_0:RotorFlow_OpenVSP_Blade_0_segment_8:orig:0,orig,0,2.9234161376953125,2.9234161376953125,2.8034205436706543,3.0443618297576904,5,0.916666567325592,0.08389928936958313,1.3208725452423096,4.498156547546387,-0.01674354076385498,-0.016315311193466187,2.419954299926758,-0.22657361930984724
0.0,0,blade_0,blade_0_RotorFlow_OpenVSP_Blade_0,RotorFlow_OpenVSP_Blade_0_segment_9,blade_0_RotorFlow_OpenVSP_Blade_0:RotorFlow_OpenVSP_Blade_0_segment_9:orig:0,orig,0,3.150753974914551,3.150753974914551,3.0308995246887207,3.271541118621826,0,0.083333320915699,0.08200593292713165,-2.3219950199127197,-8.08998966217041,-0.06553186476230621,0.24005244672298431,-5.18748140335083,-0.13587346815069687
0.0,0,blade_0,blade_0_RotorFlow_OpenVSP_Blade_0,RotorFlow_OpenVSP_Blade_0_segment_9,blade_0_RotorFlow_OpenVSP_Blade_0:RotorFlow_OpenVSP_Blade_0_segment_9:orig:0,orig,0,3.150753974914551,3.150753974914551,3.0308995246887207,3.271541118621826,1,0.2500000298023224,0.08200599253177643,-0.8146291375160217,-2.838221549987793,0.1021319106221199,0.015584181994199753,-0.4550614356994629,-0.13587346815069687
0.0,0,blade_0,blade_0_RotorFlow_OpenVSP_Blade_0,RotorFlow_OpenVSP_Blade_0_segment_9,blade_0_RotorFlow_OpenVSP_Blade_0:RotorFlow_OpenVSP_Blade_0_segment_9:orig:0,orig,0,3.150753974914551,3.150753974914551,3.0308995246887207,3.271541118621826,2,0.416666716337204,0.08200590312480927,-0.2969605624675751,-1.034631371498108,0.040298402309417725,0.003623777301982045,-0.13576211035251617,-0.13587346815069687
0.0,0,blade_0,blade_0_RotorFlow_OpenVSP_Blade_0,RotorFlow_OpenVSP_Blade_0_segment_9,blade_0_RotorFlow_OpenVSP_Blade_0:RotorFlow_OpenVSP_Blade_0_segment_9:orig:0,orig,0,3.150753974914551,3.150753974914551,3.0308995246887207,3.271541118621826,3,0.5833333134651184,0.08200594782829285,0.09111352264881134,0.3174457252025604,-0.011917173862457275,-0.000979487900622189,0.04735580459237099,-0.13587346815069687
0.0,0,blade_0,blade_0_RotorFlow_OpenVSP_Blade_0,RotorFlow_OpenVSP_Blade_0_segment_9,blade_0_RotorFlow_OpenVSP_Blade_0:RotorFlow_OpenVSP_Blade_0_segment_9:orig:0,orig,0,3.150753974914551,3.150753974914551,3.0308995246887207,3.271541118621826,4,0.7499999403953552,0.08200594782829285,0.5170178413391113,1.8013253211975098,-0.05660122632980347,-0.0055901906453073025,0.3915134370326996,-0.13587346815069687
0.0,0,blade_0,blade_0_RotorFlow_OpenVSP_Blade_0,RotorFlow_OpenVSP_Blade_0_segment_9,blade_0_RotorFlow_OpenVSP_Blade_0:RotorFlow_OpenVSP_Blade_0_segment_9:orig:0,orig,0,3.150753974914551,3.150753974914551,3.0308995246887207,3.271541118621826,5,0.9166666269302368,0.08200594782829285,1.292719841003418,4.5039238929748535,-0.013806545175611973,-0.015670908614993095,2.3697948455810547,-0.13587346815069687
0.0,0,blade_0,blade_0_RotorFlow_OpenVSP_Blade_0,RotorFlow_OpenVSP_Blade_0_segment_10,blade_0_RotorFlow_OpenVSP_Blade_0:RotorFlow_OpenVSP_Blade_0_segment_10:orig:0,orig,0,3.37809681892395,3.37809681892395,3.2583839893341064,3.4987237453460693,0,0.0833333432674408,0.08011243492364883,-2.2723305225372314,-8.104076385498047,-0.056380681693553925,0.2373581826686859,-5.0831379890441895,-0.04517131945066199
0.0,0,blade_0,blade_0_RotorFlow_OpenVSP_Blade_0,RotorFlow_OpenVSP_Blade_0_segment_10,blade_0_RotorFlow_OpenVSP_Blade_0:RotorFlow_OpenVSP_Blade_0_segment_10:orig:0,orig,0,3.37809681892395,3.37809681892395,3.2583839893341064,3.4987237453460693,1,0.2500000298023224,0.08011243492364883,-0.7972572445869446,-2.843351364135742,0.08712738007307053,0.015804490074515343,-0.44406309723854065,-0.04517131945066199
0.0,0,blade_0,blade_0_RotorFlow_OpenVSP_Blade_0,RotorFlow_OpenVSP_Blade_0_segment_10,blade_0_RotorFlow_OpenVSP_Blade_0:RotorFlow_OpenVSP_Blade_0_segment_10:orig:0,orig,0,3.37809681892395,3.37809681892395,3.2583839893341064,3.4987237453460693,2,0.4166666269302368,0.08011240512132645,-0.29069948196411133,-1.0367556810379028,0.03436863422393799,0.003683655522763729,-0.13232921063899994,-0.04517131945066199
0.0,0,blade_0,blade_0_RotorFlow_OpenVSP_Blade_0,RotorFlow_OpenVSP_Blade_0_segment_10,blade_0_RotorFlow_OpenVSP_Blade_0:RotorFlow_OpenVSP_Blade_0_segment_10:orig:0,orig,0,3.37809681892395,3.37809681892395,3.2583839893341064,3.4987237453460693,3,0.5833333134651184,0.08011242002248764,0.08900140970945358,0.31741610169410706,-0.010137435048818588,-0.0009793482022359967,0.04609496891498566,-0.04517131945066199
0.0,0,blade_0,blade_0_RotorFlow_OpenVSP_Blade_0,RotorFlow_OpenVSP_Blade_0_segment_10,blade_0_RotorFlow_OpenVSP_Blade_0:RotorFlow_OpenVSP_Blade_0_segment_10:orig:0,orig,0,3.37809681892395,3.37809681892395,3.2583839893341064,3.4987237453460693,4,0.7499999403953552,0.08011242747306824,0.5056005120277405,1.8031821250915527,-0.04819415509700775,-0.005487616173923016,0.38226354122161865,-0.04517131945066199
0.0,0,blade_0,blade_0_RotorFlow_OpenVSP_Blade_0,RotorFlow_OpenVSP_Blade_0_segment_10,blade_0_RotorFlow_OpenVSP_Blade_0:RotorFlow_OpenVSP_Blade_0_segment_10:orig:0,orig,0,3.37809681892395,3.37809681892395,3.2583839893341064,3.4987237453460693,5,0.9166666269302368,0.08011242002248764,1.2635945081710815,4.506504535675049,-0.011441591195762157,-0.01510761771351099,2.317171096801758,-0.04517131945066199
0.0,0,blade_0,blade_0_RotorFlow_OpenVSP_Blade_0,RotorFlow_OpenVSP_Blade_0_segment_11,blade_0_RotorFlow_OpenVSP_Blade_0:RotorFlow_OpenVSP_Blade_0_segment_11:orig:0,orig,0,3.6054437160491943,3.6054437160491943,3.485872268676758,3.7259085178375244,0,0.08333339542150497,0.07821878790855408,-2.221475601196289,-8.11451244354248,-0.04827077314257622,0.2337951511144638,-4.974157810211182,0.045532446306279374
0.0,0,blade_0,blade_0_RotorFlow_OpenVSP_Blade_0,RotorFlow_OpenVSP_Blade_0_segment_11,blade_0_RotorFlow_OpenVSP_Blade_0:RotorFlow_OpenVSP_Blade_0_segment_11:orig:0,orig,0,3.6054437160491943,3.6054437160491943,3.485872268676758,3.7259085178375244,1,0.2500000596046448,0.07821876555681229,-0.7794718146324158,-2.8472225666046143,0.07416614145040512,0.015847112983465195,-0.4331948757171631,0.045532446306279374
0.0,0,blade_0,blade_0_RotorFlow_OpenVSP_Blade_0,RotorFlow_OpenVSP_Blade_0_segment_11,blade_0_RotorFlow_OpenVSP_Blade_0:RotorFlow_OpenVSP_Blade_0_segment_11:orig:0,orig,0,3.6054437160491943,3.6054437160491943,3.485872268676758,3.7259085178375244,2,0.416666716337204,0.07821876555681229,-0.2842957079410553,-1.0384635925292969,0.02925487793982029,0.00369998998939991,-0.12899857759475708,0.045532446306279374
0.0,0,blade_0,blade_0_RotorFlow_OpenVSP_Blade_0,RotorFlow_OpenVSP_Blade_0_segment_11,blade_0_RotorFlow_OpenVSP_Blade_0:RotorFlow_OpenVSP_Blade_0_segment_11:orig:0,orig,0,3.6054437160491943,3.6054437160491943,3.485872268676758,3.7259085178375244,3,0.5833333730697632,0.07821879535913467,0.08682635426521301,0.3171556293964386,-0.008603851310908794,-0.0009715750347822905,0.04485296458005905,0.045532446306279374
0.0,0,blade_0,blade_0_RotorFlow_OpenVSP_Blade_0,RotorFlow_OpenVSP_Blade_0_segment_11,blade_0_RotorFlow_OpenVSP_Blade_0:RotorFlow_OpenVSP_Blade_0_segment_11:orig:0,orig,0,3.6054437160491943,3.6054437160491943,3.485872268676758,3.7259085178375244,4,0.7500001192092896,0.07821877300739288,0.49389663338661194,1.8040850162506104,-0.040916889905929565,-0.005376024171710014,0.37301138043403625,0.045532446306279374
0.0,0,blade_0,blade_0_RotorFlow_OpenVSP_Blade_0,RotorFlow_OpenVSP_Blade_0_segment_11,blade_0_RotorFlow_OpenVSP_Blade_0:RotorFlow_OpenVSP_Blade_0_segment_11:orig:0,orig,0,3.6054437160491943,3.6054437160491943,3.485872268676758,3.7259085178375244,5,0.9166667461395264,0.07821877300739288,1.2337722778320312,4.506671905517578,-0.00940377451479435,-0.014599223621189594,2.2627816200256348,0.045532446306279374
0.0,0,blade_0,blade_0_RotorFlow_OpenVSP_Blade_0,RotorFlow_OpenVSP_Blade_0_segment_12,blade_0_RotorFlow_OpenVSP_Blade_0:RotorFlow_OpenVSP_Blade_0_segment_12:orig:0,orig,0,3.8327934741973877,3.8327934741973877,3.713362693786621,3.953094959259033,0,0.08333338052034378,0.07632507383823395,-2.1697418689727783,-8.122182846069336,-0.041222140192985535,0.22961294651031494,-4.861681938171387,0.13623735351515473
0.0,0,blade_0,blade_0_RotorFlow_OpenVSP_Blade_0,RotorFlow_OpenVSP_Blade_0_segment_12,blade_0_RotorFlow_OpenVSP_Blade_0:RotorFlow_OpenVSP_Blade_0_segment_12:orig:0,orig,0,3.8327934741973877,3.8327934741973877,3.713362693786621,3.953094959259033,1,0.2500000298023224,0.07632507383823395,-0.7613792419433594,-2.8501369953155518,0.06292126327753067,0.015764987096190453,-0.42241495847702026,0.13623735351515473
0.0,0,blade_0,blade_0_RotorFlow_OpenVSP_Blade_0,RotorFlow_OpenVSP_Blade_0_segment_12,blade_0_RotorFlow_OpenVSP_Blade_0:RotorFlow_OpenVSP_Blade_0_segment_12:orig:0,orig,0,3.8327934741973877,3.8327934741973877,3.713362693786621,3.953094959259033,2,0.4166666567325592,0.07632501423358917,-0.2777881324291229,-1.0398693084716797,0.024820465594530106,0.0036860047839581966,-0.12574227154254913,0.13623735351515473
0.0,0,blade_0,blade_0_RotorFlow_OpenVSP_Blade_0,RotorFlow_OpenVSP_Blade_0_segment_12,blade_0_RotorFlow_OpenVSP_Blade_0:RotorFlow_OpenVSP_Blade_0_segment_12:orig:0,orig,0,3.8327934741973877,3.8327934741973877,3.713362693786621,3.953094959259033,3,0.5833332538604736,0.07632505893707275,0.08460347354412079,0.31670358777046204,-0.007276610005646944,-0.0009584478102624416,0.0436239019036293,0.13623735351515473
0.0,0,blade_0,blade_0_RotorFlow_OpenVSP_Blade_0,RotorFlow_OpenVSP_Blade_0_segment_12,blade_0_RotorFlow_OpenVSP_Blade_0:RotorFlow_OpenVSP_Blade_0_segment_12:orig:0,orig,0,3.8327934741973877,3.8327934741973877,3.713362693786621,3.953094959259033,4,0.7499999403953552,0.07632505148649216,0.4819791913032532,1.8042352199554443,-0.03466746583580971,-0.005258143413811922,0.36376795172691345,0.13623735351515473
0.0,0,blade_0,blade_0_RotorFlow_OpenVSP_Blade_0,RotorFlow_OpenVSP_Blade_0_segment_12,blade_0_RotorFlow_OpenVSP_Blade_0:RotorFlow_OpenVSP_Blade_0_segment_12:orig:0,orig,0,3.8327934741973877,3.8327934741973877,3.713362693786621,3.953094959259033,5,0.9166666269302368,0.07632504403591156,1.2034248113632202,4.504886627197266,-0.00787242129445076,-0.014129195362329483,2.2070858478546143,0.13623735351515473
0.0,0,blade_0,blade_0_RotorFlow_OpenVSP_Blade_0,RotorFlow_OpenVSP_Blade_0_segment_13,blade_0_RotorFlow_OpenVSP_Blade_0:RotorFlow_OpenVSP_Blade_0_segment_13:orig:0,orig,0,4.060145854949951,4.060145854949951,3.940855026245117,4.180282115936279,0,0.0833333358168602,0.07443127036094666,-2.1173133850097656,-8.127588272094727,-0.03488556295633316,0.22497224807739258,-4.746387481689453,0.2269433070549696
0.0,0,blade_0,blade_0_RotorFlow_OpenVSP_Blade_0,RotorFlow_OpenVSP_Blade_0_segment_13,blade_0_RotorFlow_OpenVSP_Blade_0:RotorFlow_OpenVSP_Blade_0_segment_13:orig:0,orig,0,4.060145854949951,4.060145854949951,3.940855026245117,4.180282115936279,1,0.25,0.07443130016326904,-0.7430464625358582,-2.852281093597412,0.053117237985134125,0.015593111515045166,-0.4116728901863098,0.2269433070549696
0.0,0,blade_0,blade_0_RotorFlow_OpenVSP_Blade_0,RotorFlow_OpenVSP_Blade_0_segment_13,blade_0_RotorFlow_OpenVSP_Blade_0:RotorFlow_OpenVSP_Blade_0_segment_13:orig:0,orig,0,4.060145854949951,4.060145854949951,3.940855026245117,4.180282115936279,2,0.4166666269302368,0.07443124055862427,-0.27119767665863037,-1.041028618812561,0.020954327657818794,0.0036501833237707615,-0.12253176420927048,0.2269433070549696
0.0,0,blade_0,blade_0_RotorFlow_OpenVSP_Blade_0,RotorFlow_OpenVSP_Blade_0_segment_13,blade_0_RotorFlow_OpenVSP_Blade_0:RotorFlow_OpenVSP_Blade_0_segment_13:orig:0,orig,0,4.060145854949951,4.060145854949951,3.940855026245117,4.180282115936279,3,0.5833333134651184,0.07443127036094666,0.08234263211488724,0.3160831034183502,-0.006122760474681854,-0.000941464735660702,0.04240135848522186,0.2269433070549696
0.0,0,blade_0,blade_0_RotorFlow_OpenVSP_Blade_0,RotorFlow_OpenVSP_Blade_0_segment_13,blade_0_RotorFlow_OpenVSP_Blade_0:RotorFlow_OpenVSP_Blade_0_segment_13:orig:0,orig,0,4.060145854949951,4.060145854949951,3.940855026245117,4.180282115936279,4,0.7500000596046448,0.07443127036094666,0.46989166736602783,1.803741455078125,-0.02919893153011799,-0.005135450512170792,0.3545009195804596,0.2269433070549696
0.0,0,blade_0,blade_0_RotorFlow_OpenVSP_Blade_0,RotorFlow_OpenVSP_Blade_0_segment_13,blade_0_RotorFlow_OpenVSP_Blade_0:RotorFlow_OpenVSP_Blade_0_segment_13:orig:0,orig,0,4.060145854949951,4.060145854949951,3.940855026245117,4.180282115936279,5,0.9166666269302368,0.07443127036094666,1.1726526021957397,4.501382350921631,-0.006628285627812147,-0.0136851342394948,2.1502881050109863,0.2269433070549696
0.0,0,blade_0,blade_0_RotorFlow_OpenVSP_Blade_0,RotorFlow_OpenVSP_Blade_0_segment_14,blade_0_RotorFlow_OpenVSP_Blade_0:RotorFlow_OpenVSP_Blade_0_segment_14:orig:0,orig,0,4.2874979972839355,4.2874979972839355,4.1683478355407715,4.407469749450684,0,0.08333335071802139,0.07253746688365936,-2.0642828941345215,-8.130903244018555,-0.02938682958483696,0.21997830271720886,-4.6285080909729,0.31764916547378996
0.0,0,blade_0,blade_0_RotorFlow_OpenVSP_Blade_0,RotorFlow_OpenVSP_Blade_0_segment_14,blade_0_RotorFlow_OpenVSP_Blade_0:RotorFlow_OpenVSP_Blade_0_segment_14:orig:0,orig,0,4.2874979972839355,4.2874979972839355,4.1683478355407715,4.407469749450684,1,0.2500000596046448,0.07253746688365936,-0.7244991064071655,-2.853694200515747,0.04454833269119263,0.015354173257946968,-0.4008977711200714,0.31764916547378996
0.0,0,blade_0,blade_0_RotorFlow_OpenVSP_Blade_0,RotorFlow_OpenVSP_Blade_0_segment_14,blade_0_RotorFlow_OpenVSP_Blade_0:RotorFlow_OpenVSP_Blade_0_segment_14:orig:0,orig,0,4.2874979972839355,4.2874979972839355,4.1683478355407715,4.407469749450684,2,0.41666674613952637,0.07253743708133698,-0.26453280448913574,-1.0419557094573975,0.017574625089764595,0.003598187118768692,-0.11933835595846176,0.31764916547378996
0.0,0,blade_0,blade_0_RotorFlow_OpenVSP_Blade_0,RotorFlow_OpenVSP_Blade_0_segment_14,blade_0_RotorFlow_OpenVSP_Blade_0:RotorFlow_OpenVSP_Blade_0_segment_14:orig:0,orig,0,4.2874979972839355,4.2874979972839355,4.1683478355407715,4.407469749450684,3,0.5833333134651184,0.07253743708133698,0.08004988729953766,0.3153047263622284,-0.0051170592196285725,-0.000921593455132097,0.04117884486913681,0.31764916547378996
0.0,0,blade_0,blade_0_RotorFlow_OpenVSP_Blade_0,RotorFlow_OpenVSP_Blade_0_segment_14,blade_0_RotorFlow_OpenVSP_Blade_0:RotorFlow_OpenVSP_Blade_0_segment_14:orig:0,orig,0,4.2874979972839355,4.2874979972839355,4.1683478355407715,4.407469749450684,4,0.7500000596046448,0.07253744453191757,0.45765307545661926,1.8026278018951416,-0.024405118077993393,-0.0050087543204426765,0.34518250823020935,0.31764916547378996
0.0,0,blade_0,blade_0_RotorFlow_OpenVSP_Blade_0,RotorFlow_OpenVSP_Blade_0_segment_14,blade_0_RotorFlow_OpenVSP_Blade_0:RotorFlow_OpenVSP_Blade_0_segment_14:orig:0,orig,0,4.2874979972839355,4.2874979972839355,4.1683478355407715,4.407469749450684,5,0.9166666269302368,0.07253744453191757,1.141500473022461,4.496201515197754,-0.0052421982400119305,-0.013256879523396492,2.092421531677246,0.31764916547378996
0.0,0,blade_0,blade_0_RotorFlow_OpenVSP_Blade_0,RotorFlow_OpenVSP_Blade_0_segment_15,blade_0_RotorFlow_OpenVSP_Blade_0:RotorFlow_OpenVSP_Blade_0_segment_15:orig:0,orig,0,4.514852046966553,4.514852046966553,4.395843505859375,4.6346588134765625,0,0.0833333283662796,0.0706435889005661,-2.0106239318847656,-8.131863594055176,-0.024550974369049072,0.21467998623847961,-4.507750511169434,0.4083557848605663
0.0,0,blade_0,blade_0_RotorFlow_OpenVSP_Blade_0,RotorFlow_OpenVSP_Blade_0_segment_15,blade_0_RotorFlow_OpenVSP_Blade_0:RotorFlow_OpenVSP_Blade_0_segment_15:orig:0,orig,0,4.514852046966553,4.514852046966553,4.395843505859375,4.6346588134765625,1,0.2499999850988388,0.0706435889005661,-0.7057291865348816,-2.8542847633361816,0.03701149672269821,0.015061754733324051,-0.3899801969528198,0.4083557848605663
0.0,0,blade_0,blade_0_RotorFlow_OpenVSP_Blade_0,RotorFlow_OpenVSP_Blade_0_segment_15,blade_0_RotorFlow_OpenVSP_Blade_0:RotorFlow_OpenVSP_Blade_0_segment_15:orig:0,orig,0,4.514852046966553,4.514852046966553,4.395843505859375,4.6346588134765625,2,0.4166666567325592,0.0706435889005661,-0.257788747549057,-1.0426130294799805,0.014610442332923412,0.0035332178231328726,-0.11612147837877274,0.4083557848605663
0.0,0,blade_0,blade_0_RotorFlow_OpenVSP_Blade_0,RotorFlow_OpenVSP_Blade_0_segment_15,blade_0_RotorFlow_OpenVSP_Blade_0:RotorFlow_OpenVSP_Blade_0_segment_15:orig:0,orig,0,4.514852046966553,4.514852046966553,4.395843505859375,4.6346588134765625,3,0.5833333134651184,0.0706435889005661,0.07772406190633774,0.3143509030342102,-0.004236943554133177,-0.0008993561496026814,0.03994451090693474,0.4083557848605663
0.0,0,blade_0,blade_0_RotorFlow_OpenVSP_Blade_0,RotorFlow_OpenVSP_Blade_0_segment_15,blade_0_RotorFlow_OpenVSP_Blade_0:RotorFlow_OpenVSP_Blade_0_segment_15:orig:0,orig,0,4.514852046966553,4.514852046966553,4.395843505859375,4.6346588134765625,4,0.7499999403953552,0.0706435963511467,0.4452568590641022,1.800817847251892,-0.020280370488762856,-0.004878134932368994,0.33575838804244995,0.4083557848605663
0.0,0,blade_0,blade_0_RotorFlow_OpenVSP_Blade_0,RotorFlow_OpenVSP_Blade_0_segment_15,blade_0_RotorFlow_OpenVSP_Blade_0:RotorFlow_OpenVSP_Blade_0_segment_15:orig:0,orig,0,4.514852046966553,4.514852046966553,4.395843505859375,4.6346588134765625,5,0.9166666269302368,0.0706435889005661,1.1099504232406616,4.489136219024658,-0.004417189862579107,-0.012839419767260551,2.033403158187866,0.4083557848605663
0.0,0,blade_0,blade_0_RotorFlow_OpenVSP_Blade_0,RotorFlow_OpenVSP_Blade_0_segment_16,blade_0_RotorFlow_OpenVSP_Blade_0:RotorFlow_OpenVSP_Blade_0_segment_16:orig:0,orig,0,4.74220609664917,4.74220609664917,4.62333869934082,4.861846923828125,0,0.08333337306976318,0.06874972581863403,-1.9561535120010376,-8.129501342773438,-0.020177477970719337,0.20907016098499298,-4.3831000328063965,0.49906240424734266
0.0,0,blade_0,blade_0_RotorFlow_OpenVSP_Blade_0,RotorFlow_OpenVSP_Blade_0_segment_16,blade_0_RotorFlow_OpenVSP_Blade_0:RotorFlow_OpenVSP_Blade_0_segment_16:orig:0,orig,0,4.74220609664917,4.74220609664917,4.62333869934082,4.861846923828125,1,0.2499999850988388,0.06874972581863403,-0.6866574287414551,-2.8536527156829834,0.030399080365896225,0.014720954932272434,-0.3787353038787842,0.49906240424734266
0.0,0,blade_0,blade_0_RotorFlow_OpenVSP_Blade_0,RotorFlow_OpenVSP_Blade_0_segment_16,blade_0_RotorFlow_OpenVSP_Blade_0:RotorFlow_OpenVSP_Blade_0_segment_16:orig:0,orig,0,4.74220609664917,4.74220609664917,4.62333869934082,4.861846923828125,2,0.4166666567325592,0.06874969601631165,-0.250931978225708,-1.0428388118743896,0.012004329822957516,0.003456540871411562,-0.11281747370958328,0.49906240424734266
0.0,0,blade_0,blade_0_RotorFlow_OpenVSP_Blade_0,RotorFlow_OpenVSP_Blade_0_segment_16,blade_0_RotorFlow_OpenVSP_Blade_0:RotorFlow_OpenVSP_Blade_0_segment_16:orig:0,orig,0,4.74220609664917,4.74220609664917,4.62333869934082,4.861846923828125,3,0.5833333134651184,0.06874972581863403,0.07535860687494278,0.3131798803806305,-0.00346702104434371,-0.0008748991531319916,0.038680821657180786,0.49906240424734266
0.0,0,blade_0,blade_0_RotorFlow_OpenVSP_Blade_0,RotorFlow_OpenVSP_Blade_0_segment_16,blade_0_RotorFlow_OpenVSP_Blade_0:RotorFlow_OpenVSP_Blade_0_segment_16:orig:0,orig,0,4.74220609664917,4.74220609664917,4.62333869934082,4.861846923828125,4,0.75,0.06874972581863403,0.43265461921691895,1.7980523109436035,-0.016597805544734,-0.004742342978715897,0.3260969817638397,0.49906240424734266
0.0,0,blade_0,blade_0_RotorFlow_OpenVSP_Blade_0,RotorFlow_OpenVSP_Blade_0_segment_16,blade_0_RotorFlow_OpenVSP_Blade_0:RotorFlow_OpenVSP_Blade_0_segment_16:orig:0,orig,0,4.74220609664917,4.74220609664917,4.62333869934082,4.861846923828125,5,0.9166667461395264,0.06874972581863403,1.0778875350952148,4.479550361633301,-0.0036874308716505766,-0.012423836626112461,1.972731590270996,0.49906240424734266
0.0,0,blade_0,blade_0_RotorFlow_OpenVSP_Blade_0,RotorFlow_OpenVSP_Blade_0_segment_17,blade_0_RotorFlow_OpenVSP_Blade_0:RotorFlow_OpenVSP_Blade_0_segment_17:orig:0,orig,0,4.9695611000061035,4.9695611000061035,4.850834846496582,5.089036464691162,0,0.0833333432674408,0.06685581058263779,-1.900316834449768,-8.121173858642578,-0.01628527231514454,0.20304501056671143,-4.251685619354248,0.589769404118097
0.0,0,blade_0,blade_0_RotorFlow_OpenVSP_Blade_0,RotorFlow_OpenVSP_Blade_0_segment_17,blade_0_RotorFlow_OpenVSP_Blade_0:RotorFlow_OpenVSP_Blade_0_segment_17:orig:0,orig,0,4.9695611000061035,4.9695611000061035,4.850834846496582,5.089036464691162,1,0.2499999701976776,0.06685584038496017,-0.6670628786087036,-2.8507516384124756,0.02455202303826809,0.014324942603707314,-0.3667542040348053,0.589769404118097
0.0,0,blade_0,blade_0_RotorFlow_OpenVSP_Blade_0,RotorFlow_OpenVSP_Blade_0_segment_17,blade_0_RotorFlow_OpenVSP_Blade_0:RotorFlow_OpenVSP_Blade_0_segment_17:orig:0,orig,0,4.9695611000061035,4.9695611000061035,4.850834846496582,5.089036464691162,2,0.4166666567325592,0.06685581058263779,-0.24387213587760925,-1.0422093868255615,0.009700602851808071,0.0033661930356174707,-0.1092890128493309,0.589769404118097
0.0,0,blade_0,blade_0_RotorFlow_OpenVSP_Blade_0,RotorFlow_OpenVSP_Blade_0_segment_17,blade_0_RotorFlow_OpenVSP_Blade_0:RotorFlow_OpenVSP_Blade_0_segment_17:orig:0,orig,0,4.9695611000061035,4.9695611000061035,4.850834846496582,5.089036464691162,3,0.5833332538604736,0.06685584038496017,0.07293370366096497,0.3116885721683502,-0.0027901092544198036,-0.000847755407448858,0.03734961152076721,0.589769404118097
0.0,0,blade_0,blade_0_RotorFlow_OpenVSP_Blade_0,RotorFlow_OpenVSP_Blade_0_segment_17,blade_0_RotorFlow_OpenVSP_Blade_0:RotorFlow_OpenVSP_Blade_0_segment_17:orig:0,orig,0,4.9695611000061035,4.9695611000061035,4.850834846496582,5.089036464691162,4,0.7499999403953552,0.06685584038496017,0.4197029769420624,1.7936373949050903,-0.013420726172626019,-0.004597913008183241,0.31593194603919983,0.589769404118097
0.0,0,blade_0,blade_0_RotorFlow_OpenVSP_Blade_0,RotorFlow_OpenVSP_Blade_0_segment_17,blade_0_RotorFlow_OpenVSP_Blade_0:RotorFlow_OpenVSP_Blade_0_segment_17:orig:0,orig,0,4.9695611000061035,4.9695611000061035,4.850834846496582,5.089036464691162,5,0.9166666269302368,0.06685584038496017,1.0449777841567993,4.465804100036621,-0.002975204959511757,-0.011999140493571758,1.9091343879699707,0.589769404118097
0.0,0,blade_0,blade_0_RotorFlow_OpenVSP_Blade_0,RotorFlow_OpenVSP_Blade_0_segment_18,blade_0_RotorFlow_OpenVSP_Blade_0:RotorFlow_OpenVSP_Blade_0_segment_18:orig:0,orig,0,5.196916580200195,5.196916580200195,5.078330993652344,5.316226005554199,0,0.08333329856395721,0.06496191024780273,-1.8415660858154297,-8.099542617797852,-0.012899160385131836,0.1962745040655136,-4.1060919761657715,0.6804765942308404
0.0,0,blade_0,blade_0_RotorFlow_OpenVSP_Blade_0,RotorFlow_OpenVSP_Blade_0_segment_18,blade_0_RotorFlow_OpenVSP_Blade_0:RotorFlow_OpenVSP_Blade_0_segment_18:orig:0,orig,0,5.196916580200195,5.196916580200195,5.078330993652344,5.316226005554199,1,0.24999988079071045,0.06496194005012512,-0.6463080048561096,-2.842578649520874,0.01938454806804657,0.013841880485415459,-0.35307008028030396,0.6804765942308404
0.0,0,blade_0,blade_0_RotorFlow_OpenVSP_Blade_0,RotorFlow_OpenVSP_Blade_0_segment_18,blade_0_RotorFlow_OpenVSP_Blade_0:RotorFlow_OpenVSP_Blade_0_segment_18:orig:0,orig,0,5.196916580200195,5.196916580200195,5.078330993652344,5.316226005554199,2,0.4166666269302368,0.06496194005012512,-0.23634688556194305,-1.0394960641860962,0.007658545393496752,0.00325360638089478,-0.10520745068788528,0.6804765942308404
0.0,0,blade_0,blade_0_RotorFlow_OpenVSP_Blade_0,RotorFlow_OpenVSP_Blade_0_segment_18,blade_0_RotorFlow_OpenVSP_Blade_0:RotorFlow_OpenVSP_Blade_0_segment_18:orig:0,orig,0,5.196916580200195,5.196916580200195,5.078330993652344,5.316226005554199,3,0.5833333134651184,0.06496194005012512,0.07038392126560211,0.3095611333847046,-0.0021942893508821726,-0.0008159881108440459,0.035854000598192215,0.6804765942308404
0.0,0,blade_0,blade_0_RotorFlow_OpenVSP_Blade_0,RotorFlow_OpenVSP_Blade_0_segment_18,blade_0_RotorFlow_OpenVSP_Blade_0:RotorFlow_OpenVSP_Blade_0_segment_18:orig:0,orig,0,5.196916580200195,5.196916580200195,5.078330993652344,5.316226005554199,4,0.75,0.06496194005012512,0.40599140524864197,1.7856231927871704,-0.010612262412905693,-0.0044346703216433525,0.3045441210269928,0.6804765942308404
0.0,0,blade_0,blade_0_RotorFlow_OpenVSP_Blade_0,RotorFlow_OpenVSP_Blade_0_segment_18,blade_0_RotorFlow_OpenVSP_Blade_0:RotorFlow_OpenVSP_Blade_0_segment_18:orig:0,orig,0,5.196916580200195,5.196916580200195,5.078330993652344,5.316226005554199,5,0.9166666865348816,0.06496194750070572,1.0102823972702026,4.4434027671813965,-0.0025092719588428736,-0.011542001739144325,1.8392473459243774,0.6804765942308404
0.0,0,blade_0,blade_0_RotorFlow_OpenVSP_Blade_0,RotorFlow_OpenVSP_Blade_0_segment_19,blade_0_RotorFlow_OpenVSP_Blade_0:RotorFlow_OpenVSP_Blade_0_segment_19:orig:0,orig,0,5.424272537231445,5.424272537231445,5.305828094482422,5.543415069580078,0,0.08333329111337662,0.06306802481412888,-1.7750874757766724,-8.041600227355957,-0.009425339289009571,0.18772415816783905,-3.924466133117676,0.7711839745855726
0.0,0,blade_0,blade_0_RotorFlow_OpenVSP_Blade_0,RotorFlow_OpenVSP_Blade_0_segment_19,blade_0_RotorFlow_OpenVSP_Blade_0:RotorFlow_OpenVSP_Blade_0_segment_19:orig:0,orig,0,5.424272537231445,5.424272537231445,5.305828094482422,5.543415069580078,1,0.2500000298023224,0.06306802481412888,-0.6223262548446655,-2.8192970752716064,0.014796791598200798,0.013167094439268112,-0.3349115550518036,0.7711839745855726
0.0,0,blade_0,blade_0_RotorFlow_OpenVSP_Blade_0,RotorFlow_OpenVSP_Blade_0_segment_19,blade_0_RotorFlow_OpenVSP_Blade_0:RotorFlow_OpenVSP_Blade_0_segment_19:orig:0,orig,0,5.424272537231445,5.424272537231445,5.305828094482422,5.543415069580078,2,0.4166666567325592,0.06306802481412888,-0.22748060524463654,-1.0305453538894653,0.005840424448251724,0.0030895730014890432,-0.09959850460290909,0.7711839745855726
0.0,0,blade_0,blade_0_RotorFlow_OpenVSP_Blade_0,RotorFlow_OpenVSP_Blade_0_segment_19,blade_0_RotorFlow_OpenVSP_Blade_0:RotorFlow_OpenVSP_Blade_0_segment_19:orig:0,orig,0,5.424272537231445,5.424272537231445,5.305828094482422,5.543415069580078,3,0.5833333134651184,0.06306803971529007,0.0675036832690239,0.3058088719844818,-0.0016663247952237725,-0.0007732532685622573,0.033907126635313034,0.7711839745855726
0.0,0,blade_0,blade_0_RotorFlow_OpenVSP_Blade_0,RotorFlow_OpenVSP_Blade_0_segment_19,blade_0_RotorFlow_OpenVSP_Blade_0:RotorFlow_OpenVSP_Blade_0_segment_19:orig:0,orig,0,5.424272537231445,5.424272537231445,5.305828094482422,5.543415069580078,4,0.75,0.06306803226470947,0.3901704251766205,1.7675715684890747,-0.008119652979075909,-0.004220790695399046,0.2897295653820038,0.7711839745855726
0.0,0,blade_0,blade_0_RotorFlow_OpenVSP_Blade_0,RotorFlow_OpenVSP_Blade_0_segment_19,blade_0_RotorFlow_OpenVSP_Blade_0:RotorFlow_OpenVSP_Blade_0_segment_19:orig:0,orig,0,5.424272537231445,5.424272537231445,5.305828094482422,5.543415069580078,5,0.9166667461395264,0.06306803971529007,0.9708092212677002,4.398013114929199,-0.0018447204492986202,-0.01098472811281681,1.7525638341903687,0.7711839745855726
0.0,0,blade_0,blade_0_RotorFlow_OpenVSP_Blade_0,RotorFlow_OpenVSP_Blade_0_segment_20,blade_0_RotorFlow_OpenVSP_Blade_0:RotorFlow_OpenVSP_Blade_0_segment_20:orig:0,orig,0,5.651628494262695,5.651628494262695,5.533324718475342,5.770605564117432,0,0.08333335816860199,0.06117413565516472,-1.6826335191726685,-7.858753204345703,-0.006027231924235821,0.1737857311964035,-3.631136655807495,0.861891354940305
0.0,0,blade_0,blade_0_RotorFlow_OpenVSP_Blade_0,RotorFlow_OpenVSP_Blade_0_segment_20,blade_0_RotorFlow_OpenVSP_Blade_0:RotorFlow_OpenVSP_Blade_0_segment_20:orig:0,orig,0,5.651628494262695,5.651628494262695,5.533324718475342,5.770605564117432,1,0.25,0.06117410585284233,-0.5868052840232849,-2.740679979324341,0.010594810359179974,0.011935176327824593,-0.30293911695480347,0.861891354940305
0.0,0,blade_0,blade_0_RotorFlow_OpenVSP_Blade_0,RotorFlow_OpenVSP_Blade_0_segment_20,blade_0_RotorFlow_OpenVSP_Blade_0:RotorFlow_OpenVSP_Blade_0_segment_20:orig:0,orig,0,5.651628494262695,5.651628494262695,5.533324718475342,5.770605564117432,2,0.4166666865348816,0.061174120754003525,-0.21364514529705048,-0.9978315830230713,0.004157399293035269,0.0027670557610690594,-0.0890013575553894,0.861891354940305
0.0,0,blade_0,blade_0_RotorFlow_OpenVSP_Blade_0,RotorFlow_OpenVSP_Blade_0_segment_20,blade_0_RotorFlow_OpenVSP_Blade_0:RotorFlow_OpenVSP_Blade_0_segment_20:orig:0,orig,0,5.651628494262695,5.651628494262695,5.533324718475342,5.770605564117432,3,0.5833333134651184,0.061174120754003525,0.06342243403196335,0.2962150573730469,-0.001188318827189505,-0.0006952516851015389,0.03044113703072071,0.861891354940305
0.0,0,blade_0,blade_0_RotorFlow_OpenVSP_Blade_0,RotorFlow_OpenVSP_Blade_0_segment_20,blade_0_RotorFlow_OpenVSP_Blade_0:RotorFlow_OpenVSP_Blade_0_segment_20:orig:0,orig,0,5.651628494262695,5.651628494262695,5.533324718475342,5.770605564117432,4,0.75,0.061174120754003525,0.36669212579727173,1.7126388549804688,-0.005810643080621958,-0.003834236180409789,0.26311057806015015,0.861891354940305
0.0,0,blade_0,blade_0_RotorFlow_OpenVSP_Blade_0,RotorFlow_OpenVSP_Blade_0_segment_20,blade_0_RotorFlow_OpenVSP_Blade_0:RotorFlow_OpenVSP_Blade_0_segment_20:orig:0,orig,0,5.651628494262695,5.651628494262695,5.533324718475342,5.770605564117432,5,0.9166666865348816,0.061174120754003525,0.9148001670837402,4.272582530975342,-0.0015154905850067735,-0.010082575492560863,1.6101016998291016,0.861891354940305
0.0,0,blade_0,blade_0_RotorFlow_OpenVSP_Blade_0,RotorFlow_OpenVSP_Blade_0_segment_21,blade_0_RotorFlow_OpenVSP_Blade_0:RotorFlow_OpenVSP_Blade_0_segment_21:orig:0,orig,0,5.878983974456787,5.878983974456787,5.76082181930542,5.9977946281433105,0,0.083333320915699,0.059280190616846085,-1.4705487489700317,-7.087642192840576,-0.0015609044348821044,0.13892632722854614,-2.9016683101654053,0.9525985450530484
0.0,0,blade_0,blade_0_RotorFlow_OpenVSP_Blade_0,RotorFlow_OpenVSP_Blade_0_segment_21,blade_0_RotorFlow_OpenVSP_Blade_0:RotorFlow_OpenVSP_Blade_0_segment_21:orig:0,orig,0,5.878983974456787,5.878983974456787,5.76082181930542,5.9977946281433105,1,0.2499999850988388,0.05928020551800728,-0.4933517575263977,-2.377819776535034,0.0064314501360058784,0.008662955835461617,-0.21958142518997192,0.9525985450530484
0.0,0,blade_0,blade_0_RotorFlow_OpenVSP_Blade_0,RotorFlow_OpenVSP_Blade_0_segment_21,blade_0_RotorFlow_OpenVSP_Blade_0:RotorFlow_OpenVSP_Blade_0_segment_21:orig:0,orig,0,5.878983974456787,5.878983974456787,5.76082181930542,5.9977946281433105,2,0.416666716337204,0.05928020551800728,-0.1742933988571167,-0.8400462865829468,0.0024238722398877144,0.0018430192722007632,-0.05920093506574631,0.9525985450530484
0.0,0,blade_0,blade_0_RotorFlow_OpenVSP_Blade_0,RotorFlow_OpenVSP_Blade_0_segment_21,blade_0_RotorFlow_OpenVSP_Blade_0:RotorFlow_OpenVSP_Blade_0_segment_21:orig:0,orig,0,5.878983974456787,5.878983974456787,5.76082181930542,5.9977946281433105,3,0.5833333730697632,0.05928019806742668,0.05287260562181473,0.2548314332962036,-0.0007130525773391128,-0.0004705592873506248,0.020585283637046814,0.9525985450530484
0.0,0,blade_0,blade_0_RotorFlow_OpenVSP_Blade_0,RotorFlow_OpenVSP_Blade_0_segment_21,blade_0_RotorFlow_OpenVSP_Blade_0:RotorFlow_OpenVSP_Blade_0_segment_21:orig:0,orig,0,5.878983974456787,5.878983974456787,5.76082181930542,5.9977946281433105,4,0.75,0.05928019806742668,0.30394288897514343,1.464921236038208,-0.003541609738022089,-0.0026878786738961935,0.1844080686569214,0.9525985450530484
0.0,0,blade_0,blade_0_RotorFlow_OpenVSP_Blade_0,RotorFlow_OpenVSP_Blade_0_segment_21,blade_0_RotorFlow_OpenVSP_Blade_0:RotorFlow_OpenVSP_Blade_0_segment_21:orig:0,orig,0,5.878983974456787,5.878983974456787,5.76082181930542,5.9977946281433105,5,0.9166667461395264,0.05928020179271698,0.7786030173301697,3.752652645111084,-0.002018437720835209,-0.007667107041925192,1.225104808807373,0.9525985450530484
